t,idx,x,y,yaw,v,delta_actual,e_psi,e_y,a_cmd,delta_cmd,v_cmd,e2,e3,est_p_ahead
1769859953.9137635,104.0,0.40548738352892244,5.52385077067993,-1.5768437385559082,9.491098404598855e-05,0.0,0.006098270416259766,0.004524884310724154,1.0574567993143162,-0.02015781813866434,0.01,-0.0028670411556959152,0.007105022668838501
1769859953.9885833,104.0,0.40548213330010363,5.523847523752556,-1.5768998861312866,9.162978785071566e-05,-1.1549579035377235,0.006154417991638184,0.004530134702882919,0.9374194120600117,-0.02629464304189538,0.11409515829686083,-0.0029462315142154694,0.0071301646530628204
1769859954.0741806,104.0,0.4054773427435716,5.5238445633688205,-1.5769094228744507,8.873781483287962e-05,-1.5065720701036418,0.006163954734802246,0.004534925408345539,1.0640629381170736,-0.02760120446537115,0.07673453147377328,-0.002759920433163643,0.0069412365555763245
1769859954.181387,104.0,0.40547293818861263,5.523837121357526,-1.5768882036209106,8.873781483287962e-05,-1.5814325253434085,0.006142735481262207,0.004539330337719163,1.2897116213438078,-0.02825527852120185,0.10689611786773151,-0.0027612466365098953,0.006866544485092163
1769859954.2512994,104.0,0.40547514166641935,5.522760141497523,-1.5765694379806519,9.214588496131997e-05,-1.618908208231512,0.005823969841003418,0.00453718139534362,0.8225539727152378,-0.02828227604079916,0.08341627592590499,-0.002708449959754944,0.006857357919216156
1769859954.311201,104.0,0.40548388332361485,5.521277573215384,-1.576284646987915,9.214588496131997e-05,-1.6204550521617596,0.0055391788482666016,0.00452851596537275,0.06748843423599575,-0.02787098578710937,0.01,-0.002708449959754944,0.006857357919216156
1769859954.3723145,104.0,0.40548388332361485,5.521277573215384,-1.5759716033935547,9.79596476799772e-05,-1.5968898564704697,0.00522613525390625,0.00452851596537275,0.09665217458159893,-0.027312660768602615,0.01,-0.0028959661722183228,0.006772942841053009
1769859954.4746807,104.0,0.4054975390453291,5.519127916878559,-1.5759716033935547,9.79596476799772e-05,-1.564900189313469,0.00522613525390625,0.004514973187519691,0.02046148613956535,-0.02711021453348823,0.01,-0.0028881076723337173,0.0066907331347465515
1769859954.53072,105.0,0.4055170889679688,5.51645670270981,-1.5756516456604004,0.0001016699966222687,-1.564900189313469,0.004912614822387695,0.004495567697314783,0.019035501274532414,-0.02632917226547919,0.01,-0.002655334770679474,0.006341040134429932
1769859954.604767,105.0,0.40553626433972845,5.513860830921226,-1.5755144357681274,0.0001016699966222687,-1.5533008744631016,0.004775404930114746,0.004476537139429194,0.015167372600034885,-0.025986504379746325,0.01,-0.002322116866707802,0.005915150046348572
1769859954.658072,105.0,0.40555204151133617,5.511779555209463,-1.5754622220993042,0.00010681872397275474,-1.5085504488848578,0.004723191261291504,0.0044608793322748865,0.015935131558655922,-0.02582509101389248,0.01,-0.002322116866707802,0.005915150046348572
1769859954.7519643,105.0,0.40555204151133617,5.511779555209463,-1.5754176378250122,0.00011648022012087207,-1.4889170252576935,0.004678606986999512,0.0044608793322748865,0.01737572719598545,-0.025736531244196052,0.01,-0.0019069518893957138,0.0053827278316020966
1769859954.8112068,105.0,0.40557332330345597,5.5092351813375755,-1.5753730535507202,0.00011648022012087207,-1.4796687206372672,0.0046340227127075195,0.004439747503962573,0.017375658586677965,-0.02557011081733979,0.01,-0.0023660939186811447,0.006012003868818283
1769859954.8715384,105.0,0.40557332330345597,5.5092351813375755,-1.5753440856933594,0.0005942126592734807,-1.4745946195990112,0.00460505485534668,0.004439747503962573,0.08860373330667343,-0.025512566579005733,0.01,-0.0019481945782899857,0.005157023668289185
1769859954.919865,105.0,0.40557701642084787,5.508675189562981,-1.5753440856933594,0.0005942126592734807,-1.4745946195990112,0.00460505485534668,0.004436087999568728,0.08844004961878521,-0.02549909162860468,0.01,-0.0022947899997234344,0.005169641226530075
1769859954.9739738,105.0,0.40557943613897934,5.508210562882972,-1.5753281116485596,0.0055936214074134676,-1.4650594315153818,0.004589080810546875,0.004433696338594698,0.8304650655451011,-0.025458656896525534,0.042539510364322464,-0.0022947899997234344,0.005169641226530075
1769859955.0347953,105.0,0.40557943613897934,5.508210562882972,-1.5753281116485596,0.009946949509648691,-1.4617623895235454,0.004589080810546875,0.004433696338594698,1.420611216531903,-0.02546046852261553,0.0700889115338416,-0.0021324288100004196,0.00502849742770195
1769859955.101425,106.0,0.4055812521799629,5.507717325433172,-1.5753037929534912,0.009946949509648691,-1.4617623895235454,0.004571795463562012,0.004431910252307103,1.3446332352477974,-0.025420654683812056,0.08687914517199337,-0.0020306389778852463,0.00514182448387146
1769859955.1599467,106.0,0.405583862155912,5.506988149480615,-1.575228214263916,0.009946949509648691,-1.460990331736417,0.004496216773986816,0.004429344875616326,1.3433588509942054,-0.02526091581020554,0.08352558667990383,-0.0020306389778852463,0.00514182448387146
1769859955.229213,106.0,0.405583862155912,5.506988149480615,-1.5750706195831299,0.010259857969309786,-1.4586735922425398,0.004338622093200684,0.004429344875616326,1.381359303759728,-0.02494797806359224,0.0876423184134477,-0.0022935066372156143,0.005219262093305588
1769859955.303442,106.0,0.4055889049591296,5.505877124255682,-1.5750706195831299,0.010259857969309786,-1.4587773907715522,0.004338622093200684,0.004424370763551833,1.3786651512544517,-0.024929725299507655,0.09426293056130364,-0.0022947899997234344,0.005169641226530075
1769859955.3891633,106.0,0.4055994430811415,5.504051896735641,-1.5747718811035156,0.010936380032014546,-1.456496225841899,0.004039883613586426,0.004413947443475104,1.459949326672743,-0.024298125627109656,0.11513036107063715,-0.0019322484731674194,0.004726298153400421
1769859955.4557335,106.0,0.40561674157321576,5.501355684491321,-1.5743523836135864,0.01733793426867094,-1.4473438625600719,0.0036203861236572266,0.004396823062049851,2.2089681783146937,-0.02340374340832078,0.20085386173560943,-0.001673426479101181,0.0045487284660339355
1769859955.5202227,106.0,0.40563924188826855,5.498086127171701,-1.574031114578247,0.01733793426867094,-1.4473438625600719,0.003299117088317871,0.004374541304289771,2.020901989809678,-0.02268546463520974,0.14673422401717695,-0.0016657039523124695,0.0042866915464401245
1769859955.5605948,107.0,0.40566743230465124,5.494260294541998,-1.5736823081970215,0.022598780481647762,-1.4294138504287957,0.0029581785202026367,0.004346617277779925,2.4691057691078915,-0.021906020105142178,0.1727376694774344,-0.0016657039523124695,0.0042866915464401245
1769859955.6179614,107.0,0.40566743230465124,5.494260294541998,-1.5736823081970215,0.028531728352638536,-1.4283680440823008,0.0029581785202026367,0.004346617277779925,2.6745343802792805,-0.02190855623395336,0.12943483893675295,-0.0017789006233215332,0.004632867872714996
1769859955.6468744,107.0,0.4056999984164283,5.490036780800208,-1.5733296871185303,0.028531728352638536,-1.4283680440823008,0.0026055574417114258,0.004314359032316327,2.306924798614497,-0.021088532914720258,0.15480443109204772,-0.0017789006233215332,0.004632867872714996
1769859955.7013767,107.0,0.4056999984164283,5.490036780800208,-1.5727694034576416,0.041791798206152656,-1.39218004851205,0.002045273780822754,0.004314359032316327,2.603264041451567,-0.020309506348604234,0.11095142650464156,-0.001806763932108879,0.004431121051311493
1769859955.7474656,108.0,0.40573722846799765,5.485468609281153,-1.5727694034576416,0.041791798206152656,-1.39218004851205,0.0020537376403808594,0.004277478864390058,2.1358198412975873,-0.019855259099245126,0.15310760963219472,-0.0016799494624137878,0.004315678030252457
1769859955.7969813,108.0,0.4057829168862078,5.480408243086535,-1.572350025177002,0.05287565143028587,-1.3409357221039013,0.001634359359741211,0.004232199318467409,1.9293865687973422,-0.01885286976011369,0.13675510396255824,-0.0016799494624137878,0.004315678030252457
1769859955.8768463,108.0,0.4057829168862078,5.480408243086535,-1.5716902017593384,0.060271572284343766,-1.2997813798908038,0.0009745359420776367,0.004232199318467409,1.5039044836952087,-0.017540029939475003,0.1306968174386157,-0.0016335397958755493,0.004401925951242447
1769859955.954384,109.0,0.4058326095390651,5.475059293910336,-1.5712801218032837,0.067671645622123,-1.2551224979533746,0.0005736351013183594,0.004182964181975042,1.3359762862595195,-0.016560560401551634,0.16892423718559452,-0.001841982826590538,0.004295948892831802
1769859956.0129635,109.0,0.4058901514022432,5.469217101237682,-1.5712801218032837,0.067671645622123,-1.2551224979533746,0.0005736351013183594,0.004125953018497163,1.2585953748263334,-0.016349832243362193,0.15950403949238184,-0.0019294247031211853,0.004461102187633514
1769859956.0880213,110.0,0.40595070353329515,5.463207821406021,-1.5706161260604858,0.06848072384625874,-1.255267807430557,-8.046627044677734e-05,0.004065981989611544,1.2590737247950312,-0.014828964817029246,0.1386658444826509,-0.0019504111260175705,0.004418589174747467
1769859956.1465206,111.0,0.4060143245826814,5.4570846672876,-1.570253849029541,0.06848072384625874,-1.2082839321361911,-0.00043213367462158203,0.004002991379053376,1.2534332210904977,-0.013897901269403502,0.14871495697081555,-0.0019504111260175705,0.004418589174747467
1769859956.2033787,111.0,0.4060143245826814,5.4570846672876,-1.5697910785675049,0.07478482169346853,-1.1636489977691737,-0.0008949041366577148,0.004002991379053376,1.2499722560097521,-0.012978347652435742,0.14463812678893845,-0.0022620968520641327,0.00451529398560524
1769859956.2533693,111.0,0.40607041088766255,5.45159799101736,-1.5697910785675049,0.07478482169346853,-1.1636489977691737,-0.0008949041366577148,0.003947504171615223,1.213074213554254,-0.01277372016922682,0.14127405497327242,-0.0017644409090280533,0.00397888571023941
1769859956.3131433,112.0,0.4061258470237451,5.446345437512585,-1.5695573091506958,0.08240026229100861,-1.1376225475254702,-0.0011173486709594727,0.0038926729840040503,1.208285811101691,-0.012129438325482593,0.13972198019534135,-0.0017644409090280533,0.00397888571023941
1769859956.3719368,112.0,0.4061258470237451,5.446345437512585,-1.569238305091858,0.09141432214720166,-1.0801898689643312,-0.0014363527297973633,0.0038926729840040503,1.1687756177477073,-0.011495467433002301,0.15820497954616336,-0.001421462744474411,0.003105379641056061
1769859956.4293592,112.0,0.4061769983019768,5.441530712972029,-1.569238305091858,0.09141432214720166,-1.0801898689643312,-0.0014363527297973633,0.003842104109407029,1.1443307050394662,-0.011308938528422624,0.14957124681160908,-0.0009261518716812134,0.0023438334465026855
1769859956.480419,113.0,0.4062290925279787,5.43675880530895,-1.5688532590866089,0.11328472608391958,-1.0049696880650225,-0.0018093585968017578,0.0037906142378486664,1.124277735679285,-0.01037781962002243,0.17372836774818626,-0.0009261518716812134,0.0023438334465026855
1769859956.541387,113.0,0.4062290925279787,5.43675880530895,-1.5685527324676514,0.13177421309577625,-0.9488502173803844,-0.0021098852157592773,0.0037906142378486664,1.0574965841336839,-0.009780485993217508,0.18330692074506727,0.00031342171132564545,0.0009563639760017395
1769859956.6050746,113.0,0.40627779191436864,5.432336035820322,-1.5685527324676514,0.13177421309577625,-0.9488502173803844,-0.0021098852157592773,0.0037424997711040307,1.0408996219585869,-0.009602982640045402,0.19249193486978972,0.00032182037830352783,0.0007447488605976105
1769859956.670286,114.0,0.40632889384858595,5.427715472113879,-1.5681824684143066,0.13430766449253784,-0.8496370985637629,-0.0024673938751220703,0.00369203507796344,1.0416199719820687,-0.008706477497722877,0.1978393941221357,0.00027170032262802124,0.0008836239576339722
1769859956.7495663,114.0,0.4063840176697554,5.422647919026292,-1.5678857564926147,0.13556072527164575,-0.79629108682633,-0.002764105796813965,0.003637641691428178,1.0369257676118537,-0.007916331195956845,0.2004543719091339,0.00027170032262802124,0.0008836239576339722
1769859956.811231,114.0,0.4063840176697554,5.422647919026292,-1.5675652027130127,0.1371631725320422,-0.7436045455380879,-0.0030846595764160156,0.003637641691428178,1.0336510233393164,-0.007279315296596558,0.21577829201223847,-1.9684433937072754e-05,0.0009496584534645081
1769859956.8711455,115.0,0.4064422168569747,5.417189071213738,-1.5672496557235718,0.13850045214491005,-0.6949656239143811,-0.0033867359161376953,0.0035802673130299924,1.030198219625534,-0.0064675109689835515,0.1982650570457336,0.00012925826013088226,0.0005065463483333588
1769859956.939859,115.0,0.40649773169429554,5.411849431109476,-1.5672496557235718,0.13850045214491005,-0.6949656239143811,-0.0033867359161376953,0.003525598448590194,1.0290823961874418,-0.006265919571897751,0.19527253534484315,0.0005659516900777817,2.041831612586975e-05
1769859956.9910731,116.0,0.4065562494176008,5.406118306608484,-1.5670039653778076,0.13961787466362882,-0.6586417674411182,-0.0036183595657348633,0.0034680330918519225,1.0275119116784597,-0.005593383886036935,0.20771634968703076,0.000593237578868866,-9.021162986755371e-05
1769859957.0398302,116.0,0.4065562494176008,5.406118306608484,-1.566718578338623,0.13989879544516495,-0.6479544484515044,-0.0039037466049194336,0.0034680330918519225,1.0260214530968284,-0.005026243481085468,0.1868357524022558,0.000593237578868866,-9.021162986755371e-05
1769859957.0795379,116.0,0.40661396224424856,5.400374401976686,-1.566718578338623,0.13991850686959284,-0.6479544484515044,-0.0039037466049194336,0.003411322147507581,1.0258419100197385,-0.004817168452989916,0.18738434752383265,0.00048130378127098083,2.3875385522842407e-05
1769859957.1340387,117.0,0.40667214809765867,5.394458835043835,-1.566468596458435,0.13991850686959284,-0.5603805689981803,-0.004138827323913574,0.0033542191537235073,1.0258358939297945,-0.004139473234430051,0.17671947538592697,0.00048130378127098083,2.3875385522842407e-05
1769859957.205969,117.0,0.40667214809765867,5.394458835043835,-1.566468596458435,0.14254244845999214,-0.5502103760119985,-0.004138827323913574,0.0033542191537235073,1.0218451179299064,-0.00413942676255409,0.19466276098486743,0.00014159828424453735,0.0004363059997558594
1769859957.27678,118.0,0.4067332991684946,5.388173050489817,-1.566178560256958,0.14254244845999214,-0.5502103760119985,-0.0044133663177490234,0.0032942770855444318,1.0193694076771167,-0.0033728938858402805,0.2134517807023633,0.00017475150525569916,0.0003158263862133026
1769859957.3326862,118.0,0.4067931105684689,5.381991216325774,-1.5659468173980713,0.1456836323978486,-0.4535723667560787,-0.004645109176635742,0.0032357150282261347,1.0148028339412576,-0.0026964452542745394,0.21293715034555805,0.00017475150525569916,0.0003158263862133026
1769859957.3812096,118.0,0.4067931105684689,5.381991216325774,-1.5656980276107788,0.14753783168470008,-0.4170740442400038,-0.004893898963928223,0.0032357150282261347,1.0089307667706062,-0.0022020130617947486,0.19677099860958364,0.0012760981917381287,-0.0009550787508487701
1769859957.4419804,119.0,0.40685481096453885,5.375505063343811,-1.5656980276107788,0.14753783168470008,-0.4170740442400038,-0.004877686500549316,0.0031753916693734075,1.0075770070548546,-0.002011837651568656,0.18917075956466844,0.0011762268841266632,-0.0006839334964752197
1769859957.5098794,119.0,0.40691655547025707,5.368923924641665,-1.5654937028884888,0.14753783168470008,-0.35901074623816076,-0.0050820112228393555,0.0031151155881287804,1.0077215715618277,-0.0013835648494541187,0.20499590192448508,0.0011762268841266632,-0.0006839334964752197
1769859957.5692573,119.0,0.40691655547025707,5.368923924641665,-1.5652821063995361,0.15294575564959867,-0.32047728986639984,-0.005293607711791992,0.0031151155881287804,0.9991510234972394,-0.0009630437083923229,0.2178093976357398,0.0014174170792102814,-0.0009108260273933411
1769859957.6299202,120.0,0.4069818152230525,5.361801289287495,-1.5652821063995361,0.16570347706154265,-0.32047728986639984,-0.0052765607833862305,0.0030515282831460357,0.973436319736736,-0.0007624753725833665,0.21096684185387432,0.001321643590927124,-0.0007821843028068542
1769859957.6872098,121.0,0.4070392662869806,5.3553286806527725,-1.565152883529663,0.16570347706154265,-0.27600342155988605,-0.005388140678405762,0.002995673966085551,0.9617499694556977,-0.0003347910551882726,0.21359694266876667,0.001321643590927124,-0.0007821843028068542
1769859957.7408137,121.0,0.4070392662869806,5.3553286806527725,-1.5650303363800049,0.17529909688839732,-0.23717434574020996,-0.005510687828063965,0.002995673966085551,0.9470665973300957,-9.121193532381087e-05,0.2200742169204136,0.002162899821996689,-0.0016579478979110718
1769859957.7973516,122.0,0.4071017079261955,5.348180395356433,-1.5650303363800049,0.17529909688839732,-0.23717434574020996,-0.0054923295974731445,0.0029350836738666376,0.9383167966625425,9.566287675292047e-05,0.21796346613972248,0.0022000279277563095,-0.0018985681235790253
1769859957.8566043,122.0,0.4071594224369569,5.341352832587192,-1.5648976564407349,0.17962115332820885,-0.19325258440412818,-0.005625009536743164,0.002879225711754025,0.9317358785175521,0.0005652891497843288,0.23001565846111716,0.0022000279277563095,-0.0018985681235790253
1769859957.9273424,122.0,0.4071594224369569,5.341352832587192,-1.564795732498169,0.18084770633564254,-0.1544949327580112,-0.005726933479309082,0.002879225711754025,0.9257936874444215,0.0007678689404280734,0.2332053364511376,0.0026597287505865097,-0.0024527013301849365
1769859958.0009904,123.0,0.4072172008400602,5.334386702764463,-1.5647255182266235,0.18449911390231347,-0.12616605487351923,-0.005778074264526367,0.002823432838909267,0.9185421849600828,0.0010751385436169544,0.2449899525976296,0.002603946253657341,-0.0024903789162635803
1769859958.0592804,124.0,0.40726658618665895,5.328213365283394,-1.5647255182266235,0.1882137303337179,-0.07927242655637412,-0.0057582855224609375,0.002775886043128454,0.9087517909622876,0.0012110785052649492,0.25242255246655493,0.0032655224204063416,-0.0032551027834415436
1769859958.099632,124.0,0.40731991998145645,5.321327633957749,-1.564643144607544,0.1882137303337179,-0.07927242655637412,-0.005840659141540527,0.002724692644993921,0.9060325643088577,0.0015635286712259154,0.2379101404520345,0.0032655224204063416,-0.0032551027834415436
1769859958.158258,124.0,0.40731991998145645,5.321327633957749,-1.5645993947982788,0.18886844072790498,-0.05517833997750768,-0.005884408950805664,0.002724692644993921,0.9050818177676571,0.0016504936874818426,0.22300162154948355,0.0034280158579349518,-0.0033049583435058594
1769859958.2234652,125.0,0.407372239777397,5.314306673329787,-1.5645993947982788,0.18963665947826547,-0.043686620831691864,-0.0058640241622924805,0.0026746550234038216,0.9031036690129443,0.0017782403834321879,0.23627296340048703,0.003318004310131073,-0.0036040320992469788
1769859958.3002071,126.0,0.40742618248300894,5.306817269869761,-1.564555048942566,0.18963665947826547,-0.043686620831691864,-0.005887150764465332,0.002623260517591418,0.9025494276182018,0.002002523834460101,0.24310184366254817,0.004861271008849144,-0.0050140321254730225
1769859958.3556628,127.0,0.40748328565927194,5.298587435717687,-1.564539909362793,0.19077673296100395,-0.005226058935274593,-0.0058803558349609375,0.0025690963765459115,0.9004545733772734,0.00218196561826285,0.25609381587434116,0.004551783204078674,-0.00497649610042572
1769859958.409709,127.0,0.40748328565927194,5.298587435717687,-1.5645358562469482,0.19179684643775732,0.005481079094022501,-0.005884408950805664,0.0025690963765459115,0.897633198465452,0.0021895249954896777,0.23891339538312634,0.004551783204078674,-0.00497649610042572
1769859958.4776115,127.0,0.4075421137891563,5.289864267435431,-1.5645358562469482,0.19255683088069142,0.03238868248718067,-0.005884408950805664,0.00251354652659245,0.8954785006033035,0.002394318287777042,0.23846930184076948,0.005806315690279007,-0.0056395381689071655
1769859958.5410683,128.0,0.40759342147564553,5.282039462373085,-1.5645358562469482,0.19255683088069142,0.03238868248718067,-0.005861878395080566,0.0024653294098323725,0.894950345943496,0.00252499168433157,0.25074081682550947,0.006245803087949753,-0.006218232214450836
1769859958.6092644,128.0,0.40759342147564553,5.282039462373085,-1.5645469427108765,0.19317360206152656,0.06160090094109346,-0.005850791931152344,0.0024653294098323725,0.8938241482156949,0.0025020684218856203,0.2474759831363677,0.006245803087949753,-0.006218232214450836
1769859958.676248,129.0,0.40764547898436226,5.273805627754435,-1.5645469427108765,0.19625331954030728,0.06938968701069384,-0.005814075469970703,0.0024167443680154664,0.8874859172427931,0.002609792126931909,0.25402459219598506,0.006266634911298752,-0.006168588995933533
1769859958.7524157,130.0,0.4076937453933672,5.2659281831186675,-1.5645785331726074,0.19625331954030728,0.09456632240569385,-0.005747437477111816,0.0023720280833242264,0.8851114359971317,0.002645936325594002,0.2534625311728896,0.005746915936470032,-0.0053086057305336
1769859958.8055177,131.0,0.407736437333688,5.2587484478633595,-1.564613699913025,0.20109217672429996,0.09456632240569385,-0.005678772926330566,0.002332759124994533,0.8760390225314497,0.002660865773838913,0.26493730009384314,0.005715737119317055,-0.005431778728961945
1769859958.8579128,131.0,0.4077757296604626,5.251903262538647,-1.5646493434906006,0.20511743393465495,0.1018856689303896,-0.005643129348754883,0.002296890920163337,0.8643788029778158,0.002720080265480484,0.24780195714288478,0.005715737119317055,-0.005431778728961945
1769859958.9143696,131.0,0.4077757296604626,5.251903262538647,-1.5646493434906006,0.21073929797037022,0.1147361640889181,-0.005643129348754883,0.002296890920163337,0.8505550597289994,0.0027201189615856233,0.2531370232086412,0.0059987083077430725,-0.00563783198595047
1769859958.981053,132.0,0.40781811641749693,5.2442871283607975,-1.564709186553955,0.21073929797037022,0.1147361640889181,-0.005551338195800781,0.0022584919016708006,0.8465068216215553,0.002690766072466493,0.25645159149435354,0.0064025502651929855,-0.005569443106651306
1769859959.0632238,133.0,0.40785924193460377,5.236477781644278,-1.564798355102539,0.21916571564470066,0.12545054137995915,-0.0054318904876708984,0.0022216425580564433,0.8299824884794986,0.0026010240669685093,0.27209948383800897,0.007074754685163498,-0.005493439733982086
1769859959.1225696,134.0,0.4079026929833405,5.227838357910076,-1.5648778676986694,0.22393221013345074,0.1371843327006142,-0.00532376766204834,0.00218313424631138,0.8137721725074826,0.0025422474776949718,0.28863579608093226,0.007074754685163498,-0.005493439733982086
1769859959.1842606,134.0,0.4079026929833405,5.227838357910076,-1.5649933815002441,0.2241522720931586,0.144671366817828,-0.005208253860473633,0.00218313424631138,0.8104913387983264,0.002309369461548802,0.2704665432116008,0.008160054683685303,-0.006823897361755371
1769859959.2352986,135.0,0.40794753233823167,5.21859745362031,-1.5649933815002441,0.22598978744961268,0.144671366817828,-0.0051811933517456055,0.0021438167109382503,0.8067679219386242,0.0024202070328205086,0.2736029562435292,0.008383974432945251,-0.006469186395406723
1769859959.3230927,136.0,0.4079956616252793,5.208312373414064,-1.5651228427886963,0.22598978744961268,0.14953007427966883,-0.00502622127532959,0.0021021034501225557,0.8054805538101207,0.002284443822488229,0.2649352334332684,0.008360441774129868,-0.006393536925315857
1769859959.3910975,137.0,0.4080407398695821,5.198356215670991,-1.5651962757110596,0.2289036407002989,0.15160098431688915,-0.004928946495056152,0.0020634915500830136,0.7994820105053082,0.0022539243524512973,0.29488376468187305,0.008360441774129868,-0.006393536925315857
1769859959.4521554,137.0,0.4080407398695821,5.198356215670991,-1.5653564929962158,0.23044311262148343,0.15245637869178155,-0.004768729209899902,0.0020634915500830136,0.7942025152598364,0.0019314139684179265,0.27459844297807096,0.007732748985290527,-0.006084799766540527
1769859959.5200765,138.0,0.40808585196607067,5.1878854566491155,-1.5653564929962158,0.23044311262148343,0.15245637869178155,-0.004746556282043457,0.002025433422819742,0.7933115994126554,0.0020541823114261326,0.27520030960267833,0.007253341376781464,-0.004139505326747894
1769859959.5894673,139.0,0.4081290044970233,5.1774605707782975,-1.565510869026184,0.2312607552393724,0.1558513362723643,-0.00457155704498291,0.0019895439891471907,0.7916471151461372,0.0018629815056824075,0.278505110773027,0.006696157157421112,-0.004568658769130707
1769859959.646309,140.0,0.4081698620142027,5.167196664127275,-1.5655920505523682,0.23311648537981244,0.15416953960932267,-0.004471302032470703,0.0019560535127004825,0.7871555986937948,0.0018132959869813369,0.28624507423398793,0.006696157157421112,-0.004568658769130707
1769859959.7031507,140.0,0.4081698620142027,5.167196664127275,-1.5656898021697998,0.23557155331019336,0.14902770144924837,-0.0043735504150390625,0.0019560535127004825,0.7807075990166594,0.0016144743368213112,0.2768343759299203,0.0069939736276865005,-0.005164057016372681
1769859959.7511418,141.0,0.4082059196918772,5.157773897267617,-1.5656898021697998,0.23557155331019336,0.14902770144924837,-0.0043561458587646484,0.0019269331273881094,0.7791439495642932,0.0017196730439433211,0.2779428406636894,0.006952628493309021,-0.005547471344470978
1769859959.8049986,142.0,0.4082409426330272,5.148436007567101,-1.5657787322998047,0.23838194029259868,0.1323171234831458,-0.0042514801025390625,0.0018989355409893857,0.7732379877555442,0.0016444628578897304,0.27333662214359894,0.006952628493309021,-0.005547471344470978
1769859959.8445961,142.0,0.4082409426330272,5.148436007567101,-1.5658587217330933,0.2404863905440082,0.1323171234831458,-0.004171490669250488,0.0018989355409893857,0.7668098036990879,0.0014808184831803179,0.27967074914954304,0.006502656266093254,-0.0020264089107513428
1769859959.918003,142.0,0.40826976169013085,5.140448328018827,-1.5658587217330933,0.2404863905440082,0.13088898956330855,-0.004171490669250488,0.0018762349801914762,0.7655631206615796,0.0015645310221767685,0.26877093021187215,0.00517609529197216,0.0001081228256225586
1769859959.980477,143.0,0.40829570327815323,5.132988028743476,-1.5659449100494385,0.24181571249963857,0.12914035273721639,-0.00407099723815918,0.0018560910314506759,0.7627722327495142,0.0014750793639986034,0.2945586623941257,0.00517609529197216,0.0001081228256225586
1769859960.0434527,143.0,0.40829570327815323,5.132988028743476,-1.5660653114318848,0.24311951581809677,0.11066186888296085,-0.003950595855712891,0.0018560910314506759,0.7590640795090959,0.0012311069942000435,0.2886631361796682,0.004337618127465248,0.004760861396789551
1769859960.087216,144.0,0.4083232084141559,5.1249149943241665,-1.5660653114318848,0.24311951581809677,0.11066186888296085,-0.003938078880310059,0.001834942197536868,0.7582867053617006,0.0013218635723266192,0.2860970095537175,0.004449905827641487,0.004511624574661255
1769859960.134574,145.0,0.4083525236236702,5.11616952450108,-1.566192388534546,0.24920563845262933,0.10674097758652934,-0.003800034523010254,0.0018125998925133937,0.7450608154339254,0.0011644903002478375,0.27957630130290284,0.004449905827641487,0.004511624574661255
1769859960.2016282,145.0,0.4083525236236702,5.11616952450108,-1.5662999153137207,0.2573553023157355,0.09250256563204365,-0.0036925077438354492,0.0018125998925133937,0.7230434340761014,0.0009461718183555227,0.2898800725368354,0.004243161529302597,0.007612958550453186
1769859960.2594297,146.0,0.4083854954590372,5.106190858575834,-1.5662999153137207,0.2573553023157355,0.09250256563204365,-0.0036830902099609375,0.0017876813747263226,0.7180970046504299,0.0010602281018218163,0.2970985942122045,0.0035287998616695404,0.008806552737951279
1769859960.3246064,147.0,0.4084208281145726,5.095431801422021,-1.566415786743164,0.2614436384685789,0.09853000756036766,-0.0035594701766967773,0.0017611304635357353,0.7092982474125888,0.000950274606403114,0.30020988010059213,0.0035287998616695404,0.008806552737951279
1769859960.390669,147.0,0.4084208281145726,5.095431801422021,-1.5664923191070557,0.26313166669377275,0.09422078132310321,-0.0034829378128051758,0.0017611304635357353,0.7029479737400895,0.0007936591855783187,0.30707479763295364,0.0033204779028892517,0.011891048401594162
1769859960.4375558,148.0,0.40845671819398943,5.084449965589798,-1.5664923191070557,0.26400446992180826,0.09422078132310321,-0.003476738929748535,0.0017342890213304536,0.700139868400319,0.000924274597807515,0.30692590911220485,0.003849426284432411,0.012759890407323837
1769859960.4928203,149.0,0.4084895097886365,5.074332443627485,-1.5665593147277832,0.26400446992180826,0.08964102448801745,-0.0034052133560180664,0.0017098916852153242,0.6996879371728383,0.0009130790663015271,0.29509411947392167,0.004943473264575005,0.010370615869760513
1769859960.5441048,150.0,0.4085198297011142,5.064889644964174,-1.5666242837905884,0.265094756620468,0.08451582200396168,-0.003337264060974121,0.0016874410758361796,0.6972350692299728,0.0009034025674430019,0.29549027347822604,0.004943473264575005,0.010370615869760513
1769859960.6131942,150.0,0.4085198297011142,5.064889644964174,-1.5666242837905884,0.265094756620468,0.08451582200396168,-0.003337264060974121,0.0016874410758361796,0.6965947951387885,0.0008991440240501896,0.29313573043076835,0.006181627511978149,0.008483819663524628
1769859960.6773307,151.0,0.4085465108715603,5.056470996220946,-1.5666863918304443,0.2656453135500608,0.07573720378640132,-0.0032738447189331055,0.00166779278550109,0.6953880403656552,0.0008939744343050657,0.30984235992834813,0.004750534892082214,0.013531830161809921
1769859960.7236805,152.0,0.4085727111534353,5.04806493532934,-1.5667729377746582,0.2661339704094697,0.06672037948812312,-0.00318753719329834,0.001648620943392663,0.6939605713132327,0.0008388868141815217,0.3048041637500198,0.004750534892082214,0.013531830161809921
1769859960.7775009,152.0,0.4085727111534353,5.04806493532934,-1.5667729377746582,0.26651762536767276,0.06672037948812312,-0.00318753719329834,0.001648620943392663,0.6928138294016611,0.000834874964028519,0.29665350332919566,0.007045647129416466,0.01017758995294571
1769859960.8451514,152.0,0.4085972405989377,5.040115779402889,-1.566831111907959,0.26651762536767276,0.06074659555555658,-0.0031293630599975586,0.0016307348489732645,0.6926080914270754,0.0007852446729372657,0.30255870794506595,0.006383752450346947,0.012140367180109024
1769859960.9006124,153.0,0.40862038244953974,5.032534741233392,-1.566870093345642,0.26722660670971143,0.054446724325353905,-0.0030922889709472656,0.001613918356449443,0.6910119980733771,0.0008249305830457934,0.30883819814452046,0.006383752450346947,0.012140367180109024
1769859960.9652052,153.0,0.40862038244953974,5.032534741233392,-1.5669108629226685,0.2677811894384125,0.04547332170542784,-0.0030515193939208984,0.001613918356449443,0.6893241156407632,0.0007400291621042706,0.3042571700830614,0.006480172276496887,0.01459023728966713
1769859961.027725,154.0,0.4086432784916399,5.0250060593281685,-1.5669108629226685,0.2677811894384125,0.04547332170542784,-0.003054976463317871,0.001597286947414559,0.6890549320013691,0.0008610214709270164,0.3105951118028565,0.007730273529887199,0.010490521788597107
1769859961.1045017,155.0,0.40866927898182964,5.016484316555275,-1.566990613937378,0.2698627221979554,0.05231557686082337,-0.002980351448059082,0.0015783482489875797,0.6843039635502606,0.0008330753801625431,0.3087244219216412,0.008011041209101677,0.008884835988283157
1769859961.161717,156.0,0.4086940983478805,5.008378184361203,-1.5670381784439087,0.27253287945543925,0.051761154315766715,-0.002939462661743164,0.0015602087760620167,0.6769660405873601,0.0008708662803835692,0.3169664908502403,0.009363099932670593,0.007698468863964081
1769859961.231637,156.0,0.4086940983478805,5.008378184361203,-1.5670833587646484,0.27340890592998013,0.051517157752485256,-0.002894282341003418,0.0015602087760620167,0.6734744382357563,0.0007776304820887011,0.3100874805997598,0.009363099932670593,0.007698468863964081
1769859961.285013,156.0,0.4087195929159428,5.00004784308098,-1.5671086311340332,0.27608959603520866,0.05122096207827554,-0.0028690099716186523,0.001541531610158634,0.6668362353159639,0.0007963305810392548,0.32076215976545347,0.011612633243203163,-0.0006840229034423828
1769859961.3390336,157.0,0.40874546180169596,4.991572066226331,-1.5671086311340332,0.28056444176370104,0.05122096207827554,-0.002877354621887207,0.0015225404403214518,0.6549333342294734,0.000940245335280368,0.31093231442488206,0.010766994208097458,0.0009411796927452087
1769859961.42092,158.0,0.4087711809606147,4.983106493710533,-1.5671536922454834,0.28056444176370104,0.04783481185997056,-0.0028421878814697266,0.0015036219717775336,0.652571200192921,0.000995588154541354,0.31014645884626846,0.010596463456749916,0.003661222755908966
1769859961.5048463,159.0,0.4087956648740129,4.97491824913399,-1.5672003030776978,0.2829818648253126,0.04499120564443602,-0.002807140350341797,0.0014856412196541835,0.6470667883630676,0.0010493945512829001,0.33358394203531927,0.011050451546907425,0.0019485950469970703
1769859961.5754578,160.0,0.4088204537249144,4.966506844730896,-1.5672481060028076,0.2840633466850835,0.04726504079979022,-0.0027724504470825195,0.0014674469272942616,0.6432517752105829,0.0011064218182165202,0.3355910727855587,0.010305536910891533,0.004408791661262512
1769859961.645622,160.0,0.4088204537249144,4.966506844730896,-1.5672978162765503,0.2854196765310264,0.042400547705177344,-0.0027227401733398438,0.0014674469272942616,0.6395196779419596,0.0010047553825995998,0.3288562910091628,0.010305536910891533,0.004408791661262512
1769859961.7182705,161.0,0.4088450341980045,4.958056053604031,-1.56734037399292,0.28610966232067386,0.049332896354264154,-0.002694845199584961,0.0014493947007767048,0.6372762301440626,0.0010794125191793754,0.3287907044696856,0.008645821362733841,0.00840982049703598
1769859961.7675347,162.0,0.4088698507051509,4.949484432159143,-1.56734037399292,0.2866799268216781,0.049332896354264154,-0.002711176872253418,0.0014310902973196208,0.6356844025899834,0.0012417290788688889,0.3311599086077661,0.008120393380522728,0.008276183158159256
1769859961.8558261,162.0,0.4088947671099774,4.940771857522239,-1.567379117012024,0.2866799268216781,0.04455494464440613,-0.002672433853149414,0.001412669696443571,0.6353786987450631,0.001230087233942728,0.31634181148394286,0.008120393380522728,0.008276183158159256
1769859961.9020507,163.0,0.4089175863853959,4.932708162690409,-1.5674140453338623,0.28776448145363814,0.04455494464440613,-0.002655506134033203,0.0013975745127935899,0.6329398604361809,0.001318921030885947,0.3415449270391916,0.007815228775143623,0.011207923293113708
1769859961.9685385,163.0,0.4089175863853959,4.932708162690409,-1.5674490928649902,0.28940604143976645,0.04562638139074988,-0.0026204586029052734,0.0013975745127935899,0.6284239402506046,0.0012468140048093373,0.3168309975934671,0.007815228775143623,0.011207923293113708
1769859962.0286622,164.0,0.40893841748870957,4.925239465053259,-1.5674930810928345,0.29142156659725743,0.053872089418428123,0.007359027862548828,0.0014243061399196453,0.6221216566104066,-0.01860815138210541,0.3311721701503052,0.006877802312374115,0.01312827318906784
1769859962.1143365,165.0,0.40895969658079495,4.917457771389961,-1.5674930810928345,0.2929365545626773,0.05704299938843795,0.017297863960266113,0.0015118312516095923,0.6174693581998991,-0.03867323638977822,0.32805129080130735,0.0069017913192510605,0.01227627694606781
1769859962.1799226,166.0,0.40898391346631857,4.908419612031148,-1.5675548315048218,0.2929365545626773,0.05704299938843795,0.027301669120788574,0.0016898924669343162,0.6167681548114632,-0.05917496631562365,0.3340024840445968,0.006186719983816147,0.014888584613800049
1769859962.2640944,167.0,0.4090094519056898,4.898690515876902,-1.5676155090332031,0.29441472538263846,0.05756824286600934,0.03730762004852295,0.0019732436624305067,0.613258403871875,-0.08003035642220857,0.33042971381497915,0.007600657641887665,0.015247806906700134
1769859962.3204246,168.0,0.40903681305454154,4.888016614969579,-1.5676844120025635,0.2965204888917743,0.05756824286600934,0.04732513427734375,0.002393428450835134,0.607446920070984,-0.10135767663041578,0.34340955912659316,0.007676148787140846,0.01109418272972107
1769859962.3917377,169.0,0.40906608393576427,4.876247514811671,-1.5677498579025269,0.2979337049723497,0.06184578170256223,0.057342529296875,0.0029892860755329747,0.6030325558775289,-0.12325674955309893,0.3303201296340853,0.007676148787140846,0.01109418272972107
1769859962.4612513,170.0,0.4090944025729174,4.864566248294845,-1.56781804561615,0.2983913028109222,0.07114583551785467,0.06736576557159424,0.003717776505779019,0.6012847521069306,-0.14555935506718273,0.339502207249706,0.009113634005188942,0.009337399154901505
1769859962.5193243,170.0,0.4090944025729174,4.864566248294845,-1.5678837299346924,0.302078533306711,0.07047880693783985,0.06743144989013672,0.003717776505779019,0.591915556873244,-0.1456328403417248,0.3397378069545667,0.009444616734981537,0.013712204992771149
1769859962.5801039,171.0,0.4091211216600061,4.853134653679652,-1.5678837299346924,0.3076153857521674,0.07556860858080847,0.07738995552062988,0.00456296119018458,0.5767933997503198,-0.16817505450984555,0.3396527404010037,0.008793501183390617,0.0174952931702137
1769859962.6716237,172.0,0.4091451838108813,4.8424906031029415,-1.5679328441619873,0.3076153857521674,0.07556860858080847,0.08740079402923584,0.00546723558224591,0.5741747351913361,-0.19084655911234466,0.3398740283836106,0.006756609305739403,0.030468571931123734
1769859962.726117,173.0,0.4091688005958051,4.831530314255872,-1.568021535873413,0.3107254085187996,-1.0661685387351696,0.09745442867279053,0.006516637448937098,0.5666465148430169,-0.2139714054858082,0.3606585603532967,0.007320219650864601,0.025536462664604187
1769859962.781532,173.0,0.4091688005958051,4.831530314255872,-1.5681159496307373,0.3117371747008634,-2.2158132252460447,0.09754884243011475,0.006516637448937098,0.562398531243101,-0.2140604256539613,0.3362446565499202,0.007320219650864601,0.025536462664604187
1769859962.8604543,174.0,0.40919140076374383,4.821424327085443,-1.5681159496307373,0.3118446749441388,-3.390475822714046,0.10751712322235107,0.007588452417540388,0.5620142556513376,-0.23701483373259066,0.34162967355593654,0.008051186800003052,0.03001474216580391
1769859962.9174118,175.0,0.40923670625784264,4.811469586123495,-1.5676273107528687,0.3123106718811559,-3.390475822714046,0.11700010299682617,0.00871958197621372,0.5607871589504253,-0.25897401870277437,0.35501270883410563,0.008325569331645966,0.034237124025821686
1769859962.994446,176.0,0.4093264925814341,4.802044786225663,-1.5666091442108154,0.3123106718811559,-5.8073670921746,0.12595677375793457,0.009833641229920184,0.5605392849085379,-0.2796950462253883,0.34101865402324383,0.00863566156476736,0.03770846128463745
1769859963.0717158,177.0,0.4094761897905819,4.792389822151874,-1.564589023590088,0.3127412430466185,-7.062091545893564,0.13391470909118652,0.011007975569817289,0.5594586448712755,-0.29858062520299283,0.3494722297207908,0.007683802396059036,0.043501999229192734
1769859963.1278358,177.0,0.4094761897905819,4.792389822151874,-1.560225248336792,0.31305366527482925,-8.339936713995764,0.12955093383789062,0.011007975569817289,0.5581814754458752,-0.2903733146373648,0.35464102673752,0.007683802396059036,0.043501999229192734
1769859963.1887395,178.0,0.4098115084139766,4.782688457441263,-1.560225248336792,0.3144847535163622,-8.344147110083385,0.13953232765197754,0.012096988198419662,0.5547558159060388,-0.31273926653563366,0.3418509880205505,0.0065632350742816925,0.053921833634376526
1769859963.2383924,179.0,0.41024839283063985,4.773101445128464,-1.554957628250122,0.3144847535163622,-8.344147110083385,0.14424943923950195,0.013159655571056023,0.5540671225805349,-0.32495165517437113,0.3463653461396481,0.007023973390460014,0.06040331348776817
1769859963.2993598,179.0,0.41024839283063985,4.773101445128464,-1.5498234033584595,0.31616142823836213,-10.934702371731332,0.13911521434783936,0.013159655571056023,0.5496437587546449,-0.31546985680550393,0.3419693554189816,0.007023973390460014,0.06040331348776817
1769859963.368595,180.0,0.4108339967129617,4.763369960366396,-1.5498234033584595,0.31728889927834436,-12.2596584708192,0.149103045463562,0.014190458388195404,0.546325547436142,-0.33738578758351195,0.34580114430329467,0.006651807576417923,0.06257574260234833
1769859963.4273932,181.0,0.4115292738897267,4.753764228174665,-1.5451712608337402,0.31728889927834436,-12.2596584708192,0.1544421911239624,0.015183870258432534,0.5458128238360778,-0.35034382505241324,0.35366194152268293,0.006227884441614151,0.06765782833099365
1769859963.4815793,182.0,0.4124428093535141,4.74368364502096,-1.537402868270874,0.31868631338545744,-13.579949654872381,0.1566683053970337,0.01614347144985905,0.5423003228417544,-0.3575316127053971,0.34395562507488014,0.006227884441614151,0.06765782833099365
1769859963.5360768,182.0,0.4124428093535141,4.74368364502096,-1.537402868270874,0.3201405181653767,-13.579949654872381,0.1566683053970337,0.01614347144985905,0.5377988201459374,-0.3574939600440766,0.3479266999299139,0.00845731794834137,0.06919537484645844
1769859963.6279552,183.0,0.41348996034779206,4.7341651982425486,-1.5279510021209717,0.3201405181653767,-16.025345699431217,0.15721416473388672,0.016960850207345314,0.5373936861301156,-0.36121170308776535,0.3479691897703584,0.008703907951712608,0.07170943915843964
1769859963.695461,184.0,0.4149600585324983,4.723135502674717,-1.5146890878677368,0.3217178987612155,-17.107409668508947,0.15395331382751465,0.01776953929995429,0.5334194457372851,-0.35801086749941524,0.35886455103716414,0.00859401747584343,0.07400903105735779
1769859963.8029478,184.0,0.4149600585324983,4.723135502674717,-1.5076606273651123,0.32271904280602004,-16.637165411945336,0.14692485332489014,0.01776953929995429,0.532254067205569,-0.3536519869820457,0.350787509079089,0.00871444121003151,0.07680261135101318
1769859963.8780367,186.0,0.41855712104257137,4.701246848393228,-1.4978306293487549,0.32271904280602004,-17.91864006050875,0.15710675716400146,0.019073167612022865,0.5301721204558992,-0.3680600624951947,0.37821218397516465,0.007729662582278252,0.07880668342113495
1769859963.9856312,186.0,0.41855712104257137,4.701246848393228,-1.4793299436569214,0.3229078653278542,-18.618358387281926,0.13860607147216797,0.019073167612022865,0.529996093094996,-0.3624646077023635,0.3613938620667957,0.005395596846938133,0.08394289016723633
1769859964.0816205,189.0,0.42353219520147434,4.677586514302592,-1.4671392440795898,0.32313796338819867,-18.075091358551806,0.15645790100097656,0.01997521540610434,0.5287231313977709,-0.36981368801367487,0.3787149140597374,0.005395596846938133,0.08394289016723633
1769859964.1845741,190.0,0.42660021034192175,4.665419557252718,-1.4424858093261719,0.3236183492382019,-20.073222553972958,0.14182519912719727,0.020172349232644483,0.5279718814890336,-0.35725932172700636,0.3729855549596117,0.003011675551533699,0.0889686793088913
1769859964.2677813,191.0,0.43013650253777386,4.652186679060584,-1.427756905555725,0.32484667757179875,-20.485052450525174,0.13712024688720703,0.02037160131553216,0.5240150018110655,-0.3362257934683932,0.37725712309261594,0.0013897810131311417,0.0891171246767044
1769859964.3295364,193.0,0.4339791401742869,4.638873993745916,-1.4081984758377075,0.32580896513205954,-20.485052450525174,0.13761961460113525,0.02048646490828248,0.5209187825830092,-0.33739479309073056,0.3658684916717112,0.0035285726189613342,0.09136815369129181
1769859964.3843663,194.0,0.43807145293910066,4.625799747161642,-1.3891927003860474,0.32634778743071957,-20.482895111944075,0.12864768505096436,0.0204809805039433,0.51915571340523,-0.3210048143264793,0.3564556461723706,0.002934776246547699,0.09294255077838898
1769859964.4425247,194.0,0.43807145293910066,4.625799747161642,-1.3789465427398682,0.3271408202571414,-20.69590609766156,0.11840152740478516,0.0204809805039433,0.5176060966624645,-0.30776569461084424,0.3481492424119323,0.002934776246547699,0.09294255077838898
1769859964.486201,195.0,0.44215969209014283,4.613492161696563,-1.3789465427398682,0.3275363555726676,-20.69590609766156,0.12843871116638184,0.0204215685596456,0.5156946981097683,-0.3203845169657238,0.35608968094587035,0.002901865169405937,0.09565499424934387
1769859964.5486794,196.0,0.4462727680002968,4.6020717616257665,-1.3619526624679565,0.3275363555726676,-20.26276627048675,0.12148523330688477,0.020213463915105697,0.5154229013576649,-0.30684880028821176,0.3487927527687801,0.004617106169462204,0.09401071071624756
1769859964.5950177,198.0,0.45049041929369144,4.591067545043844,-1.3443354368209839,0.3279487507603347,-21.088288188295977,0.12395858764648438,0.019911758609789058,0.5143671057311673,-0.3103546608065871,0.35887770620415166,0.004617106169462204,0.09401071071624756
1769859964.6583424,198.0,0.45049041929369144,4.591067545043844,-1.3443354368209839,0.32929152417727525,-21.18876352935133,0.12395858764648438,0.019911758609789058,0.5108553016133006,-0.3103616849137372,0.3516129673918741,0.0059412699192762375,0.09286977350711823
1769859964.7207315,199.0,0.4545883286456183,4.580925119953546,-1.330086350440979,0.32929152417727525,-21.18876352935133,0.11975967884063721,0.019558316974220794,0.510239382788981,-0.30139006114519423,0.3589950602907683,0.005780912935733795,0.08878561854362488
1769859964.7796538,200.0,0.4589609658060896,4.5707482967998585,-1.3149315118789673,0.3306108696900324,-20.469451326663897,0.11465835571289062,0.019079515826209998,0.5068860870013954,-0.2902671556127867,0.36086665782492233,0.005780912935733795,0.08878561854362488
1769859964.8669236,200.0,0.4589609658060896,4.5707482967998585,-1.300494909286499,0.3306108696900324,-19.264318929176213,0.10022175312042236,0.019079515826209998,0.5067870951911302,-0.28379803550098004,0.3582487010393644,0.006064705550670624,0.0873975157737732
1769859964.9285913,202.0,0.4677635888234047,4.551281887082803,-1.2860387563705444,0.3306108696900324,-19.33129767378853,0.10588240623474121,0.0180967946082722,0.5062662731508892,-0.27044125603657365,0.3728885231696332,0.005864828824996948,0.0859568864107132
1769859964.987537,202.0,0.4677635888234047,4.551281887082803,-1.2860387563705444,0.3314173954959896,-17.63367538011356,0.10588240623474121,0.0180967946082722,0.5044601950983763,-0.270432981258459,0.36001427049788637,0.006658419966697693,0.08413754403591156
1769859965.046843,203.0,0.47243485691074555,4.541529485329737,-1.2706393003463745,0.3314173954959896,-17.63367538011356,0.10054624080657959,0.01753414147416599,0.5040095367402689,-0.25843517338828803,0.35970104796637975,0.006481632590293884,0.08144564181566238
1769859965.127911,203.0,0.47243485691074555,4.541529485329737,-1.2582744359970093,0.3330637963178601,-18.356680643473492,0.08818137645721436,0.01753414147416599,0.5011731145179594,-0.24206677088852738,0.3614057463891612,0.006481632590293884,0.08144564181566238
1769859965.2242742,205.0,0.4824182357849236,4.521615704088328,-1.2413825988769531,0.33434791788600704,-17.581141205167214,0.09142601490020752,0.016340161863177594,0.49595275311637216,-0.23692192968144105,0.37336914483859995,0.008742064237594604,0.07709641009569168
1769859965.286125,206.0,0.4882011623238749,4.510476843526691,-1.2215996980667114,0.335823839783096,-17.782012216431664,0.08171629905700684,0.01570728751565362,0.4916438486018714,-0.21621812827234388,0.3819582348046712,0.010317336767911911,0.07448191195726395
1769859965.3425813,206.0,0.4882011623238749,4.510476843526691,-1.207916021347046,0.3379637626197809,-17.782414668126215,0.06803262233734131,0.01570728751565362,0.48573775028750893,-0.18990482946912418,0.36231964907930225,0.010317336767911911,0.07448191195726395
1769859965.4038608,208.0,0.49419109624032453,4.49922583764337,-1.207916021347046,0.3379637626197809,-17.782414668126215,0.0881887674331665,0.015093306574450216,0.48479014706491647,-0.22658329288811666,0.364117532138492,0.012376362457871437,0.07078280299901962
1769859965.4557395,209.0,0.4997077243109976,4.489071963069135,-1.1975812911987305,0.3387519805295177,-16.631082947879783,0.0879371166229248,0.014579029733931935,0.4828368206028958,-0.22409528739838813,0.36693809842039,0.012376362457871437,0.07078280299901962
1769859965.5285301,209.0,0.4997077243109976,4.489071963069135,-1.1903830766677856,0.3388361642442448,-16.260429668310064,0.08073890209197998,0.014579029733931935,0.4826412206382585,-0.21735100884453687,0.3626738515801555,0.012925416231155396,0.06728103756904602
1769859965.6014867,210.0,0.504976646386247,4.479529518388,-1.1783783435821533,0.340801454245083,-15.495142577112567,0.07882034778594971,0.01414188576241675,0.4772595254193226,-0.20507480434238184,0.37408044030839355,0.01300487294793129,0.06798355281352997
1769859965.6789129,211.0,0.5097099891227403,4.471205846405842,-1.1672286987304688,0.34274545042646876,-15.494668467250191,0.07776033878326416,0.013735641948949714,0.4714966681571534,-0.20157143904549932,0.37510279599695945,0.013686228543519974,0.06574756652116776
1769859965.7348247,212.0,0.5143857860169982,4.463174181762061,-1.1672286987304688,0.34294945486386835,-15.494668467250191,0.0878530740737915,0.013334762791121854,0.4702774723172469,-0.21960295285217887,0.3729685638205357,0.013979975134134293,0.0653018057346344
1769859965.7912664,213.0,0.5186751650848608,4.45592333839954,-1.1586006879806519,0.34294945486386835,-13.869404332272879,0.08932125568389893,0.012987139646755413,0.4702520860963491,-0.2211417793420756,0.36394826520602036,0.013979975134134293,0.0653018057346344
1769859965.8500097,213.0,0.5186751650848608,4.45592333839954,-1.1500006914138794,0.34444459827161944,-13.57462664484184,0.08072125911712646,0.012987139646755413,0.4664507158845235,-0.2046750044545929,0.36960953645725925,0.01365659199655056,0.06499621272087097
1769859965.9140801,213.0,0.5233839407139588,4.4480858929898615,-1.1500006914138794,0.34444459827161944,-12.388386204223567,0.08072125911712646,0.012628095238903254,0.4658288097251843,-0.2033501247559815,0.36995359634979874,0.01402255892753601,0.06531206518411636
1769859965.9811292,214.0,0.5286551843810351,4.439332969096048,-1.1379307508468628,0.34444459827161944,-10.880745237732437,0.0787506103515625,0.012315362360163631,0.4658727390927573,-0.19844507844557918,0.3730885857653575,0.01379857212305069,0.0663018450140953
1769859966.0463135,216.0,0.5341618467906863,4.430295575989387,-1.1301729679107666,0.34444459827161944,-10.880745237732437,0.09120142459869385,0.012047026817326558,0.4658828848665234,-0.22151144208755183,0.37191825549616503,0.013728195801377296,0.06856934726238251
1769859966.1472425,217.0,0.5396986439661842,4.421243528845908,-1.1187450885772705,0.34444459827161944,-12.45329547970259,0.08988285064697266,0.011872815964693676,0.4659105846898441,-0.21829122777975124,0.36829451425205806,0.013871746137738228,0.06749415397644043
1769859966.2083058,218.0,0.5457861258870541,4.411344392076406,-1.109128713607788,0.34444459827161944,-12.45329547970259,0.09037888050079346,0.011784137034697348,0.46593019270501307,-0.21892886810381956,0.3901893172463929,0.013381024822592735,0.07029439508914948
1769859966.268185,219.0,0.5523390792720493,4.400845371465344,-1.0993670225143433,0.3445080110012096,-11.749920773289608,0.09073293209075928,0.01175676156975319,0.46577867272414475,-0.2195118760558108,0.3700629035810703,0.013381024822592735,0.07029439508914948
1769859966.3363183,219.0,0.5523390792720493,4.400845371465344,-1.0859748125076294,0.3470535974035869,-11.549192727685641,0.07734072208404541,0.01175676156975319,0.46113168033779184,-0.20154442445324652,0.3733987553044696,0.011671679094433784,0.07513448596000671
1769859966.3884852,220.0,0.5594349582165465,4.389689758529427,-1.0754575729370117,0.3482016464565304,-12.670490630314267,0.0769425630569458,0.011784768398509334,0.4555015097682911,-0.19308039602575203,0.3765462523910368,0.009074503555893898,0.08110042661428452
1769859966.4535532,222.0,0.5662664324700166,4.379069538331203,-1.0754575729370117,0.3482016464565304,-12.670490630314267,0.0971904993057251,0.011911527204302894,0.4548522479280702,-0.2326500655568733,0.3699365641178367,0.007823467254638672,0.08503057062625885
1769859966.5156503,223.0,0.5732136109542155,4.368499494139292,-1.0694830417633057,0.34821459240374275,-11.727013927069498,0.10134488344192505,0.012075153309333671,0.45484709779274357,-0.24091197874804737,0.3766892753792566,0.007823467254638672,0.08503057062625885
1769859966.601335,223.0,0.5732136109542155,4.368499494139292,-1.058219313621521,0.3483269813009264,-11.651103911976499,0.09008115530014038,0.012075153309333671,0.45476709096475976,-0.2357629649594088,0.3754346217374261,0.0086563341319561,0.08561819791793823
1769859966.667777,224.0,0.580635691353429,4.357566343720064,-1.0443413257598877,0.3486983642631222,-11.37006546007423,0.08633530139923096,0.01222066806123931,0.453562784288369,-0.21280553881068687,0.38566429609446307,0.008754441514611244,0.08748406916856766
1769859966.7420735,226.0,0.5885846429807137,4.346076551348244,-1.0443413257598877,0.34971880012705914,-12.691670745473273,0.10660946369171143,0.012442393731309129,0.45073391517893563,-0.25244330182690367,0.3785185452891394,0.007252221927046776,0.09046822786331177
1769859966.8002055,227.0,0.5969316071378721,4.334302091931086,-1.0295169353485107,0.34971880012705914,-12.691670745473273,0.10192704200744629,0.012712885083590354,0.4503898437740743,-0.24425303248179214,0.3820499155856441,0.008327407762408257,0.09364450722932816
1769859966.8749218,228.0,0.6059250218665021,4.32190829124651,-1.0214773416519165,0.3505036505858152,-12.543700155925126,0.10403275489807129,0.013059836553737296,0.4483488040452233,-0.24945592732820526,0.37539215383771524,0.00754932127892971,0.09739522635936737
1769859966.9720175,230.0,0.6153534657305199,4.309188782895033,-1.0074779987335205,0.35056460020682845,-11.54764490556429,0.11033374071121216,0.01350647339462415,0.44792218418900515,-0.2629613627687597,0.38257504562408123,0.00754932127892971,0.09739522635936737
1769859967.037701,232.0,0.6248785287475953,4.296658556479927,-0.9940646290779114,0.3512494187851939,-11.54764490556429,0.11723387241363525,0.014010194678810244,0.4461099527505349,-0.27769444035120117,0.39182035905010565,0.007373010739684105,0.10261372476816177
1769859967.126568,233.0,0.6343006022387798,4.284625327903333,-0.9812235236167908,0.3523170670212139,-11.062691798990105,0.11455440521240234,0.01451955922199542,0.44305930682131395,-0.2743832035845646,0.38029517447472544,0.0067269466817379,0.10568863153457642
1769859967.1799214,235.0,0.6435623115664885,4.273108240567101,-0.9694798588752747,0.35316395434058856,-13.32986685985076,0.12314391136169434,0.015043721900059877,0.44045844864236167,-0.29232135455201025,0.3867986160287288,0.005966756492853165,0.11158360540866852
1769859967.2519107,235.0,0.6435623115664885,4.273108240567101,-0.9604212641716003,0.35381705209723757,-13.803239616408497,0.11408531665802002,0.015043721900059877,0.4383563523611529,-0.27535918426457734,0.3760544474221686,0.005966756492853165,0.11158360540866852
1769859967.3213494,236.0,0.6527880891634747,4.261878260428529,-0.9489734172821045,0.3543502472793316,-13.50822285766484,0.1128089427947998,0.015622011827021706,0.4368520569431268,-0.27491017992499667,0.3845727192478158,0.005077136680483818,0.11928338557481766
1769859967.3700259,237.0,0.6620260742414764,4.250917941517609,-0.9489734172821045,0.3550654436132681,-13.50822285766484,0.12298369407653809,0.01621976624089463,0.4347724470376354,-0.2960766672881806,0.37955999593467526,0.004838945344090462,0.12121076881885529
1769859967.427436,239.0,0.6713319189167692,4.2402006285634055,-0.9345673322677612,0.3550654436132681,-14.463935761028765,0.1289370059967041,0.016807285004842583,0.4345204227175301,-0.3090671161295113,0.37281577709124175,0.004838945344090462,0.12121076881885529
1769859967.5009198,239.0,0.6713319189167692,4.2402006285634055,-0.9220491647720337,0.355711532342998,-13.994667894478498,0.11641883850097656,0.016807285004842583,0.43389806514584983,-0.30110713583788845,0.3760299177240365,0.004043633118271828,0.12237892299890518
1769859967.5637052,240.0,0.6806502183567122,4.229784006957244,-0.9220491647720337,0.35705714189932036,-14.292771810428336,0.12660342454910278,0.01737725721091363,0.4291828350605525,-0.30665413268174363,0.3874377893864799,0.002855297178030014,0.1262005865573883
1769859967.6388464,242.0,0.6906747801253188,4.219043534614632,-0.9052239060401917,0.35705714189932036,-14.292771810428336,0.13015717267990112,0.017877958158799053,0.42856274958574736,-0.3149271512108752,0.38295071443829726,0.0029759127646684647,0.1282987743616104
1769859967.6993804,243.0,0.7006486986745841,4.208657802091859,-0.8921037316322327,0.35739071431938374,-15.910719426371212,0.12723147869110107,0.018374650368707238,0.4276901520535365,-0.31119677822521513,0.3866758831839123,0.0029759127646684647,0.1282987743616104
1769859967.8192205,243.0,0.7006486986745841,4.208657802091859,-0.8819193243980408,0.35739071431938374,-16.748779877377544,0.11704707145690918,0.018374650368707238,0.4276728917331239,-0.3096454919264506,0.3817839422690524,0.0023235566914081573,0.13847115635871887
1769859967.880423,246.0,0.718944798822388,4.190256134710711,-0.8762531876564026,0.35810333920429416,-16.748779877377544,0.14198386669158936,0.01934623551641555,0.4257613519825422,-0.3417819777138744,0.40820148458589933,0.0016914885491132736,0.14135493338108063
1769859967.9303584,247.0,0.7282964563857904,4.1814335657081205,-0.8661755323410034,0.35810333920429416,-15.77691910852543,0.14211374521255493,0.019667771616494314,0.42538963011243935,-0.3428282985749071,0.3829770925025687,0.0016914885491132736,0.14135493338108063
1769859968.0239072,247.0,0.7282964563857904,4.1814335657081205,-0.8468074202537537,0.35843183054533223,-15.7511930548844,0.12274563312530518,0.019667771616494314,0.42531416167073766,-0.339925827090978,0.37768994575157894,0.0003438349813222885,0.1429886817932129
1769859968.1195948,249.0,0.7448358040271296,4.166566572223396,-0.8327533602714539,0.35881337934185953,-16.96394344791183,0.12911653518676758,0.020080918386150566,0.4235254984771291,-0.32053290853351935,0.3976532245964568,0.0003438349813222885,0.1429886817932129
1769859968.1811535,250.0,0.7541549145520726,4.158610294306574,-0.8200791478157043,0.3590574553294579,-17.708241340500688,0.12665969133377075,0.020208541922480682,0.42259236955494067,-0.31633726151517544,0.3979915726901396,0.0002492498606443405,0.14253050088882446
1769859968.3016458,250.0,0.7541549145520726,4.158610294306574,-0.8010039925575256,0.3592225257058992,-17.569987572908676,0.10758453607559204,0.020208541922480682,0.42254905297694106,-0.31344086998996096,0.3817103990351714,-0.0022169314324855804,0.14497758448123932
1769859968.366709,253.0,0.7762416611428695,4.140648773093078,-0.7757860422134399,0.3593773529846156,-17.569987572908676,0.11303836107254028,0.020408608660285987,0.42194401776023877,-0.2983408816485495,0.40906958103982644,-0.0020702295005321503,0.14548277854919434
1769859968.426608,255.0,0.7895441103247667,4.130511494272106,-0.7537006139755249,0.35961475494895867,-18.043996618461442,0.11141717433929443,0.020378970782233177,0.42095177594578354,-0.2886486170206592,0.38607157342482973,-0.0020702295005321503,0.14548277854919434
1769859968.5354555,255.0,0.7895441103247667,4.130511494272106,-0.7384775280952454,0.35982013339775,-17.830261990373504,0.09619408845901489,0.020378970782233177,0.42084277516222185,-0.28386865300870817,0.38369957432267643,-0.0029386887326836586,0.14612716436386108
1769859968.5952775,258.0,0.8159331929311119,4.1114910793867265,-0.7263938188552856,0.3602880222116892,-17.741379832637826,0.11483132839202881,0.020263043660803847,0.4190221252770644,-0.29461359030795276,0.4046542938803422,-0.0029386887326836586,0.14612716436386108
1769859968.6903124,258.0,0.8159331929311119,4.1114910793867265,-0.7263938188552856,0.3608230654791814,-19.582664836639363,0.11483132839202881,0.020263043660803847,0.4174251513806083,-0.2945936151981527,0.3846482129982721,-0.002867329865694046,0.14638423919677734
1769859968.77276,261.0,0.8405205643438268,4.095086067390273,-0.6946839690208435,0.36209168273439085,-19.64261460599303,0.11387193202972412,0.020015988138208055,0.41384726639448843,-0.2919543186313078,0.40035586799536577,-0.004086552187800407,0.14580926299095154
1769859968.8656087,261.0,0.8405205643438268,4.095086067390273,-0.6851744651794434,0.36323892822645243,-19.476315239806823,0.10436242818832397,0.020015988138208055,0.4130314465296124,-0.28769990242404825,0.391173349884956,-0.004416400566697121,0.14520783722400665
1769859968.9283683,263.0,0.8603594496826025,4.083040060493493,-0.6676113605499268,0.3640490773017464,-18.36518285402351,0.1073160171508789,0.019450333289462187,0.4081073475118886,-0.27776497320739546,0.4005293226913384,-0.004416400566697121,0.14520783722400665
1769859969.0166016,263.0,0.8603594496826025,4.083040060493493,-0.6479723453521729,0.3640490773017464,-18.124789987545753,0.087677001953125,0.019450333289462187,0.40806090322222865,-0.2734314448583406,0.38833219489683696,-0.004963686689734459,0.14120297133922577
1769859969.0891323,264.0,0.8704887076989751,4.077238569171591,-0.632199764251709,0.36483872593943323,-17.958838977333507,0.08216768503189087,0.019073576261153993,0.40554452628002163,-0.2292061093403538,0.3992020241398959,-0.00470353476703167,0.1361008733510971
1769859969.155416,266.0,0.8808560392733196,4.071562908145945,-0.6177549362182617,0.3649224057785629,-17.09367337467388,0.08825922012329102,0.01860517705832916,0.4050790275492096,-0.2388122356350873,0.3913769586836991,-0.004653498530387878,0.1353035867214203
1769859969.224283,267.0,0.8918012001754725,4.065800154749214,-0.6177549362182617,0.3649224057785629,-16.264475753462616,0.09853231906890869,0.01806579618834758,0.40505442072358416,-0.25646974019681135,0.390654631118906,-0.0057320380583405495,0.13422277569770813
1769859969.2859366,268.0,0.9034784003417341,4.059756484934778,-0.6005663871765137,0.36602574832135204,-16.264475753462616,0.09162014722824097,0.017569950238404495,0.40213560886310606,-0.2416193741254393,0.38930516217538247,-0.005456825718283653,0.13493509590625763
1769859969.3533425,269.0,0.9142133259677973,4.0543650195256475,-0.5892356038093567,0.36722380961672857,-16.88011531184203,0.09056901931762695,0.01712414483918588,0.39861525823256155,-0.23802251298072835,0.38875412603908466,-0.005456825718283653,0.13493509590625763
1769859969.4520683,269.0,0.9142133259677973,4.0543650195256475,-0.5755561590194702,0.367386504980731,-16.878970822355175,0.07688957452774048,0.01712414483918588,0.39844713282210303,-0.23176972605991578,0.3882693593040589,-0.004181152209639549,0.12966175377368927
1769859969.51866,272.0,0.9355284941129117,4.044020425022632,-0.5631960034370422,0.36868340043443726,-16.727750268191592,0.09538805484771729,0.016352425876048498,0.394293197214487,-0.24451018206120897,0.40531513348282056,-0.0044250329956412315,0.13052582740783691
1769859969.6455748,272.0,0.9355284941129117,4.044020425022632,-0.5493668913841248,0.36913488369239233,-15.914760661348149,0.0815589427947998,0.016352425876048498,0.39357289173214133,-0.23163215896289688,0.39383706486986014,-0.005510724149644375,0.13003602623939514
1769859969.6922247,274.0,0.958292570907183,4.033755359134138,-0.5290340781211853,0.36913488369239233,-15.914760661348149,0.08181491494178772,0.01545359791465055,0.3926071537691897,-0.21544699759630023,0.41799960539507236,-0.004636712372303009,0.1304091513156891
1769859969.7633748,275.0,0.9706524977597353,4.02847754319945,-0.5147672891616821,0.36998651240392555,-15.666467776547009,0.0778474509716034,0.014963177710870667,0.3903580330200368,-0.20606971720939876,0.3867852099337304,-0.004636712372303009,0.1304091513156891
1769859969.8834164,275.0,0.9706524977597353,4.02847754319945,-0.4967186450958252,0.3700922013489054,-13.682933197974224,0.05979880690574646,0.014963177710870667,0.39025325320837023,-0.19772771998316732,0.39353184468460684,-0.0025474904105067253,0.1278800517320633
1769859969.9669988,278.0,0.9974330463706937,4.017616225586876,-0.4870530962944031,0.3705947410722998,-14.69463368609401,0.08105087280273438,0.01400518089191566,0.38839520276433015,-0.20883705967254398,0.41586709763879526,-0.0034216493368148804,0.12686307728290558
1769859970.0355399,280.0,1.0110754819838281,4.012284876232648,-0.4734063744544983,0.3713672858617562,-14.69463368609401,0.0880323052406311,0.013658703599008518,0.3862836951174512,-0.2209915381760032,0.4030217415229896,-0.003424779511988163,0.1262134313583374
1769859970.0831158,281.0,1.023254967608399,4.007666721589981,-0.46214959025382996,0.37182356377548187,-13.843770385980118,0.08709448575973511,0.013403362140033662,0.38485503924329106,-0.21823949013713792,0.3972914315879553,-0.003424779511988163,0.1262134313583374
1769859970.1461833,281.0,1.023254967608399,4.007666721589981,-0.45239534974098206,0.37182356377548187,-13.637685422893586,0.07734024524688721,0.013403362140033662,0.3848029541855076,-0.20515044140355773,0.3894918402101307,-0.0020056627690792084,0.12694218754768372
1769859970.2061138,282.0,1.0349219186555199,4.00334712787233,-0.45239534974098206,0.37250262879942075,-13.637685422893586,0.08766251802444458,0.013224183808712677,0.3829194667773034,-0.21869953510145074,0.39506521226973573,-0.0049025192856788635,0.1278911828994751
1769859970.266684,283.0,1.0468455863503963,3.999089896782954,-0.4363185465335846,0.37250262879942075,-14.009401480082646,0.08191123604774475,0.013056996599970493,0.38273325282500564,-0.2070367454062057,0.39381186154285247,-0.0049025192856788635,0.1278911828994751
1769859970.3464205,283.0,1.0468455863503963,3.999089896782954,-0.4236932694911957,0.3733870073128391,-13.271545108077374,0.06928595900535583,0.013056996599970493,0.3803917565543699,-0.18272249563822002,0.39508082563199726,-0.00794033333659172,0.1323561668395996
1769859970.4432127,286.0,1.0717003793647748,3.9906222848811184,-0.41500359773635864,0.3737708196854802,-12.344203671033195,0.09159258008003235,0.012851871766064997,0.3790545654629405,-0.22511074047220997,0.40298545794355056,-0.008837053552269936,0.12950588762760162
1769859970.5171556,286.0,1.0717003793647748,3.9906222848811184,-0.40478870272636414,0.3737708196854802,-11.806925081552937,0.08137768507003784,0.012851871766064997,0.37899922297479527,-0.20531300197181207,0.4041775650065474,-0.011557472869753838,0.1310652792453766
1769859970.5766087,287.0,1.0837539036405148,3.9867436361447757,-0.3913673460483551,0.3737708196854802,-11.328963847780036,0.07829496264457703,0.012790122534053957,0.37898696347479727,-0.19909504362928612,0.40086985714885026,-0.014026479795575142,0.13268925249576569
1769859970.6496108,289.0,1.097271190219192,3.982501701978837,-0.3913673460483551,0.37407954806086996,-11.965482125158497,0.09898209571838379,0.012813792525352908,0.3781563039841142,-0.2391026467115593,0.39215093565174747,-0.013331938534975052,0.12566465139389038
1769859970.7350855,290.0,1.1097430220993951,3.978705163932701,-0.37981393933296204,0.37407954806086996,-12.504201707944958,0.09777718782424927,0.012905876178910695,0.37807783665111705,-0.23689903123184544,0.39775286070781596,-0.01578230783343315,0.12933817505836487
1769859970.7892883,291.0,1.122146190854027,3.9750315017459044,-0.3702467679977417,0.3743248983124907,-12.504201707944958,0.09856176376342773,0.013072234979523412,0.3774199324665805,-0.2389962036987963,0.4054605058155613,-0.012394263409078121,0.12883292138576508
1769859970.8465576,293.0,1.1353095360028977,3.9712286357339353,-0.3598027527332306,0.3746629933029275,-11.75425445766976,0.10883110761642456,0.013344089527463495,0.37643178268880273,-0.2595472969662154,0.3932563344825856,-0.012394263409078121,0.12883292138576508
1769859970.9145286,293.0,1.1353095360028977,3.9712286357339353,-0.3472561538219452,0.37568658335732225,-12.53056034278633,0.09628450870513916,0.013344089527463495,0.37352726844160156,-0.23576185784144643,0.39612765950551493,-0.014095163904130459,0.12963828444480896
1769859970.9756866,294.0,1.149261169297465,3.967362517850981,-0.3472561538219452,0.37635908056889,-10.4692278221676,0.1066461056470871,0.013683074461191826,0.37146417662891834,-0.25662434929748557,0.40049258286224476,-0.010251008905470371,0.1280306577682495
1769859971.0547628,296.0,1.1628783912647849,3.9637576926481635,-0.33379799127578735,0.37635908056889,-12.89789535212244,0.11392095685005188,0.01405696596454007,0.3712498054070421,-0.27166517965810794,0.3967656298764243,-0.010350901633501053,0.1282980889081955
1769859971.1218703,297.0,1.1770788763479332,3.960188052952249,-0.32251328229904175,0.37698229006617506,-12.89789535212244,0.11300767958164215,0.0144789094970159,0.36954949689981736,-0.2713953407428242,0.40528135084247036,-0.012670284137129784,0.12990659475326538
1769859971.1898882,298.0,1.192095764460051,3.956575057796728,-0.30938202142715454,0.37698229006617506,-11.76356849214598,0.11025111377239227,0.015005435594304107,0.36935775881650973,-0.2680648803233372,0.40038725446086204,-0.012670284137129784,0.12990659475326538
1769859971.24656,300.0,1.2090206627420306,3.95278297277737,-0.2933010756969452,0.3777120971323993,-11.407305721931083,0.11492940783500671,0.015617110260290494,0.367323635091858,-0.27905250365118894,0.40184072586286285,-0.014135344885289669,0.13114996254444122
1769859971.3107321,300.0,1.2090206627420306,3.95278297277737,-0.28157028555870056,0.3777120971323993,-13.699572526979921,0.10319861769676208,0.015617110260290494,0.36721666874202263,-0.2714966508460134,0.39647687464848036,-0.015296424739062786,0.13227862119674683
1769859971.3543315,302.0,1.22503534607172,3.949353032053981,-0.28157028555870056,0.3777120971323993,-13.699572526979921,0.12397097051143646,0.016323814096863586,0.3670313802965127,-0.29854673591976233,0.3979896799206782,-0.017970535904169083,0.130948007106781
1769859971.4342275,303.0,1.2408098797112914,3.946160419325049,-0.271112322807312,0.37786598320791487,-13.693473791589943,0.12390409409999847,0.01710463654890135,0.36654908481084747,-0.30096649473796844,0.39292486759018574,-0.017970535904169083,0.130948007106781
1769859971.4853594,305.0,1.256473916778914,3.9432144716278956,-0.25975722074508667,0.3784763853663194,-14.87096470019278,0.1333410143852234,0.01792032881541154,0.36466842501266805,-0.32131760629797457,0.4067480512012754,-0.022273262962698936,0.12837795913219452
1769859971.567971,305.0,1.256473916778914,3.9432144716278956,-0.24417288601398468,0.37786598320791487,-13.508159424478173,0.1177566796541214,0.01792032881541154,0.3653261348841903,-0.3072164939767855,0.395704086287269,-0.0234108604490757,0.1270153522491455
1769859971.6276042,307.0,1.2722367708862166,3.940583712456391,-0.22816382348537445,0.3771297910347696,-14.703492135036955,0.12255273759365082,0.018671587673483564,0.3679669502413708,-0.303890013527236,0.4059475686086379,-0.02583058923482895,0.12922577559947968
1769859971.6844237,308.0,1.286928656148604,3.938454706244341,-0.22816382348537445,0.37635908056889,-14.703492135036955,0.1329602226614952,0.01928606822916208,0.37012344844627354,-0.325277410433644,0.39749112117594326,-0.025951389223337173,0.1207866445183754
1769859971.7348278,310.0,1.3023905620171894,3.936458378242216,-0.21369515359401703,0.37635908056889,-15.549807604078701,0.13931634277105331,0.019932656248051083,0.36989002634635854,-0.3390365813096985,0.3931070761346533,-0.025550931692123413,0.11673158407211304
1769859971.8193245,310.0,1.3023905620171894,3.936458378242216,-0.1998942792415619,0.3771297910347696,-15.358986278206729,0.12551546841859818,0.019932656248051083,0.3691373483017052,-0.3303835162126949,0.3916974261991,-0.026099441573023796,0.11232617497444153
1769859971.8633661,313.0,1.3329923550018639,3.9332894481418146,-0.1865529865026474,0.37683266308295704,-15.988530721772122,0.14343594387173653,0.02116481674548478,0.3675670932750421,-0.35068577953720975,0.404978865349103,-0.026099441573023796,0.11232617497444153
1769859971.9440835,313.0,1.3329923550018639,3.9332894481418146,-0.1865529865026474,0.37635908056889,-15.555612245413478,0.14343594387173653,0.02116481674548478,0.3685426795819152,-0.35052368184283605,0.3899968952707403,-0.026277240365743637,0.11017682403326035
1769859972.0166876,314.0,1.3471668768347969,3.9321702415794006,-0.1738872081041336,0.37635908056889,-17.105467955609118,0.1411973126232624,0.02171566596706689,0.3682387143929897,-0.34828742334193874,0.4041052701308469,-0.025403767824172974,0.1052684485912323
1769859972.0906715,315.0,1.3596778065330368,3.9313613410003763,-0.16177144646644592,0.37635908056889,-18.410142724120142,0.13951197266578674,0.02219473609011453,0.3675479105718076,-0.34677156772924184,0.4002067769645284,-0.02544081211090088,0.10360890626907349
1769859972.1472788,316.0,1.3714073125078525,3.930824033298042,-0.15077149868011475,0.37635908056889,-18.410142724120142,0.13894572667777538,0.022568954312926576,0.36672551768756656,-0.3469285648673889,0.4011447461532244,-0.0244753360748291,0.09837943315505981
1769859972.191142,318.0,1.3853400041922128,3.9305912448357767,-0.12700065970420837,0.37635908056889,-17.60220850167609,0.1360521214082837,0.02279179891897774,0.364613120300352,-0.34230508631753487,0.39557672857239157,-0.0244753360748291,0.09837943315505981
1769859972.2454877,318.0,1.3853400041922128,3.9305912448357767,-0.12700065970420837,0.3759353461650474,-17.60220850167609,0.1360521214082837,0.02279179891897774,0.36576866406601843,-0.3422833089640419,0.39019379616790517,-0.024385951459407806,0.09748131036758423
1769859972.298531,319.0,1.4004787972270973,3.9306876304644662,-0.10093820095062256,0.3759353461650474,-18.63702278879245,0.11025768239051104,0.022831315380008353,0.3729802415603514,-0.29721780537098597,0.3936272361708541,-0.023318279534578323,0.09521616995334625
1769859972.3787582,319.0,1.4004787972270973,3.9306876304644662,-0.07977007329463959,0.37533241118352834,-19.425365209589692,0.08908955473452806,0.022831315380008353,0.3741795815640223,-0.2693124861069549,0.39291775528779455,-0.02206367254257202,0.08987525850534439
1769859972.4431298,321.0,1.4171719231349873,3.931186506375409,-0.052702099084854126,0.37505031013733703,-18.929581099679424,0.06250574346631765,0.0224926164286687,0.37557594838718017,-0.2058357776583604,0.4042782807758894,-0.02206367254257202,0.08987525850534439
1769859972.517514,323.0,1.436091711143322,3.932168631933133,-0.018877487629652023,0.37494811776764403,-20.092815102737365,0.029096129350364208,0.021699669549941285,0.3759784942813659,-0.137923585372812,0.39826632782011184,-0.015380069613456726,0.06380104273557663
1769859972.584918,325.0,1.4577304049568025,3.933887901576019,-0.018877487629652023,0.37494811776764403,-19.955399414979283,0.029441960155963898,0.020205253929995715,0.37599451196409983,-0.13251306366577068,0.39748553523974295,-0.009952681139111519,0.0403866246342659
1769859972.64778,327.0,1.4772504923223562,3.935925273538159,5.056235386291519e-05,0.37479796301130275,-19.955399414979283,0.010790575375722256,0.018377080069509933,0.37639585976467893,-0.08926593544343878,0.3991811548487711,-0.006852738559246063,0.021977495402097702
1769859972.7043598,329.0,1.4955657680435164,3.9382988057142496,0.018365025520324707,0.37458015639467,-19.868547286020533,-0.007316389121115208,0.016204118255583655,0.3770199287048846,-0.04535296726661031,0.3972891516626235,-0.006852738559246063,0.021977495402097702
1769859972.7518344,329.0,1.4955657680435164,3.9382988057142496,0.03745022043585777,0.3744116177361305,-19.87754255943199,-0.026401584036648273,0.016204118255583655,0.3775062669698873,-0.007362360010738346,0.3947206848925456,-0.00396912544965744,0.01018068939447403
1769859972.8161,331.0,1.5125623217445028,3.9409229682850495,0.03745022043585777,0.3744116177361305,-19.87754255943199,-0.026263251900672913,0.01376883288642067,0.37756797731065267,0.001375816181938827,0.39147926197414945,-0.001801278442144394,0.002205587923526764
1769859972.8912187,332.0,1.5281500574310383,3.9437270396600668,0.05404521897435188,0.37411910686257766,-19.61138900141198,-0.04281502217054367,0.011139553694862019,0.3783520243078378,0.043970278962641406,0.397458776021832,-0.0013474281877279282,2.146512269973755e-05
1769859972.9683163,333.0,1.541221346969597,3.9464543170758177,0.07056348025798798,0.3737386913789936,-17.029325843898228,-0.05930734612047672,0.008559511483063678,0.3794534071780126,0.08617910371489271,0.40098380542859385,-0.0013474281877279282,2.146512269973755e-05
1769859973.0366223,333.0,1.541221346969597,3.9464543170758177,0.08931760489940643,0.372969877602285,-15.430468824104135,-0.07806147076189518,0.008559511483063678,0.38161668145487726,0.12316747909942244,0.4008519887738085,0.0008827745914459229,-0.008547727018594742
1769859973.098899,335.0,1.5545288413119025,3.9494814555870383,0.08931760489940643,0.372969877602285,-15.430468824104135,-0.07806147076189518,0.005682448556497282,0.38184539482730234,0.13354779876787218,0.3972585462985825,0.002693949267268181,-0.01703113317489624
1769859973.1601744,336.0,1.568370654717917,3.952788749800392,0.10647012293338776,0.3725610852720271,-9.700890872795902,-0.09523992612957954,0.002530995734694229,0.3829434822711632,0.17868238635569067,0.3955862443434641,0.0057665519416332245,-0.03368455544114113
1769859973.210216,338.0,1.5819515555925272,3.9561205156854142,0.12160234898328781,0.3725610852720271,-7.592439278397037,-0.11047590151429176,-0.0006485757998659062,0.3830627618230479,0.21945456547915124,0.39479264111740453,0.0057665519416332245,-0.03368455544114113
1769859973.2910297,338.0,1.5819515555925272,3.9561205156854142,0.12160234898328781,0.3725610852720271,-5.114561355196309,-0.11047590151429176,-0.0006485757998659062,0.383060741698173,0.21921722796877166,0.38952997589309807,0.006838379427790642,-0.04257936030626297
1769859973.3587813,339.0,1.5949731702164798,3.959253977462859,0.13097962737083435,0.3725610852720271,-2.598533612771744,-0.11993099283427,-0.0036371926449048457,0.3830666491839403,0.24796382061500208,0.4014666388831795,0.011419042944908142,-0.057393185794353485
1769859973.429378,340.0,1.6084363250690283,3.962324801487141,0.13683223724365234,0.3725610852720271,-2.598533612771744,-0.12587870564311743,-0.006559801190179952,0.3830769554781549,0.2693953698056557,0.39592726854861104,0.014742707833647728,-0.06842667609453201
1769859973.4975986,342.0,1.6225185541488751,3.9652778648758362,0.14274045825004578,0.3725610852720271,0.07882846061089799,-0.13202900905162096,-0.009359976684359606,0.38309164079027075,0.2906552328315599,0.3973692663007767,0.015647312626242638,-0.07563040405511856
1769859973.5623617,342.0,1.6225185541488751,3.9652778648758362,0.14496324956417084,0.3725610852720271,2.519311408572224,-0.13425180036574602,-0.009359976684359606,0.38311194745326993,0.29471310366915227,0.39606970270651515,0.015647312626242638,-0.07563040405511856
1769859973.6161253,343.0,1.6368212060520513,3.9679580064988342,0.14496324956417084,0.3725610852720271,2.519311408572224,-0.1343987789005041,-0.011887581145436466,0.38310876397797206,0.3037127712657822,0.39642153267376756,0.01741795428097248,-0.07947733998298645
1769859973.6611838,344.0,1.6504892757700387,3.970305343541259,0.14465658366680145,0.3725610852720271,7.056976725662683,-0.13425638247281313,-0.014092198851873647,0.38312728172096117,0.31102357816368637,0.39232916629138015,0.01741795428097248,-0.07947733998298645
1769859973.7031264,344.0,1.6504892757700387,3.970305343541259,0.14293542504310608,0.3725610852720271,10.237746611507042,-0.13253522384911776,-0.014092198851873647,0.3831513185684271,0.3078413675996283,0.38827481446639794,0.01824803091585636,-0.08219524472951889
1769859973.7636762,346.0,1.6641289846848555,3.972486657644308,0.14293542504310608,0.3725610852720271,10.237746611507042,-0.13291563838720322,-0.01613451214979549,0.38314517845987905,0.3155539893416101,0.38660223780553193,0.018848966807127,-0.08313163369894028
1769859973.8109837,347.0,1.6769465573629994,3.9742454932221216,0.13934217393398285,0.3733460241026242,12.573820396832737,-0.12953853234648705,-0.01776624631147372,0.38104723764610654,0.3149102324462204,0.3933799884613639,0.018848966807127,-0.08313163369894028
1769859973.8717935,347.0,1.6769465573629994,3.9742454932221216,0.13934217393398285,0.37296868094042396,12.560221959167844,-0.12953853234648705,-0.01776624631147372,0.3818613261991642,0.3149213751421275,0.388984572268199,0.01910071074962616,-0.08404406905174255
1769859973.9191582,348.0,1.6893910536723251,3.9754935468304717,0.12775498628616333,0.37296868094042396,12.560221959167844,-0.1181847807019949,-0.018894526586399417,0.3819723447593681,0.2978447459061302,0.39505462633359345,0.018589025363326073,-0.08197081089019775
1769859973.9625666,348.0,1.6893910536723251,3.9754935468304717,0.11993569135665894,0.37296868094042396,15.435217710230125,-0.1103654857724905,-0.018894526586399417,0.3819829403232048,0.28324887922184105,0.3899739773016105,0.018589025363326073,-0.08197081089019775
1769859974.0085778,349.0,1.6999991663267118,3.9762337898381426,0.11993569135665894,0.37296868094042396,15.435217710230125,-0.11061621364206076,-0.019535744834609053,0.38197779108998836,0.28589523891950486,0.38885157610531335,0.017226427793502808,-0.07774263620376587
1769859974.1308954,349.0,1.6999991663267118,3.9762337898381426,0.11316850036382675,0.37176130405237773,17.40145997775146,-0.10384902264922857,-0.019535744834609053,0.38224699032558945,0.284854139278692,0.3867311948561611,0.016402870416641235,-0.07470698654651642
1769859974.1963062,352.0,1.7208789923489847,3.97696825314969,0.10473889857530594,0.37162187202404556,17.8203383578365,-0.09627535380423069,-0.020084397847317255,0.3856513103849574,0.2609877382299897,0.4174955127576051,0.015229998156428337,-0.0713958889245987
1769859974.2532299,353.0,1.7314292229789896,3.9769128523915365,0.09273365139961243,0.37162187202404556,17.8203383578365,-0.08459000010043383,-0.019940104064284873,0.3860099326442971,0.23830129587666482,0.39595870611583417,0.01378161646425724,-0.06517952680587769
1769859974.320808,354.0,1.7424219609265463,3.9764891518058647,0.072941854596138,0.37162187202404556,17.63801112299403,-0.06513538910076022,-0.019427639413798718,0.38599845254181947,0.1993399961597182,0.3925768294246822,0.01378161646425724,-0.06517952680587769
1769859974.3842702,354.0,1.7424219609265463,3.9764891518058647,0.049664538353681564,0.37148928555474275,18.079911797790423,-0.041858072858303785,-0.019427639413798718,0.38624180816582315,0.1677261220677863,0.39676455776416814,0.011227728798985481,-0.05664369463920593
1769859974.4307313,355.0,1.7557709372672174,3.9756445006317533,0.030542781576514244,0.37162187202404556,18.043027244652148,-0.023090793285518885,-0.01848081290825695,0.3860157112263065,0.11397543941541557,0.3952034769033784,0.007380399852991104,-0.044152677059173584
1769859974.5011694,357.0,1.7700158288132215,3.9744809366849587,0.030542781576514244,0.37162187202404556,18.043027244652148,-0.023851622361689806,-0.01721544387706349,0.38597128402242153,0.11050712503457372,0.38880693189300575,0.0017510242760181427,-0.02480032667517662
1769859974.5576825,358.0,1.7848004836820983,3.973082770237447,0.01786751113831997,0.3728271992400267,17.065246890567664,-0.011582703795284033,-0.015720034441646734,0.38271051434333353,0.08087098622594974,0.3988508141814545,0.0017510242760181427,-0.02480032667517662
1769859974.6142461,358.0,1.7848004836820983,3.973082770237447,0.00511314207687974,0.37272859312369866,16.22896533122229,0.0011716652661561966,-0.015720034441646734,0.3826120649266569,0.05557441313269227,0.39344744131842463,0.0006224839016795158,-0.019125837832689285
1769859974.6798885,359.0,1.7994081594508227,3.9714681041730073,0.00511314207687974,0.37272859312369866,16.380590572971943,0.0007480219937860966,-0.014018255046718525,0.38264685052560315,0.05011386335933148,0.39345014606648315,-0.0019660983234643936,-0.011773057281970978
1769859974.760717,361.0,1.8139873689385475,3.9695705057380444,-0.014437874779105186,0.37272859312369866,14.953495905243537,0.01939987763762474,-0.012043145731508971,0.3826334647599924,0.0058401460896916335,0.39613477700711197,-0.004791734740138054,-0.0027778148651123047
1769859974.8629227,362.0,1.8273921111523284,3.9676110703206904,-0.03302948176860809,0.3732029615081865,13.653658506231181,0.037515966687351465,-0.01002122369611072,0.38133469421808075,-0.037672974932560124,0.40259988076449016,-0.011657444760203362,0.013461682945489883
1769859974.9299953,364.0,1.8409932053667828,3.96542282285086,-0.060387007892131805,0.3720945480408386,11.42134046810589,0.06387058179825544,-0.007778617071319998,0.384176356629384,-0.09820854413051645,0.4098751969582899,-0.011118214577436447,0.01251014694571495
1769859975.0082977,365.0,1.8552713078960281,3.9630259201439246,-0.060387007892131805,0.3720945480408386,11.42134046810589,0.06334318895824254,-0.005334930042135062,0.3844744277877515,-0.10593452989278201,0.39662093700124157,-0.012923318892717361,0.019176751375198364
1769859975.0582695,367.0,1.8698204269598846,3.9605269603131945,-0.07569977641105652,0.3720945480408386,9.609998908580216,0.07712967577390373,-0.0028004008690525064,0.3843709075541484,-0.14234053490683515,0.393955914665831,-0.01560797356069088,0.02800862491130829
1769859975.1281228,367.0,1.8698204269598846,3.9605269603131945,-0.09116826951503754,0.3720945480408386,6.530311646652323,0.09259816887788475,-0.0028004008690525064,0.3844209874712844,-0.1724882352868351,0.3895079048818411,-0.01560797356069088,0.02800862491130829
1769859975.1918457,368.0,1.8863670640965164,3.9575645648488047,-0.10054528713226318,0.3720945480408386,6.331591870605555,0.10103535908274353,0.00017888551950406522,0.38438636622721567,-0.19951370359986864,0.3963975712124295,-0.018290825188159943,0.0343550443649292
1769859975.243446,370.0,1.9021454343109863,3.954717700921667,-0.10054528713226318,0.3720945480408386,6.331591870605555,0.09928101464174688,0.003018080897073483,0.38442013368377675,-0.20618930885903353,0.39410664222060365,-0.01937517710030079,0.038277264684438705
1769859975.3045478,371.0,1.9173076644850091,3.9520534398496303,-0.10514314472675323,0.3720945480408386,3.1841793214196827,0.1030643549747765,0.005654723732552136,0.3844504492252404,-0.22287196447798605,0.38971584136191295,-0.01937517710030079,0.038277264684438705
1769859975.355395,371.0,1.9173076644850091,3.9520534398496303,-0.11032266914844513,0.3720945480408386,2.8713128655849918,0.1082438793964684,0.005654723732552136,0.3845136108703049,-0.23273504182840052,0.3940525892499773,-0.019757848232984543,0.03982724994421005
1769859975.4128358,373.0,1.9326366712704899,3.9494284619500775,-0.11032266914844513,0.3720945480408386,2.8713128655849918,0.10674015549011528,0.008233183594738456,0.38447588170381247,-0.2390132052990136,0.3903823202918336,-0.019757848232984543,0.03982724994421005
1769859975.4645958,373.0,1.9326366712704899,3.9494284619500775,-0.11450858414173126,0.3720945480408386,-2.1585024653378424,0.11092607048340142,0.008233183594738456,0.3845389871871085,-0.24694894519355454,0.3932879499578481,-0.020225942134857178,0.04295680299401283
1769859975.5356557,375.0,1.9494320503141036,3.9466989794759355,-0.11450858414173126,0.3720945480408386,-6.069601467558867,0.1095894267782569,0.010892098523880895,0.3844932351068135,-0.25381646326624135,0.39072883453183627,-0.021264828741550446,0.04605669900774956
1769859975.5901594,376.0,1.9620965177828495,3.944789850919437,-0.11710246652364731,0.3729556929486031,-6.069601467558867,0.11157764261588454,0.012735689743179391,0.38220143312467314,-0.26405065871092936,0.3992279955737602,-0.021945646032691002,0.04723915085196495
1769859975.6505384,377.0,1.9755256138236308,3.9429894749771655,-0.11615061014890671,0.3736866517800964,-8.155511903796224,0.11006188951432705,0.014456100788986589,0.37998837251381173,-0.267213912952454,0.39355432710928245,-0.021945646032691002,0.04723915085196495
1769859975.7115393,377.0,1.9755256138236308,3.9429894749771655,-0.1110268086194992,0.3736866517800964,-9.88284789759517,0.10493808798491955,0.014456100788986589,0.3798301347951092,-0.25755196000223046,0.39525552761383664,-0.021382970735430717,0.04545510560274124
1769859975.7816463,379.0,1.9884780246296458,3.9414495616394136,-0.1110268086194992,0.3736866517800964,-9.88284789759517,0.10393560538068414,0.015909661632402594,0.3797704618767486,-0.26080563941039514,0.39574071627810214,-0.02489582635462284,0.0480603389441967
1769859975.8453805,380.0,2.0018741691912054,3.940265774377764,-0.10397030413150787,0.3736866517800964,-11.813777178342017,0.096440514549613,0.016995648524501264,0.3797592753480332,-0.25045446696084755,0.3982119446990999,-0.02489582635462284,0.0480603389441967
1769859975.898698,381.0,2.0142298519174657,3.9396264813672572,-0.0929112508893013,0.3736866517800964,-12.769622936378203,0.08498464524745941,0.017537998875750967,0.37973657651846665,-0.23064606730571469,0.3959244383435394,-0.023012129589915276,0.038123585283756256
1769859975.9472055,381.0,2.0142298519174657,3.9396264813672572,-0.0824384093284607,0.3736866517800964,-12.769622936378203,0.0745118036866188,0.017537998875750967,0.3797470503744177,-0.21055955656476413,0.39331717348647033,-0.02498437464237213,0.03212952986359596
1769859976.0318828,383.0,2.0272549631116172,3.939211050033048,-0.0824384093284607,0.3736866517800964,-13.694447911527362,0.07384348101913929,0.01784517432271559,0.37963513235342494,-0.21037786039661888,0.3880594252383221,-0.02498437464237213,0.03212952986359596
1769859976.0892985,384.0,2.040470249840593,3.939138934645605,-0.07091930508613586,0.3736866517800964,-14.149132314798152,0.062052871100604534,0.017802087603015868,0.3795791404589937,-0.1875493893996229,0.4049926927586947,-0.02670310065150261,0.029429983347654343
1769859976.1658597,386.0,2.0547901529170978,3.939340267155192,-0.05832317844033241,0.37320205333006956,-14.542612116092924,0.04903904255479574,0.017470994345611075,0.38071947395503736,-0.16115385074730812,0.3937509731681078,-0.030227676033973694,0.03705345094203949
1769859976.2462451,386.0,2.0547901529170978,3.939340267155192,-0.04515204578638077,0.3728058630213831,-15.12898832178556,0.0358679099008441,0.017470994345611075,0.38192737920211683,-0.135343299759349,0.40004658449807823,-0.029362007975578308,0.028560299426317215
1769859976.3370225,387.0,2.068647303302369,3.9398365776185598,-0.03602708876132965,0.3728058630213831,-15.310229439351778,0.02659675758332014,0.016845427191072012,0.3819365761961729,-0.11487203084999892,0.4024859391044834,-0.026403071358799934,0.017754271626472473
1769859976.4190845,390.0,2.0942266218049674,3.941431625808769,-0.02463618665933609,0.37320205333006956,-14.756640313449994,0.015017888508737087,0.015006226505657213,0.3804779801449543,-0.08547336939180197,0.4089230261116038,-0.021834619343280792,-0.011696312576532364
1769859976.508322,391.0,2.1070653473049457,3.9425640940932554,-0.007650189101696014,0.3734806505540067,-14.943062411426453,-0.0019472241401672363,0.013750388122465734,0.37951646345820145,-0.047280807738704564,0.4002337171417638,-0.020460810512304306,-0.024243943393230438
1769859976.5675802,392.0,2.119596980428813,3.94386319384124,0.004949280992150307,0.3739660584971791,-14.349983917055283,-0.014484039507806301,0.012331522334848834,0.37801731638475644,-0.017182146655986292,0.40628626939003226,-0.021210217848420143,-0.033544138073921204
1769859976.6254368,392.0,2.119596980428813,3.94386319384124,0.018334470689296722,0.3744755877629393,-13.215046217907775,-0.027869229204952717,0.012331522334848834,0.376551471317355,0.00944335615867685,0.395909276038322,-0.021210217848420143,-0.033544138073921204
1769859976.686732,394.0,2.1324222121632412,3.9454098980387613,0.018334470689296722,0.3744755877629393,-12.064173927307111,-0.027618609368801117,0.0106638230745859,0.37602915478778837,0.014926419053873173,0.3953708578974813,-0.016891948878765106,-0.05648547038435936
1769859976.7365434,395.0,2.146404506331432,3.9472239520027386,0.031035320833325386,0.3744755877629393,-12.064173927307111,-0.04013149440288544,0.008720746735394979,0.37600751023846,0.046863610759994116,0.39496453955863897,-0.008980603888630867,-0.09480440616607666
1769859976.8007329,396.0,2.159677571606811,3.9490435804363186,0.04195253923535347,0.3744755877629393,-10.745788462854012,-0.05081897787749767,0.006782486633066292,0.37602915365150974,0.0750567255069621,0.39255407107339574,-0.008980603888630867,-0.09480440616607666
1769859976.8503203,396.0,2.159677571606811,3.9490435804363186,0.05097765475511551,0.3744755877629393,-9.233435500101942,-0.05984409339725971,0.006782486633066292,0.37618666232349235,0.09287887487869409,0.39724596722137295,-0.008415302261710167,-0.10366202890872955
1769859976.8993545,398.0,2.172357507059616,3.9508611786923256,0.05097765475511551,0.3744755877629393,-9.233435500101942,-0.05925931315869093,0.004856016151761305,0.37585777245144936,0.09853614301006162,0.3921927623046865,-0.00808793120086193,-0.11179152131080627
1769859976.9688694,399.0,2.1838941772505067,3.9525569606179305,0.05664336681365967,0.3744755877629393,-6.581682551801529,-0.06456997990608215,0.0030657278460981944,0.37609237026348863,0.1154556431242129,0.3919604634238999,-0.005608916282653809,-0.1245742067694664
1769859977.0253773,399.0,2.1838941772505067,3.9525569606179305,0.06077125668525696,0.3744755877629393,-4.897263326912925,-0.06869786977767944,0.0030657278460981944,0.37635632355518417,0.12355620737926362,0.3991805038649929,-0.005608916282653809,-0.1245742067694664
1769859977.0782013,400.0,2.193830212178457,3.954003550826348,0.06077125668525696,0.3744755877629393,-4.897263326912925,-0.06830105418339372,0.001541749284547432,0.3763990759327557,0.12820058039083881,0.39385972234155525,-0.003141116350889206,-0.14631757140159607
1769859977.1534934,401.0,2.203444223147405,3.955318235968067,0.06585191935300827,0.3744755877629393,-0.9844644863628353,-0.0729431314393878,0.000156139108832216,0.3768081592362706,0.14224573419483807,0.3934699602021248,-0.003141116350889206,-0.14631757140159607
1769859977.2159967,401.0,2.203444223147405,3.955318235968067,0.0706288069486618,0.3744755877629393,0.5410644523310568,-0.07772001903504133,0.000156139108832216,0.3771031069865078,0.15158408257488587,0.39787190784666643,-0.002516951411962509,-0.15249180793762207
1769859977.2756789,402.0,2.2144688571897513,3.956660310969879,0.0706288069486618,0.3750392800283011,0.8552208150305882,-0.07723966334015131,-0.0012619699939757458,0.3758817875675052,0.15565945522173205,0.39759781165793023,-0.0013324329629540443,-0.1720435917377472
1769859977.3232465,403.0,2.226692779959788,3.9579526991364715,0.07148056477308273,0.3750392800283011,0.8552208150305882,-0.0955692008137703,-0.0027592241578280976,0.3758258275945414,0.19673980113286427,0.396357113522171,-0.0005168477073311806,-0.19233918190002441
1769859977.3742776,403.0,2.226692779959788,3.9579526991364715,0.071131631731987,0.37561256477478167,4.300433595620842,-0.09522026777267456,-0.0027592241578280976,0.373747348726494,0.1958449351895183,0.3923440760531675,-0.0005168477073311806,-0.19233918190002441
1769859977.4352746,405.0,2.2402839070246023,3.9592113645234632,0.071131631731987,0.37561256477478167,4.300433595620842,-0.13016203418374062,-0.004549750096309046,0.3740879079109503,0.2697228454468666,0.3937156266731108,0.004406154155731201,-0.22085371613502502
1769859977.4912992,406.0,2.255094444627855,3.960428312122025,0.07049299031496048,0.376403279988326,5.645705123974039,-0.14698738604784012,-0.006708281528353782,0.3719335796823109,0.30798673260827186,0.3982986838091406,0.004833970218896866,-0.24106842279434204
1769859977.5441327,406.0,2.255094444627855,3.960428312122025,0.06810130178928375,0.3774593544565944,6.615121071986022,-0.1445956975221634,-0.006708281528353782,0.3681326337538941,0.30320481612596595,0.3955757143265213,0.004833970218896866,-0.24106842279434204
1769859977.6174974,407.0,2.269371455950497,3.9614325183612373,0.06810130178928375,0.3774593544565944,7.079249215474963,-0.1620550900697708,-0.008973731025505206,0.3684837248752748,0.3433689075344966,0.39596786236114745,0.00889037549495697,-0.25745171308517456
1769859977.6718311,409.0,2.282372478568142,3.9620962069403007,0.06374014168977737,0.3774593544565944,7.079249215474963,-0.19259891659021378,-0.011086581665269196,0.36829310898689493,0.40558934760274096,0.40256908280058434,0.014910225756466389,-0.2726224958896637
1769859977.7212446,410.0,2.2943275750217675,3.9625276185405527,0.059362489730119705,0.3774593544565944,8.150080223103958,-0.20566687360405922,-0.013101791999529483,0.36815856631418337,0.43397128867572043,0.39678935044012575,0.014910225756466389,-0.2726224958896637
1769859977.7869432,410.0,2.2943275750217675,3.9625276185405527,0.052121520042419434,0.3774593544565944,8.685128172903525,-0.19842590391635895,-0.013101791999529483,0.36750306785802694,0.42115891007740053,0.3945237017191414,0.019194884225726128,-0.2888355851173401
1769859977.8355513,411.0,2.306430836434064,3.96274451424334,0.04256318509578705,0.3774593544565944,8.918629825510871,-0.20630857348442078,-0.015166516548115157,0.3680854808660884,0.44145652763008225,0.40026223834193075,0.02230002172291279,-0.29530012607574463
1769859977.8852775,412.0,2.3189147972500685,3.9627245397029482,0.04256318509578705,0.3774593544565944,8.918629825510871,-0.2237449735403061,-0.017309629958680916,0.36797123435283563,0.4779540403438946,0.39401589479697813,0.026665281504392624,-0.31659162044525146
1769859977.9395888,413.0,2.332011809260362,3.962565608954607,0.03644266724586487,0.37788862231501597,11.221088225372537,-0.23505626618862152,-0.019697529066381562,0.36680264057352946,0.4886921895074948,0.39511389156251125,0.026665281504392624,-0.31659162044525146
1769859977.9904666,413.0,2.332011809260362,3.962565608954607,0.03644266724586487,0.37788862231501597,11.221088225372537,-0.23505626618862152,-0.019697529066381562,0.36575100513921144,0.4886921902907935,0.39401197999181403,0.0322190597653389,-0.31926143169403076
1769859978.0546186,415.0,2.3443673586847833,3.962301088922808,0.030101051554083824,0.37788862231501597,16.95066617668077,-0.2635644879192114,-0.02209521231361725,0.36656149081526723,0.48869219053690177,0.3958436772188866,0.03627632558345795,-0.3352922201156616
1769859978.1150334,416.0,2.357105711170449,3.961801488927102,0.023607226088643074,0.37788862231501597,17.37235629205801,-0.27448868937790394,-0.024605408736926796,0.36615001050816726,0.48869219040516976,0.39996611212203187,0.03627632558345795,-0.3352922201156616
1769859978.1688585,416.0,2.357105711170449,3.961801488927102,0.011970994994044304,0.37788862231501597,19.67358921774447,-0.26285245828330517,-0.024605408736926796,0.365201608109164,0.4886921905584053,0.39838666732506844,0.03951984643936157,-0.33703967928886414
1769859978.2273774,417.0,2.3684562042047164,3.9611127508076316,0.011970994994044304,0.37788862231501597,19.67358921774447,-0.2802658658474684,-0.02682659212178696,0.36597446341104634,0.48869219055802277,0.3943831540929456,0.04128608852624893,-0.3436603248119354
1769859978.295717,417.0,2.3684562042047164,3.9611127508076316,-0.0041437698528170586,0.3774593544565944,24.864723270972277,-0.264151101000607,-0.02682659212178696,0.3662293440177908,0.4886921905584091,0.3961424205788475,0.04128608852624893,-0.3436603248119354
1769859978.3586628,418.0,2.379886646376675,3.9599862699615613,-0.0041437698528170586,0.3771357374332148,24.130628051764806,-0.2815599190071225,-0.02885698799107453,0.3679234336639921,0.48869219054648577,0.400206215610404,0.042968787252902985,-0.3523183763027191
1769859978.4172227,419.0,2.3917463130641075,3.9583668030749757,-0.022341225296258926,0.3771357374332148,24.130628051764806,-0.28076669201254845,-0.03075747547083503,0.3677983997387744,0.4886921905584087,0.39943056201912575,0.043655913323163986,-0.34477925300598145
1769859978.476014,420.0,2.404842095149686,3.9560104787082038,-0.047959811985492706,0.37692245368168176,27.384749312930637,-0.27254774421453476,-0.03258542653540339,0.3681796905354023,0.4886921905523223,0.39721379381450783,0.04426206275820732,-0.3398914933204651
1769859978.5373926,420.0,2.404842095149686,3.9560104787082038,-0.06606296449899673,0.3764403211448254,27.999999939786868,-0.25444459170103073,-0.03258542653540339,0.3687670089195516,0.4886921905584091,0.3961247570114151,0.04426206275820732,-0.3398914933204651
1769859978.6073186,422.0,2.417186484696426,3.9534122343619087,-0.06606296449899673,0.37590783829681496,27.999999984666577,-0.2892300710082054,-0.03421595190196485,0.3711240043471038,0.48869219055841057,0.39566915734065644,0.04645679146051407,-0.35151487588882446
1769859978.6533046,423.0,2.4303327221782323,3.950232732168627,-0.09313967078924179,0.37560171721381985,27.999999984666577,-0.27953920513391495,-0.035851548126417894,0.3719030421641692,0.4886921905584101,0.4003558608570141,0.047197580337524414,-0.3500230312347412
1769859978.716896,424.0,2.4424064345957768,3.9467961081729115,-0.11106152087450027,0.37560171721381985,27.999999991219852,-0.27899860590696335,-0.03713537271186128,0.37171461968119923,0.4886921905584104,0.3911641225451068,0.047197580337524414,-0.3500230312347412
1769859978.807803,424.0,2.4424064345957768,3.9467961081729115,-0.13607561588287354,0.3752805834249894,27.999999999999602,-0.2539845108985901,-0.03713537271186128,0.3719544949511371,0.4886921902652018,0.3956491585731801,0.04836050420999527,-0.35460954904556274
1769859978.8779004,425.0,2.4550787878416687,3.9425538640900255,-0.1681784987449646,0.37455812954341927,27.999999999977682,-0.23925825953483582,-0.03817420787213456,0.3742029357871189,0.48869219055840546,0.40474218049474986,0.04789557307958603,-0.35554152727127075
1769859978.936231,427.0,2.4676600917822986,3.9379128941527464,-0.1681784987449646,0.37455812954341927,27.999999999977682,-0.2739977538585663,-0.03910187890918122,0.3746512471293644,0.488692190558374,0.3998105088347043,0.04746733978390694,-0.3613860607147217
1769859979.0013523,428.0,2.481283714266678,3.9324996802081165,-0.20184695720672607,0.3727206552641472,27.999999999316664,-0.2576921582221985,-0.040089705353155126,0.37923351326325455,0.48869219055823515,0.3938758126551637,0.04746733978390694,-0.3613860607147217
1769859979.053138,428.0,2.481283714266678,3.9324996802081165,-0.22848233580589294,0.3683418902845431,27.999999999999794,-0.23105677962303162,-0.040089705353155126,0.39096676239674416,0.4886921905584083,0.3895664724474512,0.046568263322114944,-0.35286468267440796
1769859979.0992258,429.0,2.4952380437624866,3.9265259754004362,-0.22848233580589294,0.3683418902845431,27.999999999999794,-0.2484150528907776,-0.04107996550041289,0.3928709321536338,0.48869219034605266,0.38646097586246,0.04651112109422684,-0.35001975297927856
1769859979.156452,429.0,2.4952380437624866,3.9265259754004362,-0.25120770931243896,0.365452164250654,27.99999999999982,-0.22568967938423157,-0.04107996550041289,0.3997871006955818,0.4886921904774253,0.38195300532560145,0.04651112109422684,-0.35001975297927856
1769859979.2362468,431.0,2.5093509510390497,3.9201299449229423,-0.25120770931243896,0.365452164250654,27.999999999999876,-0.260392427444458,-0.04215084485354286,0.40154895725626544,0.4886921905584101,0.38738631114320776,0.04607774317264557,-0.34929949045181274
1769859979.2959144,432.0,2.522615776026226,3.9136865583189815,-0.2789663076400757,0.3647550071062098,27.999999999999876,-0.24997824430465698,-0.04313790610761749,0.40278719491636034,0.48869219055840984,0.39519723150760777,0.04608108103275299,-0.34800490736961365
1769859979.3575923,434.0,2.5367845005267116,3.9061569382537327,-0.3146810233592987,0.3647550071062098,27.999999999999893,-0.24893870949745178,-0.04402793307049451,0.40296379412771705,0.48869219055840984,0.3851389433293075,0.04592462256550789,-0.34641796350479126
1769859979.4172769,435.0,2.550458752745898,3.898400411670141,-0.3400294780731201,0.36368402618044116,27.999999983200276,-0.24092090129852295,-0.04487226128364352,0.4056573807168189,0.4886921905023628,0.3864835295785401,0.04592462256550789,-0.34641796350479126
1769859979.4738793,435.0,2.550458752745898,3.898400411670141,-0.36557111144065857,0.3631323010310463,27.99999999999961,-0.2153792679309845,-0.04487226128364352,0.4070156548981567,0.48869219055840735,0.3852155211681331,0.04653722047805786,-0.34659484028816223
1769859979.5293849,437.0,2.5638082915541016,3.8903360779457614,-0.36557111144065857,0.3631323010310463,27.99999999999961,-0.2500268518924713,-0.045672984116254686,0.4081076448468911,0.4886921905584094,0.38356656204540895,0.04584985226392746,-0.34120965003967285
1769859979.5903382,438.0,2.576644087229713,3.8822178201442257,-0.3877992331981659,0.36273924128942037,27.999999999989853,-0.24511560797691345,-0.04651972107454806,0.40850075940709324,0.4886921905584098,0.3843751615042562,0.04468119889497757,-0.33915793895721436
1769859979.6388712,438.0,2.576644087229713,3.8822178201442257,-0.4132038950920105,0.36184475660163384,27.999999999999773,-0.21971094608306885,-0.04651972107454806,0.41053734316359225,0.48869219055840823,0.38368192012971475,0.04468119889497757,-0.33915793895721436
1769859979.7128632,439.0,2.5889501074348296,3.874000153761261,-0.4132038950920105,0.3609913856073331,27.99999998783269,-0.2370232343673706,-0.0473315524047251,0.41381833325158623,0.4886921902718773,0.3785000390662049,0.045056503266096115,-0.3387405276298523
1769859979.767861,441.0,2.599598827180128,3.8664032178707886,-0.4384874403476715,0.3609913856073331,27.99999998783269,-0.24635049700737,-0.047937056282038384,0.413714056287639,0.48869219055841,0.38755337496664,0.04484749585390091,-0.32796335220336914
1769859979.822752,442.0,2.6100395409334305,3.8585530725279993,-0.46243220567703247,0.3602725172287451,27.999999999999876,-0.23970425128936768,-0.04849037495969656,0.41539952185852097,0.4886921905584098,0.3812408485582916,0.04484749585390091,-0.32796335220336914
1769859979.8811934,442.0,2.6100395409334305,3.8585530725279993,-0.48948273062705994,0.3594081664279124,27.99999999999986,-0.2126537263393402,-0.04849037495969656,0.4175542403705194,0.48869219044742035,0.3803487758351508,0.044025108218193054,-0.32626664638519287
1769859979.9500577,443.0,2.6206463548805528,3.850066317406502,-0.48948273062705994,0.3594081664279124,27.99999999999986,-0.22994759678840637,-0.04894577435108762,0.4185493169544077,0.4886921905584094,0.3810628813525,0.04280807077884674,-0.32391250133514404
1769859980.0108252,444.0,2.631778919754941,3.840697833686073,-0.5179272294044495,0.3594081664279124,27.999999996788603,-0.21879243850708008,-0.04939938082995251,0.4180682364455195,0.48869219055837093,0.38698471561651754,0.0423416830599308,-0.3207677900791168
1769859980.0772398,446.0,2.642775798656653,3.831009169974647,-0.5487685799598694,0.3587258208722641,27.99999999999972,-0.22251588106155396,-0.049866605038818804,0.4200607109246064,0.488692190558409,0.381658131340653,0.0423416830599308,-0.3207677900791168
1769859980.136634,447.0,2.653125131778778,3.8214729714934315,-0.5673877596855164,0.3580307850162567,27.999999999999837,-0.22117221355438232,-0.050324737531722445,0.42198043463244517,0.48869219055840896,0.38496756441243085,0.04277417063713074,-0.31826645135879517
1769859980.198156,447.0,2.653125131778778,3.8214729714934315,-0.5673877596855164,0.3580307850162567,27.999999999999837,-0.22117221355438232,-0.050324737531722445,0.4220343279626942,0.48869219055840896,0.37795340646516207,0.04229694604873657,-0.31106507778167725
1769859980.27115,448.0,2.6629878446484763,3.811943063332054,-0.5854615569114685,0.3580307850162567,27.99999999999977,-0.2203693389892578,-0.05074857068179555,0.42216893393587934,0.48869219055840896,0.38207253955337567,0.0411931611597538,-0.30506712198257446
1769859980.3416352,449.0,2.672366112071333,3.802339302785036,-0.6144954562187195,0.3573055100568395,27.999999983582757,-0.20860177278518677,-0.0510628094877007,0.4239068398785989,0.4886921905576206,0.3840423500559631,0.0411931611597538,-0.30506712198257446
1769859980.4108827,449.0,2.672366112071333,3.802339302785036,-0.6465498208999634,0.3573055100568395,27.999999999999872,-0.17654740810394287,-0.0510628094877007,0.4241205752461955,0.48869023934980926,0.3847232111522131,0.04004151374101639,-0.29495418071746826
1769859980.4950943,451.0,2.68210537192749,3.791647739429974,-0.6465498208999634,0.3573055100568395,27.999999999999858,-0.21106624603271484,-0.051223458137215044,0.42544740459406427,0.4886921905584083,0.38381563666794544,0.03881046175956726,-0.2970072031021118
1769859980.5644357,452.0,2.691508384056648,3.7808384360717016,-0.6793192028999329,0.35671399979082774,27.999999999999837,-0.1955493688583374,-0.05138132840862452,0.42570057358364477,0.488692190558339,0.39159689236025913,0.03820544481277466,-0.28838878870010376
1769859980.6219716,454.0,2.7014872081015335,3.768747759754427,-0.7083402276039124,0.35632135208144333,27.999999999999837,-0.20101964473724365,-0.051520062082358445,0.4274063699977674,0.48869219055833985,0.3848973175144124,0.033056531101465225,-0.27788275480270386
1769859980.6736784,455.0,2.7112619838258603,3.756403224860172,-0.7321998476982117,0.3558202171860379,27.99999999999763,-0.19439876079559326,-0.0517359777811954,0.4286447655944017,0.48869219055840557,0.377738687762164,0.033056531101465225,-0.27788275480270386
1769859980.7541018,455.0,2.7112619838258603,3.756403224860172,-0.7497179508209229,0.35508224994071036,27.999999999999815,-0.17688065767288208,-0.0517359777811954,0.43079201991068333,0.4886921185826159,0.3794311220740049,0.035177189856767654,-0.2830278277397156
1769859980.8234322,456.0,2.7199516590222057,3.744899837228091,-0.7497179508209229,0.35508224994071036,27.99999999999981,-0.1941148042678833,-0.05194809318003925,0.4318538286872428,0.48869216244062574,0.38447830599804966,0.03142017126083374,-0.2708507776260376
1769859980.902654,457.0,2.7268433922735316,3.735293454652976,-0.7620684504508972,0.35508224994071036,27.99999999999981,-0.19899386167526245,-0.05207720327001598,0.43113829954957245,0.48869219055839797,0.38409110830056803,0.03473152965307236,-0.2845655679702759
1769859980.9713411,459.0,2.7339914386814237,3.7246504450243663,-0.7928957343101501,0.35508224994071036,27.99999999999981,-0.20261186361312866,-0.05207280845720743,0.43092985180547033,0.48869219055840735,0.38520888540999504,0.033192556351423264,-0.2682756185531616
1769859981.0164218,460.0,2.7400761043386392,3.7150972052725195,-0.8102688193321228,0.3545770035474207,27.99999999995464,-0.20245450735092163,-0.052010334641175264,0.43211208784747945,0.4886921905584073,0.37745956423730004,0.033192556351423264,-0.2682756185531616
1769859981.087257,460.0,2.7400761043386392,3.7150972052725195,-0.8315865397453308,0.35439572201260244,27.9998882039821,-0.18113678693771362,-0.052010334641175264,0.43270280267989947,0.4886921905284266,0.3729219826997764,0.0373169369995594,-0.29126685857772827
1769859981.1505244,461.0,2.74568347786155,3.705919303733863,-0.8503033518791199,0.35428493252073506,27.999999999999773,-0.17963117361068726,-0.051938046098859006,0.43375204152904007,0.48869219044159984,0.3838758671337431,0.0306383203715086,-0.2538490295410156
1769859981.2079864,462.0,2.751288620336968,3.6963427003373304,-0.8503033518791199,0.35428493252073506,27.999999999999773,-0.19683772325515747,-0.051846010865113874,0.43391226947849015,0.4886921905583897,0.37919356071247906,0.03520602360367775,-0.2684098482131958
1769859981.2824798,463.0,2.757334689114947,3.68551822226702,-0.8745647668838501,0.35417040234171504,27.99999999999585,-0.18977832794189453,-0.051724600629334434,0.43350313252482187,0.4886918894325692,0.37774975451816206,0.03520602360367775,-0.2684098482131958
1769859981.3407521,464.0,2.7622350108549947,3.676251738527282,-0.889786422252655,0.3541550690259503,27.999999999999616,-0.19175392389297485,-0.051570893618278504,0.4338195944450976,0.48869187955901594,0.3819978763397404,0.02458069659769535,-0.20347851514816284
1769859981.4021335,464.0,2.7622350108549947,3.676251738527282,-0.9108833074569702,0.35400839108509263,27.99999587609064,-0.17065703868865967,-0.051570893618278504,0.4341085569344934,0.48869140712361,0.3775148973195695,0.0272073931992054,-0.21446961164474487
1769859981.465111,465.0,2.767103412422874,3.6665956271382436,-0.9108833074569702,0.3538356829856101,27.9999983889695,-0.18784987926483154,-0.051384517899559695,0.435430329952845,0.48869219055830526,0.37880259458810944,0.03161600977182388,-0.22148361802101135
1769859981.5202813,466.0,2.772108053978429,3.656081136053161,-0.9325626492500305,0.3538356829856101,27.9999983889695,-0.18335872888565063,-0.051126433663053715,0.4346965982704925,0.48869219053858354,0.380179455284419,0.041086599230766296,-0.25615233182907104
1769859981.583222,467.0,2.7770599979639874,3.645105803262365,-0.9594302773475647,0.3535369520908126,27.99999999999972,-0.17367464303970337,-0.0508398321765318,0.4355736553680366,0.48869213187025623,0.3762425689424578,0.04090221971273422,-0.24907155334949493
1769859981.6331306,468.0,2.781400606813366,3.6349272594240674,-0.977268397808075,0.3531469272927471,27.999999999999716,-0.1730155348777771,-0.05054938644088962,0.4370496875832289,0.48868752939155796,0.37956994900933705,0.04090221971273422,-0.24907155334949493
1769859981.6807926,468.0,2.781400606813366,3.6349272594240674,-0.977268397808075,0.352911068584309,27.999999999999716,-0.1730155348777771,-0.05054938644088962,0.4379620571903727,0.4886910343783532,0.3738226065432515,0.043154746294021606,-0.24055907130241394
1769859981.7299902,469.0,2.785501377092871,3.6249544491925967,-0.991311252117157,0.352911068584309,27.999999993307142,-0.17614704370498657,-0.05031315879531405,0.437872399826016,0.4886921904932068,0.3714256527356591,0.0424848273396492,-0.246358722448349
1769859981.8232028,469.0,2.785501377092871,3.6249544491925967,-1.0091674327850342,0.352792646536654,27.999999999998707,-0.15829086303710938,-0.05031315879531405,0.437919992385665,0.48488080597914635,0.3724680703507365,0.04205198585987091,-0.25661179423332214
1769859981.8835144,471.0,2.7930033275514394,3.604775552125175,-1.0319957733154297,0.3527490457568462,27.99998274676009,-0.16979753971099854,-0.049657139891078846,0.43783202312000435,0.48309154827263606,0.39248197950703867,0.04205198585987091,-0.25661179423332214
1769859981.9475553,472.0,2.796417035765716,3.5944767347459474,-1.059025764465332,0.3524034653816333,27.99998218104716,-0.1599280834197998,-0.04921598360023632,0.4389241798268751,0.4654603445142269,0.37799285775016117,0.045557521283626556,-0.260468065738678
1769859982.0607169,472.0,2.796417035765716,3.5944767347459474,-1.0912359952926636,0.3513730750931655,27.999955112492305,-0.12771785259246826,-0.04921598360023632,0.43927863735154143,0.45905557774515376,0.3753035423186524,0.04015961289405823,-0.25693586468696594
1769859982.143284,474.0,2.8039445571089896,3.568521498464617,-1.1138904094696045,0.3505814643556171,27.999999999993868,-0.13937079906463623,-0.04790614129492794,0.44321074491994,0.42640323742760117,0.3997302270692706,0.04301997274160385,-0.25793561339378357
1769859982.207207,476.0,2.8078807245855937,3.5528330146690577,-1.1515403985977173,0.3505814643556171,27.9999999988639,-0.1360098123550415,-0.04708995111791283,0.443535052195593,0.4176606328965584,0.38612207829954415,0.0402999147772789,-0.25214049220085144
1769859982.2793071,477.0,2.811323302761255,3.5376324093618168,-1.176979422569275,0.3505706103452577,27.999996637416352,-0.12770843505859375,-0.046333946182990284,0.4433247909867816,0.4007891086364505,0.37557003326839195,0.0402999147772789,-0.25214049220085144
1769859982.387514,477.0,2.811323302761255,3.5376324093618168,-1.2018530368804932,0.350415211463162,27.999732934811643,-0.10283482074737549,-0.046333946182990284,0.4434514112466945,0.3934260620897814,0.37891467932753836,0.04433668404817581,-0.22961410880088806
1769859982.4667945,480.0,2.8171275819609383,3.5052452017819404,-1.2387055158615112,0.350415211463162,27.999999996264002,-0.11736762523651123,-0.04451632770730763,0.4420927847809636,0.37635698022247405,0.39706674378815304,0.04474036395549774,-0.21639499068260193
1769859982.5348098,482.0,2.819319285016507,3.489422929938564,-1.2686126232147217,0.350415211463162,27.999999996264002,-0.12169432640075684,-0.04362368007572591,0.4413943097491728,0.38108358211403354,0.381829705878959,0.04337623715400696,-0.20438973605632782
1769859982.6189368,483.0,2.820886217269101,3.474699224727871,-1.2870348691940308,0.35030033645767217,27.781623749506817,-0.12038207054138184,-0.042689445653139875,0.4410529669647384,0.3757081908092017,0.379138419920223,0.042005736380815506,-0.18868829309940338
1769859982.6767836,485.0,2.8221068682977286,3.458831468002034,-1.3168970346450806,0.35026524896816386,27.679106834462523,-0.12472617626190186,-0.04161171166533343,0.43918944463625353,0.3797599046604219,0.38607764128377436,0.039895862340927124,-0.17910319566726685
1769859982.7473814,486.0,2.822913216671033,3.4431818927633855,-1.3481196165084839,0.35026524896816386,26.66891327137048,-0.11059987545013428,-0.040548584285192105,0.4382613658281879,0.3511187101926716,0.3745370457685064,0.039895862340927124,-0.17910319566726685
1769859982.8173292,486.0,2.822913216671033,3.4431818927633855,-1.3719711303710938,0.35026524896816386,26.30194716673695,-0.08674836158752441,-0.040548584285192105,0.4385604197025235,0.32990552218089714,0.37851510876696454,0.036158375442028046,-0.15889805555343628
1769859982.8616257,488.0,2.823225858363574,3.4289764698375764,-1.3950492143630981,0.35030033645767217,24.43110587531633,-0.09784889221191406,-0.03950581108706063,0.43501407198141917,0.3238865445792868,0.37920437671422336,0.03277323395013809,-0.13946837186813354
1769859982.9070249,489.0,2.8232118399725628,3.414930077700215,-1.3950492143630981,0.35030033645767217,24.43110587531633,-0.11493134498596191,-0.038470645088858,0.4333721876413202,0.35176999822886357,0.3683920555937749,0.030866073444485664,-0.1259310245513916
1769859982.955846,489.0,2.8232118399725628,3.414930077700215,-1.4140621423721313,0.350415211463162,22.963524399678867,-0.09591841697692871,-0.038470645088858,0.43381469083811225,0.3173272313039566,0.36901979642979466,0.030866073444485664,-0.1259310245513916
1769859983.0068734,490.0,2.8228832715709964,3.4009459424412554,-1.4140621423721313,0.350415211463162,22.963524399678867,-0.11299633979797363,-0.037438485353705,0.43095372346416416,0.34482197454660407,0.3703172751383952,0.028825927525758743,-0.1114608645439148
1769859983.0692465,491.0,2.8223934673203894,3.388827832062031,-1.4333994388580322,0.3505706103452577,21.563666557036356,-0.11073219776153564,-0.0365926001135121,0.42814372468792056,0.3376817390470649,0.3710980729716116,0.028825927525758743,-0.1114608645439148
1769859983.1256828,491.0,2.8223934673203894,3.388827832062031,-1.4492462873458862,0.35063606130108194,21.83448089686127,-0.09488534927368164,-0.0365926001135121,0.4283867989292396,0.3235777512434342,0.3763295418640159,0.02721138298511505,-0.10196039825677872
1769859983.187315,493.0,2.821717990350147,3.3771496247375206,-1.4492462873458862,0.3515161283924017,21.7586397653327,-0.11177968978881836,-0.035774599411703335,0.44559753850686984,0.3442138683921005,0.37510484524801657,0.024679772555828094,-0.09536673128604889
1769859983.254595,494.0,2.82094307828187,3.3657897348586254,-1.4671961069107056,0.3515161283924017,21.7586397653327,-0.0936664342880249,-0.03488848779998727,0.44593357054805605,0.3082325740810773,0.3728675047761218,0.022939881309866905,-0.08804589509963989
1769859983.3200843,495.0,2.8199470762338192,3.3535733072935683,-1.4927705526351929,0.3520835790253807,20.117620202117163,-0.0679396390914917,-0.033770557742993805,0.44444865999425603,0.2564205634473779,0.3803858282296648,0.022939881309866905,-0.08804589509963989
1769859983.3676744,495.0,2.8199470762338192,3.3535733072935683,-1.5146307945251465,0.3520835790253807,18.90219405902497,-0.046079397201538086,-0.033770557742993805,0.44419825629290444,0.21443585290715886,0.3789417521538469,0.019806433469057083,-0.07506532967090607
1769859983.4414248,496.0,2.818718315616598,3.3406254127791386,-1.5146307945251465,0.3520835790253807,20.154936257838326,-0.04593801498413086,-0.032410141067870525,0.4442175145451309,0.2089604430761773,0.3720113379817612,0.015898611396551132,-0.06251363456249237
1769859983.5054061,498.0,2.817353551617143,3.3274795009671814,-1.5284210443496704,0.3520835790253807,20.154936257838326,-0.0318981409072876,-0.030909398716965786,0.4441910095181064,0.17653893120695235,0.3829911654937985,0.013697674497961998,-0.05286654084920883
1769859983.5692022,499.0,2.815778474432072,3.3139980751008444,-1.544089913368225,0.3528803862429536,18.181511078288374,-0.01612091064453125,-0.029192732726553292,0.442064427954757,0.13950885232817886,0.3747306352667345,0.013697674497961998,-0.05286654084920883
1769859983.6294744,499.0,2.815778474432072,3.3139980751008444,-1.544089913368225,0.35370616727280113,18.181511078288374,-0.01612091064453125,-0.029192732726553292,0.4395486316784647,0.13929402337487407,0.3805734901934092,0.010306866839528084,-0.03826203942298889
1769859983.7062771,501.0,2.8136668125626656,3.2984306231317206,-1.5754355192184448,0.35370616727280113,19.34773846603483,0.01540827751159668,-0.026915242230549176,0.4393247886267132,0.06924397113163216,0.3790730829658922,0.0077409204095602036,-0.021067768335342407
1769859983.7638097,502.0,2.8114333953674775,3.2834703001040033,-1.5920435190200806,0.35370616727280113,18.539639490582804,0.032091498374938965,-0.024520487663242822,0.4392838337575567,0.026910672076696035,0.3855155943961517,0.004722403362393379,-0.009536415338516235
1769859983.815233,502.0,2.8114333953674775,3.2834703001040033,-1.6059664487838745,0.3542364931096763,19.722001908738928,0.04601442813873291,-0.024520487663242822,0.4378075888741443,-0.0008597667991946632,0.3777476870385806,0.004722403362393379,-0.009536415338516235
1769859983.8839018,503.0,2.8091767971372015,3.269634364596287,-1.6059664487838745,0.3542364931096763,17.660425603299217,0.04607868194580078,-0.022113287675012305,0.43765786137142404,-0.00989406054399427,0.37542713550116014,0.0023030638694763184,-0.0018905140459537506
1769859983.9463384,505.0,2.806557459273823,3.2549215301346863,-1.6251332759857178,0.3542364931096763,17.660425603299217,0.06534099578857422,-0.01933268630709749,0.43763471538932036,-0.058467725786090004,0.3818381403521065,0.001177927479147911,0.0008483231067657471
1769859984.0113678,506.0,2.8036703927507363,3.2402573086747695,-1.6413886547088623,0.35462263602773614,12.286269347868327,0.08162760734558105,-0.016284099552474004,0.43657619757433413,-0.10195762826955909,0.380716009484958,0.001177927479147911,0.0008483231067657471
1769859984.06707,506.0,2.8036703927507363,3.2402573086747695,-1.666611909866333,0.3542364931096763,11.972551473448645,0.10685086250305176,-0.016284099552474004,0.43740665398409473,-0.15161131277106496,0.3814753374043964,-0.0004610903561115265,0.008943527936935425
1769859984.1307833,508.0,2.800411217387347,3.2252172511988464,-1.666611909866333,0.3542364931096763,7.993268443118498,0.10688018798828125,-0.012858821557244353,0.4375591637100454,-0.16387855893940745,0.3763895281620129,-0.0007809940725564957,0.01045650988817215
1769859984.1786191,509.0,2.797143184952254,3.210469060386038,-1.6793659925460815,0.3542364931096763,7.993268443118498,0.11963248252868652,-0.00942782847616273,0.4375211964762715,-0.2011132984641329,0.3806788416124959,-0.004862198606133461,0.028882335871458054
1769859984.2294788,509.0,2.797143184952254,3.210469060386038,-1.6918526887893677,0.3546358184401525,7.98095965077692,0.13211917877197266,-0.00942782847616273,0.4364289587363815,-0.22501104719171802,0.3740646561219743,-0.004862198606133461,0.028882335871458054
1769859984.3030467,511.0,2.793744455794996,3.195165590040129,-1.6918526887893677,0.355308806520824,3.967387302568234,0.13208246231079102,-0.005860305928022098,0.43452934112256064,-0.23751895821991786,0.3764445264091385,-0.007266132161021233,0.04548114538192749
1769859984.3645005,513.0,2.7903830740850646,3.1797922537319647,-1.6970833539962769,0.355308806520824,3.967387302568234,0.13723230361938477,-0.0023300708126373806,0.43428551989714115,-0.25978210645620403,0.3834782678325688,-0.00999603234231472,0.05426739901304245
1769859984.4326367,514.0,2.7871338074605374,3.1642889287871716,-1.7064999341964722,0.355308806520824,-0.04926100895932617,0.14659202098846436,0.0010883435072712637,0.43427722367360416,-0.28935138476741906,0.38091304988635544,-0.011548636481165886,0.060394562780857086
1769859984.4909506,516.0,2.7843834299901404,3.1495444734623077,-1.7091349363327026,0.355308806520824,-0.566887911417783,0.14908015727996826,0.003998160757774969,0.4342696430612716,-0.3038936956638512,0.383818809699913,-0.011548636481165886,0.060394562780857086
1769859984.542985,516.0,2.7843834299901404,3.1495444734623077,-1.7086503505706787,0.35597889237365743,-3.3499539252711705,0.14859557151794434,0.003998160757774969,0.43251539517634596,-0.3029503369744747,0.37999959667939637,-0.014481524005532265,0.06946726888418198
1769859984.6031377,517.0,2.7815811934249575,3.1332727916756924,-1.7086503505706787,0.35597889237365743,-3.3499539252711705,0.1485055685043335,0.0069742817513846435,0.43227493356642976,-0.3130242757746928,0.3774482280515094,-0.015096178278326988,0.07193143665790558
1769859984.6772108,519.0,2.7789872300718486,3.116668850071361,-1.7080409526824951,0.35634766628359293,-8.6866883482199,0.1476832628250122,0.00974294949003721,0.43131017941521893,-0.320972228086626,0.38117880194847364,-0.01690632291138172,0.07853024452924728
1769859984.749559,521.0,2.7766734208747943,3.1002613823315928,-1.7038625478744507,0.3565220369205725,-9.389549779913954,0.1432478427886963,0.012226178109244965,0.4307354973345836,-0.3212842115490777,0.3871524640695106,-0.018971923738718033,0.0812402069568634
1769859984.831432,521.0,2.7766734208747943,3.1002613823315928,-1.6996731758117676,0.3567004519356316,-11.522943205949677,0.13905847072601318,0.012226178109244965,0.4304959356627523,-0.3175143964327806,0.38609727246295633,-0.018971923738718033,0.0812402069568634
1769859984.9034202,522.0,2.7748094327071606,3.084702592969637,-1.6914936304092407,0.3567004519356316,-12.892183347904437,0.13073384761810303,0.014247414837514853,0.4301954996709166,-0.3051576805928463,0.3908068207896942,-0.019110193476080894,0.08131954818964005
1769859984.9633253,524.0,2.773435309798572,3.0702935339478863,-1.679673433303833,0.3567004519356316,-13.608833860345426,0.1185905933380127,0.015763828871081752,0.4301821327939471,-0.2878511118573946,0.3860162547955642,-0.018288033083081245,0.0777934119105339
1769859985.0430045,525.0,2.7725680287379992,3.0563093354523287,-1.679673433303833,0.3567004519356316,-14.884418292958745,0.11841249465942383,0.01676580829484485,0.43019561649692134,-0.2909336468471328,0.3813523408843189,-0.01719052344560623,0.07268019020557404
1769859985.0999556,527.0,2.772109816545934,3.042654309473239,-1.6643019914627075,0.35698883632423406,-14.884418292958745,0.10265183448791504,0.017352013689007618,0.42944706299039986,-0.2635835562440234,0.38774982274045966,-0.015528928488492966,0.06505808979272842
1769859985.1562643,528.0,2.7720716638432457,3.0280935921076453,-1.651043176651001,0.3582726138679931,-17.41182618217176,0.08918190002441406,0.017522468965410168,0.42596284474434254,-0.2386198752550741,0.3814440646306736,-0.015528928488492966,0.06505808979272842
1769859985.2382307,528.0,2.7720716638432457,3.0280935921076453,-1.6366416215896606,0.3595684226788841,-17.357775710703493,0.07478034496307373,0.017522468965410168,0.4221110940185752,-0.21107949487022762,0.3822323541375917,-0.01459907554090023,0.06142202019691467
1769859985.3077667,530.0,2.7722875967727,3.013203631615898,-1.6248441934585571,0.3602660455396767,-17.934969887029073,0.06252765655517578,0.01743699683033408,0.4198515706620732,-0.18709618992494736,0.3920123916265658,-0.014003347605466843,0.054983921349048615
1769859985.3751872,531.0,2.772820195166006,2.9989034180425493,-1.6248441934585571,0.3602660455396767,-18.408229345950453,0.06228351593017578,0.017024743363980386,0.4196433770124697,-0.18505209326655894,0.38718300641037084,-0.011069344356656075,0.04607604444026947
1769859985.4255278,532.0,2.773650806098918,2.9853632887572297,-1.6094943284988403,0.3602660455396767,-18.408229345950453,0.04667842388153076,0.01630330434902546,0.4196542952429529,-0.1522318286598907,0.38353896217733274,-0.009996714070439339,0.038555581122636795
1769859985.4846196,534.0,2.7749177106003295,2.971167499292081,-1.5895408391952515,0.3602660455396767,-18.19223485024201,0.026181578636169434,0.015145551930666223,0.4196558792599064,-0.1078583878345032,0.3801265164834454,-0.009996714070439339,0.038555581122636795
1769859985.5402071,534.0,2.7749177106003295,2.971167499292081,-1.5895408391952515,0.36028801809156447,-16.492653837576878,0.026181578636169434,0.015145551930666223,0.4195675644485396,-0.1076442153888493,0.37969936402195936,-0.00969650223851204,0.03586062043905258
1769859985.6067045,535.0,2.776556907145347,2.9572706704592004,-1.567098617553711,0.36028801809156447,-16.492653837576878,0.003451108932495117,0.013607634972393657,0.41958629133624703,-0.057242121327691214,0.3825840018481421,-0.007916092872619629,0.025582119822502136
1769859985.6685593,537.0,2.778409750806378,2.9436202915053107,-1.5538971424102783,0.3603110479846131,-16.66927008269028,-0.010359883308410645,0.011848601095747216,0.41951627705169137,-0.023208392787996843,0.38518694020248095,-0.005673801526427269,0.011798355728387833
1769859985.7327063,537.0,2.778409750806378,2.9436202915053107,-1.539579153060913,0.3603110479846131,-15.102225321831698,-0.02467787265777588,0.011848601095747216,0.4194741676493885,0.005280833428969588,0.3839099102738559,-0.005673801526427269,0.011798355728387833
1769859985.798844,538.0,2.780531966189252,2.9293237895031976,-1.539579153060913,0.36082543553767416,-13.671911760053934,-0.024999141693115234,0.009818285914324671,0.4181327592888397,0.013416630997196886,0.38652767075950084,-0.002183482050895691,0.0017358846962451935
1769859985.8673706,540.0,2.7829991876371394,2.9142544465540183,-1.5196188688278198,0.36082543553767416,-13.671911760053934,-0.04563498497009277,0.007440535009980414,0.41796615317370517,0.06319248118220042,0.38559904697442166,-0.0004247128963470459,-0.003913719207048416
1769859985.9317079,541.0,2.7858058870287126,2.898388842875556,-1.4997601509094238,0.3603860329879922,-10.719822045677558,-0.06584799289703369,0.004719368281027355,0.41913172976826474,0.11319357315509548,0.3846232617145327,0.002079339697957039,-0.014329705387353897
1769859985.9824207,541.0,2.7858058870287126,2.898388842875556,-1.482645034790039,0.3603860329879922,-10.602703934235107,-0.08296310901641846,0.004719368281027355,0.41923395178675843,0.1467332583547987,0.3862608083655248,0.002079339697957039,-0.014329705387353897
1769859986.0372112,543.0,2.788772200031644,2.882343599602413,-1.482645034790039,0.3603860329879922,-10.602703934235107,-0.08394014835357666,0.0018280685865133227,0.4192788235076346,0.15903216406275983,0.38009950622899874,0.0035072695463895798,-0.02122453600168228
1769859986.112711,545.0,2.7919152016480817,2.865520059990168,-1.473079800605774,0.3603860329879922,-6.179830408002216,-0.09440827369689941,-0.0012494142808982945,0.41925620106811873,0.19056545958028173,0.3823484077270864,0.0059401728212833405,-0.036534711718559265
1769859986.1713727,546.0,2.7951270593907935,2.848439638029415,-1.4616376161575317,0.36082543553767416,-6.167559230778252,-0.10627400875091553,-0.004407597895813155,0.41807008340370905,0.22471721286923468,0.3909479229765956,0.0059401728212833405,-0.036534711718559265
1769859986.229197,546.0,2.7951270593907935,2.848439638029415,-1.4559221267700195,0.3609192530405452,-3.279731962452503,-0.11198949813842773,-0.004407597895813155,0.4176601278259856,0.23547709499969036,0.38382148086644474,0.009509127587080002,-0.05011026933789253
1769859986.2836115,548.0,2.798260501120951,2.8314551731450215,-1.4559221267700195,0.3609192530405452,-3.279731962452503,-0.11278104782104492,-0.007499576975970464,0.41764293324331836,0.24790508840991934,0.38393763683793436,0.010668626055121422,-0.05440450832247734
1769859986.3580623,550.0,2.8011219843802815,2.81543384087006,-1.450002670288086,0.3609192530405452,0.3025694677915558,-0.11941790580749512,-0.010332004050601544,0.4176332897642032,0.2704494193057114,0.3824468181654384,0.01248568668961525,-0.06274225562810898
1769859986.4234173,551.0,2.8037629860479574,2.7995102211985783,-1.4460150003433228,0.3609192530405452,0.7687163314237786,-0.12373638153076172,-0.012953021001669392,0.4176322750325784,0.2876297446031601,0.3879036710339665,0.016172269359230995,-0.07246498763561249
1769859986.4789448,553.0,2.806255811635391,2.7832189972975097,-1.4470072984695435,0.3609192530405452,3.6206624686999587,-0.12335014343261719,-0.015433784500900364,0.41763431551613556,0.29545734266111323,0.38549147735922984,0.016172269359230995,-0.07246498763561249
1769859986.5355852,553.0,2.806255811635391,2.7832189972975097,-1.4470072984695435,0.3625140281225301,6.485514009792305,-0.12335014343261719,-0.015433784500900364,0.41341122189091234,0.29545491330277973,0.3841902273431411,0.017435962334275246,-0.07701332867145538
1769859986.6131291,554.0,2.8085116353851043,2.7671918656516277,-1.4478121995925903,0.3625140281225301,9.111871807628221,-0.12282037734985352,-0.017685238024471934,0.41289233019361926,0.30224849515267344,0.3843301736971449,0.019011178985238075,-0.08086717128753662
1769859986.6748946,556.0,2.8104404391989997,2.75163696192819,-1.4510360956192017,0.36417394245959367,9.111871807628221,-0.12009119987487793,-0.01961617503727122,0.40849488230710584,0.3038446644173874,0.39479228130668437,0.019957806915044785,-0.08207426965236664
1769859986.7532542,558.0,2.8119933389344505,2.736361073676785,-1.4578125476837158,0.3646239765056679,10.918596554921024,-0.11373519897460938,-0.02117659411512244,0.40678562544334107,0.29745292963774644,0.38856226405335814,0.019586674869060516,-0.08116848766803741
1769859986.857162,559.0,2.8131461002002967,2.7217392978802413,-1.465445637702942,0.36475820855097474,12.875347881350056,-0.10628461837768555,-0.022340970343234925,0.4063182540738744,0.28762859202140506,0.39140160923305356,0.01948929950594902,-0.07955920696258545
1769859986.925301,560.0,2.8138517632165927,2.706867131590298,-1.474351406097412,0.3643081745049005,13.491843715483398,-0.0975426435470581,-0.023062266284164825,0.40749524197288606,0.2737992741267661,0.40496050540383266,0.01948929950594902,-0.07955920696258545
1769859987.0166838,560.0,2.8138517632165927,2.706867131590298,-1.4961400032043457,0.3648343205063619,14.203915285705918,-0.07575404644012451,-0.023062266284164825,0.4072846872158076,0.26691540122540763,0.3871208109103925,0.01788637600839138,-0.07155533134937286
1769859987.0943391,564.0,2.8138526371483628,2.672564492478794,-1.514634132385254,0.36529199086600783,15.495610297981191,-0.05772995948791504,-0.02311054004987456,0.4065006382617964,0.24360897659968164,0.40130791500685636,0.015174049884080887,-0.061650387942790985
1769859987.1730704,564.0,2.8138526371483628,2.672564492478794,-1.5355342626571655,0.36552530690451934,16.479970428186842,-0.03682982921600342,-0.02311054004987456,0.4059674713494969,0.22323093339314584,0.39601528071597325,0.015174049884080887,-0.061650387942790985
1769859987.26442,566.0,2.8131550831014565,2.654026336946055,-1.5525000095367432,0.36566552407510255,16.928458760632356,-0.01998770236968994,-0.022443124868909654,0.40385728642398344,0.12359020902236151,0.39639785667118727,0.011921988800168037,-0.0451086089015007
1769859987.328657,568.0,2.8119357817451225,2.6343609548183813,-1.5724841356277466,0.3658435159865891,16.92831956865292,-5.3048133850097656e-05,-0.021257566258893128,0.40315249379309487,0.07865135548779717,0.4017629146455795,0.009167464450001717,-0.03660079836845398
1769859987.384246,570.0,2.810284038498937,2.614829500566848,-1.5937473773956299,0.3660605163216151,17.317563136428507,0.021234869956970215,-0.01963976190336032,0.402518207376029,0.0304203576209437,0.390324635822759,0.007583433762192726,-0.026575468480587006
1769859987.4434884,572.0,2.8082353989665947,2.5964067811461065,-1.5937473773956299,0.3660605163216151,17.317563136428507,0.021333813667297363,-0.017622269993755026,0.40245140884329306,0.022659569578088106,0.3870904846260113,0.007105238735675812,-0.02067837119102478
1769859987.4987273,573.0,2.805892230234617,2.579370164404574,-1.6098644733428955,0.3663801436063526,17.04279747204471,0.037528276443481445,-0.015306120863213752,0.4015955519805099,-0.01806665471443338,0.38906175388379344,0.007105238735675812,-0.02067837119102478
1769859987.5644195,573.0,2.805892230234617,2.579370164404574,-1.6264592409133911,0.3667111080100603,16.479904390116733,0.05412304401397705,-0.015306120863213752,0.40057215947804625,-0.051062315329334154,0.3850000943448719,0.0021417662501335144,-0.002498287707567215
1769859987.6196296,575.0,2.803386990566331,2.5636726005673856,-1.6415822505950928,0.3670149855450388,15.687542841209174,0.06945621967315674,-0.012823439242070933,0.399697653788871,-0.09058785517311514,0.39143460872416597,0.00036750733852386475,0.004035636782646179
1769859987.6745968,576.0,2.800775673731942,2.549131306766624,-1.6415822505950928,0.3670149855450388,15.687542841209174,0.06958925724029541,-0.010230369834574834,0.3995971212970359,-0.10029250604726546,0.3862737134964965,0.00036750733852386475,0.004035636782646179
1769859987.721549,578.0,2.7982529803221854,2.5361883447420355,-1.6520417928695679,0.36769637237905517,13.95776621066299,0.08037030696868896,-0.0077212958305510025,0.3977750519878607,-0.1307394339409108,0.3888686294641968,-0.001868976280093193,0.01279505342245102
1769859987.7874773,578.0,2.7982529803221854,2.5361883447420355,-1.663723111152649,0.3670149855450388,12.79019034019325,0.09205162525177002,-0.0077212958305510025,0.39936645125675607,-0.1535852441205892,0.38372250885178333,-0.004472566768527031,0.025980930775403976
1769859987.856575,579.0,2.795709194496223,2.524035966599188,-1.663723111152649,0.3670149855450388,12.79019034019325,0.09224021434783936,-0.005187672028380852,0.3995978819690745,-0.16307855484709688,0.3892315509852483,-0.0054548997431993484,0.033794257789850235
1769859987.9201064,580.0,2.7932451746100484,2.512660994563434,-1.675165057182312,0.3670149855450388,7.060612388885018,0.1038893461227417,-0.002730556416654016,0.39958149869905935,-0.19464296707046508,0.3916622516987143,-0.007731448858976364,0.04233352094888687
1769859987.9747543,581.0,2.790752341842145,2.501385396463435,-1.6828782558441162,0.36769637237905517,1.7429581029587036,0.11182820796966553,-0.00024180204905548006,0.39774427891106295,-0.2187679001936794,0.3920172316844468,-0.007731448858976364,0.04233352094888687
1769859988.0188694,581.0,2.790752341842145,2.501385396463435,-1.6908555030822754,0.368117645107944,-1.0351430650571638,0.11980545520782471,-0.00024180204905548006,0.3963913920794754,-0.23397271668800956,0.38870856253598446,-0.00807107798755169,0.04677847400307655
1769859988.06679,582.0,2.788516791918775,2.490871958442509,-1.6908555030822754,0.368117645107944,-1.0351430650571638,0.12004971504211426,0.0019926415151823346,0.396274542058962,-0.2423068590302351,0.38464574419500414,-0.00807107798755169,0.04677847400307655
1769859988.1470995,582.0,2.788516791918775,2.490871958442509,-1.6916568279266357,0.3683053384717344,-2.9256551605370134,0.12085103988647461,0.0019926415151823346,0.39576039090017495,-0.24381841210642471,0.3863307572958385,-0.010508598759770393,0.052667081356048584
1769859988.205972,583.0,2.7863835646053863,2.479655593531721,-1.6902052164077759,0.368925932497599,-5.190301776561839,0.11946558952331543,0.004126292023442621,0.394048670201021,-0.24870924243572545,0.39962023058282514,-0.011597676202654839,0.056551337242126465
1769859988.2696536,584.0,2.78447721291415,2.46772105564273,-1.6902052164077759,0.368925932497599,-5.746337313298597,0.11952733993530273,0.006033959795059295,0.3938667745725931,-0.25553712125712175,0.39109787905758486,-0.011822829023003578,0.05943882465362549
1769859988.3239455,586.0,2.782811894369491,2.455155717692676,-1.6866878271102905,0.368925932497599,-5.746337313298597,0.11612021923065186,0.007701548215509154,0.39387570812572753,-0.25493890674663383,0.3911843071214938,-0.012242190539836884,0.05973882973194122
1769859988.3902788,587.0,2.7814759930173367,2.4423636719990784,-1.682519793510437,0.3691409919810141,-8.799786283596202,0.11200082302093506,0.009040602833705289,0.3933027574668147,-0.2518481377420978,0.3892120443938165,-0.012242190539836884,0.05973882973194122
1769859988.453614,587.0,2.7814759930173367,2.4423636719990784,-1.6765589714050293,0.36940943974400625,-9.343712921831365,0.10604000091552734,0.009040602833705289,0.393037074721341,-0.24797463006269535,0.39405924947227666,-0.013033427298069,0.06027063727378845
1769859988.5146854,588.0,2.7803005115436337,2.428507552991235,-1.6765589714050293,0.3696560180758127,-11.15222052504151,0.10608410835266113,0.010220353987355286,0.39183300795198256,-0.244779533638661,0.39325024121470603,-0.01291755773127079,0.060295842587947845
1769859988.5784492,590.0,2.77936050559621,2.414049118023459,-1.6672968864440918,0.3696560180758127,-11.15222052504151,0.09689724445343018,0.011165638583792978,0.3917156963239519,-0.23066228721526297,0.3924317849954053,-0.013153206557035446,0.05952338129281998
1769859988.626883,591.0,2.778722374551662,2.3999312106992483,-1.6578022241592407,0.3696560180758127,-13.405649187433072,0.0874335765838623,0.011809609034057825,0.3917240827850102,-0.2148421738453472,0.39270619809417917,-0.013153206557035446,0.05952338129281998
1769859988.684896,591.0,2.778722374551662,2.3999312106992483,-1.6578022241592407,0.3697779575389393,-13.969765981279552,0.0874335765838623,0.011809609034057825,0.3914010150545605,-0.21480118056514305,0.38782075912408526,-0.011847252026200294,0.05429884046316147
1769859988.7484505,593.0,2.7783788916951635,2.386323094027633,-1.6487257480621338,0.3697779575389393,-13.969765981279552,0.07840597629547119,0.012159246171242765,0.39136357862620214,-0.19871995428341194,0.39144490248752506,-0.011904854327440262,0.05079343914985657
1769859988.8081186,594.0,2.778263320093852,2.373335091360633,-1.6393697261810303,0.3696560180758127,-14.249989917463063,0.06906783580780029,0.012281069113754055,0.3916949115320982,-0.18110254447597937,0.38823617731286447,-0.011904854327440262,0.05079343914985657
1769859988.8877666,594.0,2.778263320093852,2.373335091360633,-1.63301420211792,0.36940943974400625,-14.64119855695583,0.06271231174468994,0.012281069113754055,0.39239337010147946,-0.16873496880926336,0.39160780840405307,-0.010049369186162949,0.044613324105739594
1769859988.9596677,595.0,2.7784293721533637,2.3612583041189894,-1.6218963861465454,0.3691409919810141,-14.606923390261388,0.05160796642303467,0.012121075034303874,0.3931866734377749,-0.14653778386032063,0.3987720318945729,-0.010393369942903519,0.04389820992946625
1769859989.022164,596.0,2.7788076576981617,2.3500794189967147,-1.6102087497711182,0.3689967791427564,-14.429835370851622,0.03992938995361328,0.01174853867040205,0.3936504555125449,-0.12228919435394624,0.39518352410586444,-0.010274738073348999,0.04284185171127319
1769859989.0762024,597.0,2.779400600845042,2.3393815376001577,-1.6102087497711182,0.3689967791427564,-14.429835370851622,0.03993403911590576,0.011161166619741631,0.39368801683522625,-0.12009368866113708,0.3887923883190463,-0.008233660832047462,0.03548038750886917
1769859989.134989,598.0,2.780153877633976,2.3288369703202547,-1.599350094795227,0.36878171965934126,-14.024834188675838,0.0290757417678833,0.010413394216659955,0.3942636880107151,-0.09601917431909283,0.38681379304619723,-0.008233660832047462,0.03548038750886917
1769859989.2182822,598.0,2.780153877633976,2.3288369703202547,-1.5875375270843506,0.3683053384717344,-13.215975550268974,0.017263174057006836,0.010413394216659955,0.3955978139021545,-0.07265613579759873,0.39053672034616105,-0.007199643179774284,0.02617499977350235
1769859989.2849896,600.0,2.7811222595904583,2.3173158882499165,-1.5875375270843506,0.3683053384717344,-12.309549822754315,0.017250537872314453,0.009450980262891021,0.3957404438038342,-0.06906081320595807,0.3968205506278591,-0.006653470918536186,0.021984755992889404
1769859989.3482344,601.0,2.7825274180088564,2.3030104631829227,-1.566375494003296,0.3683053384717344,-12.309549822754315,-0.003924369812011719,0.00805306681989207,0.3957364666752461,-0.02199475562986681,0.3916163387263781,-0.004828730598092079,0.01428132876753807
1769859989.4168801,603.0,2.784259889344294,2.287147700986882,-1.5496622323989868,0.3684637359410417,-11.38581468547217,-0.020676493644714355,0.006328268797688609,0.3953058801973606,0.017730065368785637,0.39228790693631743,-0.004828730598092079,0.01428132876753807
1769859989.4909978,603.0,2.784259889344294,2.287147700986882,-1.5355206727981567,0.3689967791427564,-10.3764114575539,-0.034818053245544434,0.006328268797688609,0.393814700058494,0.045837557592475056,0.3919313956834478,-0.0036408063024282455,0.008001253008842468
1769859989.556052,604.0,2.7862825934466153,2.2700620513061516,-1.5238491296768188,0.3691409919810141,-9.667801569042377,-0.046515583992004395,0.004313210968217821,0.3932775016440822,0.07644683867486043,0.397134244630521,-0.002624254673719406,0.0037441179156303406
1769859989.6119452,606.0,2.788415547661413,2.252815460093252,-1.517208218574524,0.36918559053868316,-8.395996554396644,-0.053221702575683594,0.002187106760914589,0.3931147695120123,0.09747964577242721,0.39222350182523325,-0.0009062774479389191,-0.005661051720380783
1769859989.6889122,608.0,2.7905070301482398,2.236526766503869,-1.517208218574524,0.36918559053868316,-8.395996554396644,-0.05330455303192139,0.00010109001520436119,0.3931001330749552,0.10525083033023731,0.3888300815419366,0.00029025040566921234,-0.010635875165462494
1769859989.750644,609.0,2.792447411547271,2.2221775827649735,-1.50844407081604,0.36948664758557515,-6.880861506441264,-0.06211662292480469,-0.0018354384084027671,0.39229103314233915,0.12969220077665713,0.3985827306306406,0.00029025040566921234,-0.010635875165462494
1769859989.8139527,609.0,2.792447411547271,2.2221775827649735,-1.5021644830703735,0.36948664758557515,-5.50149344081496,-0.06839621067047119,-0.0018354384084027671,0.39220350680198035,0.14196395790086844,0.39206252307068756,0.0022266115993261337,-0.01761903613805771
1769859989.8742716,610.0,2.7943263400525518,2.2085241253683963,-1.5021644830703735,0.36948664758557515,-3.9568931264427376,-0.06844866275787354,-0.0037116612643696193,0.39220643776097003,0.14886441780520246,0.3932959859603563,0.004318494349718094,-0.024875633418560028
1769859989.938913,612.0,2.796098409379145,2.1954364538485605,-1.4947326183319092,0.36948664758557515,-3.9568931264427376,-0.07599830627441406,-0.0054821215467631915,0.3922088042447568,0.1700342071251407,0.39170552680286524,0.005578571930527687,-0.029362767934799194
1769859990.0114887,613.0,2.7978158537526694,2.182549031848794,-1.4900593757629395,0.37003858344657403,-1.2602066690129745,-0.08073711395263672,-0.00719902034754107,0.39072994215880924,0.18539221821222984,0.39429916062854514,0.005578571930527687,-0.029362767934799194
1769859990.0835984,614.0,2.799620213843837,2.1683788095099628,-1.4866907596588135,0.3704944385096014,1.0158579161224783,-0.084175705909729,-0.009004083063218662,0.3893465608261642,0.1985086527864804,0.396391998538309,0.0076036714017391205,-0.037120260298252106
1769859990.1589875,616.0,2.8012758073301476,2.1540477598093566,-1.4855085611343384,0.37100986979002404,2.6262985932366636,-0.08551084995269775,-0.010661898627768986,0.38783791823902447,0.20699866601709552,0.3950426118854934,0.010283013805747032,-0.045532554388046265
1769859990.2246926,616.0,2.8012758073301476,2.1540477598093566,-1.4865020513534546,0.37100986979002404,4.380081213186978,-0.08451735973358154,-0.010661898627768986,0.38770524265594025,0.2050805740389558,0.3972345553571518,0.0140240378677845,-0.054858263581991196
1769859990.2895098,617.0,2.8026667886384056,2.1406739860979163,-1.488078236579895,0.37247233527785606,6.0304283681701145,-0.08302426338195801,-0.012056437363888759,0.3837655720667013,0.2071882683050741,0.39534215402948114,0.013978242874145508,-0.05551083758473396
1769859990.3377366,618.0,2.8037982063552875,2.128263189447375,-1.488078236579895,0.37247233527785606,6.0304283681701145,-0.08311176300048828,-0.013192533125041817,0.3833468457285658,0.21141797346121563,0.3942934628748402,0.014343582093715668,-0.05711328238248825
1769859990.3779244,618.0,2.8037982063552875,2.128263189447375,-1.4910686016082764,0.3734521604754767,7.430815740265751,-0.08012139797210693,-0.013192533125041817,0.38072939222698315,0.2056736820173513,0.39090634845397637,0.014343582093715668,-0.05711328238248825
1769859990.4252486,620.0,2.804744174394547,2.1158395208331955,-1.4910686016082764,0.3734521604754767,7.430815740265751,-0.08030951023101807,-0.014144596246944323,0.3804402376131576,0.2094324368661239,0.38776035695396877,0.016589855775237083,-0.05893073230981827
1769859990.4995673,621.0,2.8053881103677165,2.1049744770761607,-1.4940377473831177,0.3736143409543702,8.529302859910246,-0.07744097709655762,-0.014795087892883618,0.3800172590748362,0.206225644383012,0.3904716958746828,0.016589855775237083,-0.05893073230981827
1769859990.5513182,622.0,2.805785730859972,2.095382991781544,-1.4990293979644775,0.37413548889277143,9.742242441123832,-0.07255434989929199,-0.015199492875303873,0.3785670826729367,0.19825640827349603,0.4012960242805707,0.017478331923484802,-0.058015432208776474
1769859990.6235244,622.0,2.805785730859972,2.095382991781544,-1.5036828517913818,0.37413548889277143,10.622191658129166,-0.0679008960723877,-0.015199492875303873,0.37846712536191546,0.1919659294498138,0.39258104023251283,0.01795637607574463,-0.05724991858005524
1769859990.6754336,623.0,2.806022293798523,2.086260429428831,-1.5036828517913818,0.37413548889277143,10.622191658129166,-0.06801021099090576,-0.015443412430702262,0.37842326301720636,0.19033956068274632,0.3991305457825998,0.019072888419032097,-0.055131059139966965
1769859990.7348857,624.0,2.806092159065911,2.076933916226821,-1.510000228881836,0.37413548889277143,11.860149927617671,-0.061806678771972656,-0.015521746012526776,0.3784251121525829,0.17862273995160588,0.3923701250306379,0.017488893121480942,-0.05114496499300003
1769859990.789225,624.0,2.806092159065911,2.076933916226821,-1.5181277990341187,0.37413548889277143,11.750251352552366,-0.05367910861968994,-0.015521746012526776,0.37842518290117627,0.16757063475814074,0.39553896152234175,0.017488893121480942,-0.05114496499300003
1769859990.8297398,625.0,2.8059732763702785,2.0671750693793816,-1.5181277990341187,0.37413548889277143,11.750251352552366,-0.053835272789001465,-0.015412853116895877,0.3784018347992928,0.1627131482382007,0.3936318753506037,0.01740868203341961,-0.04715503379702568
1769859990.8808722,626.0,2.805657933722121,2.056085164232816,-1.530184030532837,0.37413548889277143,12.1133575925365,-0.04192829132080078,-0.015110636040912314,0.3784020820199601,0.1384260617923002,0.38811884124459994,0.01740868203341961,-0.04715503379702568
1769859990.9279037,626.0,2.805657933722121,2.056085164232816,-1.5399925708770752,0.37413548889277143,11.999594725568969,-0.0321197509765625,-0.015110636040912314,0.3783973079798587,0.11914038592303655,0.39257881032637437,0.0175176989287138,-0.04294417053461075
1769859990.970879,627.0,2.8051825023794112,2.044546474580712,-1.5399925708770752,0.37413548889277143,11.999594725568969,-0.032262206077575684,-0.014650825323727825,0.37839605640002444,0.11771405820598188,0.3909219205444208,0.0175176989287138,-0.04294417053461075
1769859991.0582843,627.0,2.8051825023794112,2.044546474580712,-1.5493489503860474,0.37413548889277143,11.81585905051238,-0.022905826568603516,-0.014650825323727825,0.3783943144850944,0.10869570529305508,0.38918527096581357,0.016177304089069366,-0.03766115754842758
1769859991.1355252,628.0,2.8044821078684876,2.0318188590849977,-1.5611305236816406,0.37413548889277143,11.359255455493859,-0.011259913444519043,-0.013969854481607664,0.3783945948847974,0.07387252050958695,0.405769564418191,0.015715578570961952,-0.03038856014609337
1769859991.2028446,629.0,2.8036083987381284,2.0187316609257784,-1.5759494304656982,0.37409931345865544,10.998837567780448,0.0034302473068237305,-0.013118368086167937,0.3784860846920498,0.04159292394601791,0.402382916407627,0.014128901064395905,-0.019528523087501526
1769859991.265924,631.0,2.8023771282211842,2.003753834245998,-1.5759494304656982,0.37409931345865544,10.905653501495586,0.0031932592391967773,-0.011915130846114064,0.3784856114236912,0.03761339956339825,0.39643890387005226,0.012294301763176918,-0.009632334113121033
1769859991.3645945,632.0,2.801030674145155,1.989051446494345,-1.5863053798675537,0.37409931345865544,10.234329124289852,0.013440847396850586,-0.010598673093000558,0.3784800656610346,0.012433496028823557,0.3970876489745223,0.01071109063923359,-0.003998614847660065
1769859991.4357212,634.0,2.7993774027310345,1.9728043642506556,-1.601017951965332,0.37450126395879735,9.601090141969681,0.027957439422607422,-0.008981135128972893,0.3773825667401853,-0.022342210333717097,0.40823487666006164,0.008166270330548286,0.0018278509378433228
1769859991.4989316,636.0,2.7975898823517404,1.9565207274462704,-1.6116247177124023,0.37450126395879735,9.601090141969681,0.03839552402496338,-0.007231857466021356,0.3772556478938825,-0.04947479885904686,0.4004276598504914,0.008793557062745094,0.0066665709018707275
1769859991.5593536,637.0,2.795688701300816,1.9402738092901537,-1.6204737424850464,0.37450126395879735,7.931229115315941,0.04717051982879639,-0.005370953447198462,0.3772560283990149,-0.07368720170933692,0.3977806991199599,0.008304338902235031,0.0077061839401721954
1769859991.6078367,639.0,2.793949592726323,1.9262490753144732,-1.6281856298446655,0.37450126395879735,6.826241282949839,0.05475473403930664,-0.0036680837584558692,0.3772489653861086,-0.09485646065937071,0.39480863114173775,0.008304338902235031,0.0077061839401721954
1769859991.6722834,639.0,2.793949592726323,1.9262490753144732,-1.6322575807571411,0.37450126395879735,6.744518724560077,0.05882668495178223,-0.0036680837584558692,0.37725241593893033,-0.10287562335876158,0.3906391036862417,0.00469106063246727,0.020123079419136047
1769859991.721058,640.0,2.7923063907461705,1.913332090709692,-1.6322575807571411,0.37450126395879735,6.744518724560077,0.058773159980773926,-0.002059286589416777,0.3772547350212886,-0.1086099513425947,0.3958364681228231,0.003191523253917694,0.03235556185245514
1769859991.8008995,641.0,2.7907236202271823,1.9010978382551404,-1.6370737552642822,0.37450126395879735,4.232583647192945,0.06354260444641113,-0.0005098699726833146,0.3772663345006398,-0.12362716828170726,0.3919865700060586,0.002438148483633995,0.036686450242996216
1769859991.8681078,643.0,2.7890630707079316,1.8880527035517183,-1.6448181867599487,0.3748321824600811,2.383098999715444,0.07121407985687256,0.0011144410610828932,0.3763903124780586,-0.14451818335991246,0.40395562769454474,0.002438148483633995,0.036686450242996216
1769859991.9293087,643.0,2.7890630707079316,1.8880527035517183,-1.6499078273773193,0.3749635396160603,2.155089048121933,0.07630372047424316,0.0011144410610828932,0.3759568981077431,-0.15444090302889138,0.399398787533082,0.0020459070801734924,0.03830131143331528
1769859991.9785435,644.0,2.787473767861036,1.8750885320751767,-1.6499078273773193,0.3749635396160603,2.155089048121933,0.07627749443054199,0.0026671932938309943,0.37593911413563474,-0.1599583385725287,0.39537831458971573,-0.002482568845152855,0.054998449981212616
1769859992.0413892,645.0,2.7860178231938235,1.8626780517588017,-1.6515308618545532,0.3749635396160603,-1.2801143571155644,0.07788121700286865,0.0040877892971902,0.375983709281783,-0.16818151330278458,0.39243386153016957,-0.004061909392476082,0.06163065880537033
1769859992.1029534,647.0,2.7844644535565877,1.848692539477184,-1.6531554460525513,0.3749635396160603,-2.8346971668820458,0.07948756217956543,0.005601074347541541,0.37606659706838413,-0.17667800943501452,0.39767877247335676,-0.004061909392476082,0.06163065880537033
1769859992.1640878,647.0,2.7844644535565877,1.848692539477184,-1.6514556407928467,0.37541624324539286,-4.221965662074191,0.07778775691986084,0.005601074347541541,0.3748711048139334,-0.17338081617631823,0.3975658195945102,-0.006069563329219818,0.07151146233081818
1769859992.2176778,648.0,2.783172614679562,1.8357743268390976,-1.6514556407928467,0.37682302890318375,-4.221965662074191,0.0777888298034668,0.006855813726523965,0.37099111822175,-0.17786321277688527,0.3981869066186412,-0.007804471999406815,0.08142600953578949
1769859992.275612,649.0,2.7821950298421823,1.8239660111691716,-1.6494039297103882,0.37682302890318375,-5.8943390332345045,0.0757451057434082,0.00779955768914386,0.3707010836060358,-0.17725991287883952,0.3944594853525535,-0.009375630877912045,0.08534106612205505
1769859992.344857,649.0,2.7821950298421823,1.8239660111691716,-1.6457338333129883,0.37682302890318375,-6.222891825051906,0.0720750093460083,0.00779955768914386,0.37072567028033343,-0.17227945063851674,0.3955358053510497,-0.009375630877912045,0.08534106612205505
1769859992.3990273,650.0,2.781387596637092,1.811841493856208,-1.6413058042526245,0.3770918897515193,-7.083314975695424,0.06766176223754883,0.008572440856449452,0.370096057106335,-0.16430906487623564,0.4008708233103207,-0.01027388870716095,0.08737429976463318
1769859992.4549787,652.0,2.780713001525769,1.7996348584731827,-1.6413058042526245,0.3770918897515193,-7.083314975695424,0.06771194934844971,0.009212578982810145,0.3702682873583165,-0.1666328104669273,0.395648366537079,-0.010599274188280106,0.08782072365283966
1769859992.5090182,653.0,2.7802872654487443,1.78811739740846,-1.637133002281189,0.37715238636265186,-8.848811927744688,0.06357443332672119,0.009606220649733495,0.37027941822912636,-0.15997062992266994,0.39628263271880027,-0.010599274188280106,0.08782072365283966
1769859992.5707784,653.0,2.7802872654487443,1.78811739740846,-1.629512071609497,0.37715238636265186,-9.164937698130576,0.0559535026550293,0.009606220649733495,0.37027643564297785,-0.14957232627626116,0.39533990471962616,-0.009463546797633171,0.08660349249839783
1769859992.635304,654.0,2.780020558253576,1.7747137276526697,-1.629512071609497,0.37715238636265186,-10.12290427339887,0.05599570274353027,0.009836232402616208,0.37046499785737874,-0.14596663962807951,0.39598325713720645,-0.010011738166213036,0.09090420603752136
1769859992.7157629,656.0,2.7799435573371345,1.7613137047653347,-1.6196017265319824,0.3772122952175547,-9.933989015436586,0.04619026184082031,0.00987741418188281,0.3707927821668798,-0.12685226705739308,0.40015071731742796,-0.011019067838788033,0.09064902365207672
1769859992.7891266,657.0,2.7800599606645675,1.7482288873982224,-1.6133488416671753,0.3772122952175547,-9.933989015436586,0.039999961853027344,0.009727031972289121,0.37105727256660725,-0.11406865280798943,0.4054486447797644,-0.010186352767050266,0.0909365713596344
1769859992.8709722,658.0,2.7803632245727026,1.7340267201126618,-1.603176474571228,0.3772122952175547,-10.190811422752866,0.029897212982177734,0.009388189664365198,0.37137429598293786,-0.0928811159277544,0.4034736560276809,-0.009602842852473259,0.08977841585874557
1769859992.9255862,660.0,2.780783964176714,1.7205704212892599,-1.5973377227783203,0.3772122952175547,-10.156244884814171,0.034126996994018555,0.008963516687585424,0.36888190226039574,-0.09923364801472677,0.4058181830514866,-0.009602842852473259,0.08977841585874557
1769859992.9885087,661.0,2.7813301448786643,1.7087512234889612,-1.5906918048858643,0.37726119974280437,-9.870885418419405,0.037476181983947754,0.0085475877940459,0.3687003715761991,-0.1043266240907002,0.39571870442539914,-0.010601749643683434,0.09007821977138519
1769859993.0503063,661.0,2.7813301448786643,1.7087512234889612,-1.5773746967315674,0.37726119974280437,-9.414215953149537,0.02415907382965088,0.0085475877940459,0.3687460262572879,-0.08595564604927257,0.3962732776504184,-0.010095419362187386,0.08877350389957428
1769859993.1069198,662.0,2.7820674000303676,1.6960424914577517,-1.5773746967315674,0.37726119974280437,-9.414215953149537,0.0341571569442749,0.008105688866693985,0.3686920333983772,-0.09617806732441972,0.3984362487181215,-0.010607567615807056,0.08930020779371262
1769859993.1723516,664.0,2.7830013236222007,1.6823810469361127,-1.56865394115448,0.37726119974280437,-9.165641940618187,0.045441508293151855,0.007669180063629037,0.36870356761682876,-0.11685010867269588,0.3972346237989744,-0.01008658017963171,0.08885759115219116
1769859993.2174973,665.0,2.783967706432111,1.6695289373477677,-1.5613462924957275,0.37726119974280437,-8.56986302758347,0.048140883445739746,0.00734147886077844,0.36873147486666613,-0.12093724852202029,0.3981527106316943,-0.01008658017963171,0.08885759115219116
1769859993.3010309,665.0,2.783967706432111,1.6695289373477677,-1.5613462924957275,0.37726119974280437,-7.26809952405503,0.048140883445739746,0.00734147886077844,0.3687907730890913,-0.1209402863242661,0.3930409420057481,-0.009943386539816856,0.08784767240285873
1769859993.3755558,666.0,2.785093404043392,1.6556228130810637,-1.5538055896759033,0.37726119974280437,-6.535652380640902,0.05061006546020508,0.00709349075885501,0.36874909694657093,-0.12488977028326373,0.40681165143075654,-0.00946313887834549,0.08934329450130463
1769859993.437008,668.0,2.786265885352961,1.6418074322685836,-1.5463149547576904,0.37726119974280437,-5.321695939125655,0.0631481409072876,0.006985486452088,0.36877571367273876,-0.14912372523623743,0.4027179802380275,-0.008680928498506546,0.08884213864803314
1769859993.4936502,669.0,2.787345614848965,1.6297008669192927,-1.541137456893921,0.37726119974280437,-5.321695939125655,0.06798934936523438,0.00699667414797118,0.36879503795637575,-0.15856703140083944,0.398842586807548,-0.008813295513391495,0.08969499170780182
1769859993.5543497,670.0,2.788270408010492,1.6194303077362657,-1.5378838777542114,0.37726119974280437,-5.685669216930604,0.07475757598876953,0.007113056549184284,0.3688082024131648,-0.17217513183161245,0.39252808438821474,-0.008813295513391495,0.08969499170780182
1769859993.6073158,670.0,2.788270408010492,1.6194303077362657,-1.5378838777542114,0.37751703579954166,-5.685669216930604,0.07475757598876953,0.007113056549184284,0.36809286301429806,-0.17215031315050897,0.39882143317912166,-0.009031632915139198,0.0903855413198471
1769859993.6764417,671.0,2.78926668779241,1.6082307850832538,-1.533365249633789,0.37751703579954166,-4.924895743943667,0.08026361465454102,0.007373093089822268,0.36806213137608734,-0.18378787313846778,0.39531849127554475,-0.008857985958456993,0.08979324996471405
1769859993.7399774,672.0,2.790316364156559,1.5962815095762732,-1.5269620418548584,0.37810219300830317,-5.51059733941434,0.08388805389404297,0.007802858696593964,0.36649472429406776,-0.19233149407054265,0.40139948449586754,-0.008477961644530296,0.0916060134768486
1769859993.7989337,672.0,2.790316364156559,1.5962815095762732,-1.522684931755066,0.37810219300830317,-6.695018062590492,0.07961094379425049,0.007802858696593964,0.36625515728773395,-0.1840479984309582,0.3970095964611112,-0.008477961644530296,0.0916060134768486
1769859993.8687153,673.0,2.791360929436812,1.584257348699514,-1.522684931755066,0.3786121341708608,-6.929193926236516,0.08964157104492188,0.008391693917531034,0.3649678382753042,-0.20558555051099048,0.3995385728273112,-0.009481203742325306,0.0949871614575386
1769859993.928406,675.0,2.792536759276371,1.5711825347835962,-1.5182883739471436,0.3786121341708608,-6.929193926236516,0.10531508922576904,0.009157134703356254,0.3648312724540467,-0.2384145364221764,0.4031998405244478,-0.00985807180404663,0.09736557304859161
1769859993.9878519,676.0,2.7938954233151168,1.5569189056121462,-1.511202335357666,0.3786121341708608,-7.15565674158938,0.10826849937438965,0.010112747859957635,0.3648430875228839,-0.24722390017763032,0.39539091626163536,-0.010439242236316204,0.10061375796794891
1769859994.0434954,677.0,2.7953197958030036,1.543138147890446,-1.506247878074646,0.3786121341708608,-8.54416008130493,0.11335647106170654,0.011119510562899877,0.36482212576230055,-0.26039133360840977,0.39825273726204263,-0.010439242236316204,0.10061375796794891
1769859994.0991404,677.0,2.7953197958030036,1.543138147890446,-1.506247878074646,0.37895293257639784,-9.085221669186497,0.11335647106170654,0.011119510562899877,0.3637163604631762,-0.26033938933733514,0.3975318202289177,-0.009393997490406036,0.1004466861486435
1769859994.153196,679.0,2.7970773022697237,1.5282503678600006,-1.4962533712387085,0.37895293257639784,-9.085221669186497,0.12345564365386963,0.012206641605170092,0.363793188170576,-0.2832165566555017,0.3984376157442768,-0.011021516285836697,0.10333632677793503
1769859994.21199,680.0,2.7990419424836603,1.5130163867124369,-1.487290620803833,0.37908324694960016,-9.863486385379638,0.12454414367675781,0.013386605895997898,0.3634222235824007,-0.2892169452978621,0.39782438884764376,-0.011021516285836697,0.10333632677793503
1769859994.308833,680.0,2.7990419424836603,1.5130163867124369,-1.4789001941680908,0.37908324694960016,-10.530269456519996,0.11615371704101562,0.013386605895997898,0.3633812402127353,-0.28657959409676076,0.3993367739783354,-0.010415628552436829,0.1053289920091629
1769859994.3722358,682.0,2.8010920419374954,1.498335531839648,-1.469150185585022,0.37908324694960016,-11.019782877687511,0.12651515007019043,0.014591994270572547,0.36336016718256287,-0.2970383007703962,0.4129160893594039,-0.010338280349969864,0.10720373690128326
1769859994.424122,683.0,2.803514142329722,1.4828094008947672,-1.4564348459243774,0.37908324694960016,-10.545173537924303,0.12385988235473633,0.015855946351632913,0.36333952198366054,-0.29640198453520017,0.4011445176785647,-0.010530824773013592,0.10798224061727524
1769859994.4770474,685.0,2.806195565430859,1.466960680278605,-1.4564348459243774,0.37908324694960016,-10.545173537924303,0.14398908615112305,0.017195732916360687,0.36331197523925357,-0.338430428040242,0.3969173324040783,-0.00981561467051506,0.10787752270698547
1769859994.5486786,687.0,2.809042372435727,1.452028046282198,-1.4463732242584229,0.37908324694960016,-13.660146711558752,0.15406835079193115,0.018382195329031965,0.363257920226652,-0.36037205239947095,0.39716073070637814,-0.00981561467051506,0.10787752270698547
1769859994.6183114,687.0,2.809042372435727,1.452028046282198,-1.4328103065490723,0.37912157514754086,-14.16488607494178,0.14050543308258057,0.018382195329031965,0.36304337353599503,-0.3431517861854506,0.39684700402669904,-0.0092841237783432,0.10846514999866486
1769859994.6789656,688.0,2.812128005649428,1.4368049471602338,-1.4242409467697144,0.37912157514754086,-14.919324437544908,0.14201104640960693,0.019650654901217052,0.36313842264896085,-0.34263240967143893,0.4036217720764296,-0.009341435506939888,0.10946378111839294
1769859994.7394235,690.0,2.8152977790647378,1.4220831098360414,-1.4242409467697144,0.37912157514754086,-14.919324437544908,0.1621696949005127,0.020925557906817358,0.3630921590388357,-0.3835612578298446,0.4000848618413152,-0.009420663118362427,0.10897892713546753
1769859994.7991967,691.0,2.8185161947950026,1.408405978662048,-1.4130374193191528,0.37908324694960016,-16.227113384588016,0.1610499620437622,0.022050214033041773,0.3631526076722991,-0.38479590693952775,0.3995292309647729,-0.009420663118362427,0.10897892713546753
1769859994.889233,691.0,2.8185161947950026,1.408405978662048,-1.4034926891326904,0.37895293257639784,-16.5709103292335,0.1515052318572998,0.022050214033041773,0.3631811257318756,-0.3819378058377455,0.3997044500360938,-0.00842546671628952,0.10821619629859924
1769859994.9404645,693.0,2.825287903855326,1.383208661372159,-1.3860359191894531,0.3786121341708608,-16.419801236316633,0.15422487258911133,0.023835850885059597,0.36452073905706855,-0.378492021013463,0.4102185020583197,-0.008471889421343803,0.10726626962423325
1769859995.0391881,693.0,2.825287903855326,1.383208661372159,-1.3693994283676147,0.37834752524201987,-17.019040987881255,0.13758838176727295,0.023835850885059597,0.36461004056313373,-0.37349260050759525,0.39666172328912375,-0.007295127958059311,0.10483570396900177
1769859995.0936255,695.0,2.8291140924069755,1.3710284206513577,-1.3479396104812622,0.37799412912778396,-16.982582753168867,0.13631677627563477,0.024421391687025715,0.36611131930626795,-0.34833060083604234,0.40995846327556124,-0.007295127958059311,0.10483570396900177
1769859995.170811,696.0,2.834000089172629,1.356588874194762,-1.3479396104812622,0.37799412912778396,-19.390635185511776,0.14641523361206055,0.02499735854463344,0.36624956760465727,-0.3683803805320036,0.3961144845005658,-0.005138920620083809,0.10336364805698395
1769859995.2388556,698.0,2.839408422554932,1.3416191936374084,-1.3275668621063232,0.37799412912778396,-20.64779765695704,0.146248459815979,0.025519005096331742,0.36622657759152344,-0.3696870144069481,0.4045222393467516,-0.003908529877662659,0.10025054216384888
1769859995.3179278,699.0,2.8447471569303464,1.3273814873181518,-1.31631600856781,0.37799412912778396,-20.64779765695704,0.1451050043106079,0.02606785007432704,0.36621876959131955,-0.3694371877085845,0.4019677580222772,-0.0029189912602305412,0.09976398199796677
1769859995.416643,701.0,2.850245123072239,1.313604632760081,-1.300832986831665,0.37799412912778396,-21.9764412583793,0.14984560012817383,0.026512586279128912,0.36618851027471755,-0.37939237704535805,0.4060268224713179,-0.0024034474045038223,0.09793147444725037
1769859995.500931,702.0,2.856751310329916,1.298704685704005,-1.2715480327606201,0.3773501540083729,-22.047181441543728,0.1306769847869873,0.026729709567354244,0.3667752502587362,-0.36789917234558683,0.40842532644054413,0.0015177223831415176,0.09119558334350586
1769859995.5596118,704.0,2.8635012794728847,1.2845663639913067,-1.2486562728881836,0.37700996433503753,-22.047181441543728,0.12802660465240479,0.026658101275336556,0.36779522289376665,-0.354572706324874,0.40710183360925783,0.005027962848544121,0.08204708248376846
1769859995.609409,705.0,2.871283226547902,1.269752407675094,-1.21869695186615,0.37700996433503753,-21.883424310989913,0.1081923246383667,0.02620912875968119,0.36889094014903495,-0.30318608304325645,0.3977341695147331,0.005027962848544121,0.08204708248376846
1769859995.6810634,705.0,2.871283226547902,1.269752407675094,-1.1988004446029663,0.3769826957299224,-21.685995383448297,0.0882958173751831,0.02620912875968119,0.36914923080785067,-0.26560982762710533,0.39423543093165564,0.005923246964812279,0.07426686584949493
1769859995.7269778,707.0,2.8793999560096113,1.2548831287862814,-1.1988004446029663,0.3769826957299224,-21.685995383448297,0.10855495929718018,0.025766884323805174,0.36906616444754864,-0.301930446992731,0.40218798217073254,0.009387556463479996,0.06659909337759018
1769859995.7840753,709.0,2.8882709562639626,1.239546573552032,-1.1743534803390503,0.3769826957299224,-19.95787330316137,0.10437893867492676,0.025170116225232138,0.36906160634551105,-0.2918803368133976,0.3928982698444732,0.009387556463479996,0.06659909337759018
1769859995.891148,709.0,2.8882709562639626,1.239546573552032,-1.1543856859207153,0.3769826957299224,-21.106641059907044,0.0844111442565918,0.025170116225232138,0.3690744044618537,-0.287500825801123,0.39699019985115563,0.014486122876405716,0.054619718343019485
1769859995.9520354,712.0,2.906877402918934,1.2105784302909917,-1.1210930347442627,0.3768132268999125,-21.181505666310187,0.08154702186584473,0.023298715023418494,0.3693420734162324,-0.24276955619076412,0.4153904734707008,0.014486122876405716,0.054619718343019485
1769859996.004425,712.0,2.906877402918934,1.2105784302909917,-1.091389775276184,0.3765952109626689,-21.167191650884266,0.05184376239776611,0.023298715023418494,0.3700299420143158,-0.20299269663967234,0.3969563222310109,0.015231428667902946,0.04915032535791397
1769859996.0799441,714.0,2.9167650047312437,1.1964796557862531,-1.091389775276184,0.37563150434538173,-21.079069861758217,0.07214415073394775,0.02210476879044456,0.3727679448428635,-0.22029649560345452,0.3942106043184669,0.015541957691311836,0.044671133160591125
1769859996.121156,716.0,2.9279146042288025,1.1811977390198016,-1.0612714290618896,0.3745944996327958,-21.079069861758217,0.06233811378479004,0.020779092411598594,0.3758665603044166,-0.1968018033487211,0.40172267837272363,0.02278239093720913,0.028097495436668396
1769859996.204575,718.0,2.939354208437886,1.1662458342160817,-1.0404835939407349,0.3745944996327958,-20.315519602946868,0.0618743896484375,0.019384984504346097,0.37616527450206666,-0.19088388283584953,0.38868272459465636,0.022474097087979317,0.018442772328853607
1769859996.257364,720.0,2.95177038813192,1.1508578892864805,-1.0122169256210327,0.3745944996327958,-17.371282965481488,0.05394357442855835,0.01779122401827319,0.3761615694117962,-0.16988555792808882,0.4051453225154787,0.022474097087979317,0.018442772328853607
1769859996.3230968,720.0,2.95177038813192,1.1508578892864805,-0.9921244382858276,0.3744123785411426,-15.218322120230429,0.03385108709335327,0.01779122401827319,0.3767154740229408,-0.14252569510221216,0.3932238839677247,0.021609188988804817,0.01747620850801468
1769859996.374123,721.0,2.96292579275831,1.1377545122190944,-0.9921244382858276,0.3745944996327958,-15.218322120230429,0.04402351379394531,0.016269197991457148,0.376241663274648,-0.14503011396012713,0.3982250513520092,0.02419065311551094,0.005844295024871826
1769859996.4283638,723.0,2.9730447807596687,1.1261927340535505,-0.9809802770614624,0.3745944996327958,-16.723511422264632,0.05323296785354614,0.01495031941770529,0.37627845511247265,-0.15831529685136717,0.3925617047172533,0.02419065311551094,0.005844295024871826
1769859996.4963846,723.0,2.9730447807596687,1.1261927340535505,-0.9705232977867126,0.37486540866137663,-16.472583924930234,0.04277598857879639,0.01495031941770529,0.37579544374207724,-0.13793881145025932,0.39187326543552253,0.02390904538333416,0.004786144942045212
1769859996.5451295,724.0,2.9820496570553856,1.1160971697489934,-0.9609522819519043,0.37579704030747274,-13.909670963994872,0.043386220932006836,0.013857589617304242,0.37301880788879455,-0.13512330134453182,0.3999783618962186,0.024113452062010765,0.003442801535129547
1769859996.6153228,725.0,2.9901524059771076,1.1071343151540671,-0.9609522819519043,0.37579704030747274,-13.909670963994872,0.05357038974761963,0.01295603575137224,0.3728200924969228,-0.1518426826042068,0.3929914762645939,0.024077480658888817,0.0030513331294059753
1769859996.6704042,726.0,2.9975939765237865,1.0990048516403974,-0.9445528388023376,0.37579704030747274,-12.622059439600239,0.04735809564590454,0.012193265928799067,0.372874362631887,-0.13694207065290198,0.4010412231056946,0.024077480658888817,0.0030513331294059753
1769859996.7262099,726.0,2.9975939765237865,1.0990048516403974,-0.9336454272270203,0.37579704030747274,-11.275912732445311,0.03645068407058716,0.012193265928799067,0.3730178698896908,-0.11556254838272459,0.39463992536420883,0.02508052997291088,0.0036226287484169006
1769859996.8059125,727.0,3.0050589513183046,1.090867938293845,-0.9336454272270203,0.37579704030747274,-9.733725469504751,0.04664081335067749,0.011539372011426123,0.3729044529783997,-0.13318448352846052,0.3945694715925148,0.02560204267501831,0.002163354307413101
1769859996.878886,729.0,3.0128030196478734,1.082489575733706,-0.9242729544639587,0.37579704030747274,-9.733725469504751,0.05765742063522339,0.010950623059149883,0.372933603615226,-0.15263499782868634,0.4046999671957439,0.025654897093772888,0.0020210295915603638
1769859996.9492016,730.0,3.0208334780936172,1.0738646729467567,-0.9173189997673035,0.37579704030747274,-8.166120801525146,0.060902416706085205,0.010437604888363074,0.37296018101705974,-0.1570881602603825,0.40081717330065975,0.025494666770100594,0.0010360665619373322
1769859997.009864,731.0,3.029994921123591,1.0639656598820197,-0.9073886275291443,0.37579704030747274,-8.309613432216647,0.061173975467681885,0.010063295490531012,0.37299536541944667,-0.15627270075534094,0.39892507863534116,0.025494666770100594,0.0010360665619373322
1769859997.0610392,731.0,3.029994921123591,1.0639656598820197,-0.9004101157188416,0.3758295092005328,-9.070798341944109,0.05419546365737915,0.010063295490531012,0.3729789822650189,-0.14266370322878744,0.3973568577052299,0.02626761794090271,0.00776410847902298
1769859997.1204126,732.0,3.0390215725525094,1.0541366713902085,-0.9004101157188416,0.3758295092005328,-9.070798341944109,0.064400315284729,0.009925639788968302,0.37294194717537177,-0.16211600519899938,0.39402356028291136,0.02590075135231018,0.016590707004070282
1769859997.1680193,734.0,3.048686710221859,1.043626416740595,-0.8884504437446594,0.37673462457433265,-7.741994880916075,0.07285928726196289,0.00996914575590107,0.3705254622471936,-0.17871402211347986,0.39774200159036316,0.02590075135231018,0.016590707004070282
1769859997.2542825,734.0,3.048686710221859,1.043626416740595,-0.8813002109527588,0.37673462457433265,-8.699944863165573,0.06570905447006226,0.00996914575590107,0.37026542647473026,-0.16480533334682138,0.3901796527001864,0.024775171652436256,0.024725109338760376
1769859997.383331,735.0,3.058907249123144,1.0325917497334447,-0.8713823556900024,0.37704016933472995,-6.6212462921064965,0.0660049319267273,0.01018469811059728,0.3694795018237956,-0.16613385419193544,0.4034216835706299,0.022984810173511505,0.034669652581214905
1769859997.4625342,739.0,3.0814013487012866,1.008715861953841,-0.8627816438674927,0.37704016933472995,-6.6212462921064965,0.09828871488571167,0.01117241764414678,0.36949998748045926,-0.23253166569340084,0.42379923242479883,0.022442923858761787,0.0436447411775589
1769859997.5347936,740.0,3.0924405311098635,0.9972243308924515,-0.8553721904754639,0.37673462457433265,-7.630908802810418,0.10110777616500854,0.011891153169898607,0.37025910628268444,-0.23981705154349037,0.4039850084987503,0.02066933922469616,0.05305473506450653
1769859997.6014009,742.0,3.1049032488631845,0.9844825261503619,-0.8438374996185303,0.37673462457433265,-8.745341181572211,0.11003893613815308,0.012839273765321933,0.3703565557445314,-0.26013229743384125,0.402196072662513,0.017008598893880844,0.06638415157794952
1769859997.6536703,744.0,3.1174308070752828,0.9718283547232607,-0.8352315425872803,0.37704016933472995,-9.000488594394616,0.1219106912612915,0.013999545120367895,0.36953124056468634,-0.2865174954996097,0.3996504237156899,0.017008598893880844,0.06638415157794952
1769859997.7091832,744.0,3.1174308070752828,0.9718283547232607,-0.8352315425872803,0.37733969822680624,-8.953766206391908,0.1219106912612915,0.013999545120367895,0.3684215252529116,-0.28635065786657005,0.39535467936722196,0.011756550520658493,0.07873144745826721
1769859997.7677104,745.0,3.1292342650403144,0.9601384516350603,-0.8280249238014221,0.37733969822680624,-8.953766206391908,0.12494730949401855,0.015206975079089836,0.36853701022860325,-0.29620310589799836,0.3961867067133167,0.010312628000974655,0.09678366035223007
1769859997.8136318,747.0,3.1422115133564814,0.9475060200134517,-0.8167195916175842,0.37783638249267815,-9.288562889423575,0.13413739204406738,0.016684092771060057,0.36719461650175234,-0.31833862065190305,0.39840409394670145,0.010312628000974655,0.09678366035223007
1769859997.8543653,747.0,3.1422115133564814,0.9475060200134517,-0.8167195916175842,0.37829328526673844,-9.288562889423575,0.13413739204406738,0.016684092771060057,0.3655505124371835,-0.3181884620963698,0.3930648481415213,0.008616682142019272,0.10420018434524536
1769859997.899254,749.0,3.1549402926038996,0.9353707547641325,-0.8073654770851135,0.37829328526673844,-9.442650042019512,0.14529049396514893,0.018251385952385287,0.36567744088106,-0.34407196096300424,0.3918345757317988,0.008616682142019272,0.10420018434524536
1769859997.9726477,749.0,3.1549402926038996,0.9353707547641325,-0.8073654770851135,0.37840236384308984,-9.5187686794397,0.14529049396514893,0.018251385952385287,0.365095666629212,-0.34386540253114195,0.3938734117948699,0.006104988977313042,0.11230434477329254
1769859998.0308177,750.0,3.1664240232749576,0.9248272073790123,-0.7999262809753418,0.37840236384308984,-13.323083047378864,0.14810937643051147,0.01960811170908191,0.3652838795228491,-0.3535569525336651,0.4042368789430106,0.006108662113547325,0.11850905418395996
1769859998.0809746,752.0,3.1786261469902826,0.9138822956107328,-0.7845621705055237,0.37840236384308984,-13.323083047378864,0.1532701849937439,0.02110800568244605,0.3652639459522521,-0.36784969128247275,0.398769708672524,0.003674682229757309,0.12535591423511505
1769859998.1412785,752.0,3.1786261469902826,0.9138822956107328,-0.7766987681388855,0.37840236384308984,-14.904482758000919,0.1454067826271057,0.02110800568244605,0.3650793761916143,-0.3578991552316355,0.3958483070863163,0.003674682229757309,0.12535591423511505
1769859998.1984954,754.0,3.1905025227155734,0.9034179933601794,-0.7688332796096802,0.37829328526673844,-16.416243248786195,0.15807807445526123,0.022671239740160318,0.3655374900516864,-0.38167135980875005,0.39939426819294366,0.004406549036502838,0.13238543272018433
1769859998.2560391,755.0,3.201547976211947,0.893986243046772,-0.7688332796096802,0.37829328526673844,-16.416243248786195,0.16835087537765503,0.024101727855660747,0.3655026100745095,-0.4044762904470454,0.39806289415406604,0.005334828048944473,0.13852128386497498
1769859998.3148608,756.0,3.2134660549465273,0.8843186115498927,-0.7518441081047058,0.37829328526673844,-16.971187846621888,0.16163748502731323,0.02545563437316585,0.3654635316176615,-0.3968860489334484,0.3984651660723926,0.005334828048944473,0.13852128386497498
1769859998.4233131,756.0,3.2134660549465273,0.8843186115498927,-0.734071671962738,0.37829328526673844,-18.239459419370192,0.14386504888534546,0.02545563437316585,0.36545006895496857,-0.3950737848879671,0.3971552934515149,0.0033178888261318207,0.14389650523662567
1769859998.4720962,759.0,3.238072074340363,0.866181398044365,-0.7153543829917908,0.37829328526673844,-18.230855967880355,0.1559928059577942,0.02744288710404561,0.3655298458244253,-0.393340457837312,0.41654947712620577,0.0066391471773386,0.15133541822433472
1769859998.5858712,759.0,3.238072074340363,0.866181398044365,-0.6900462508201599,0.37829328526673844,-19.713871211970158,0.13068467378616333,0.02744288710404561,0.3654894268731735,-0.38806495152055737,0.3946294959550356,0.006414197385311127,0.153639018535614
1769859998.6632888,763.0,3.2690472510805697,0.8463490997423957,-0.6590708494186401,0.37774959386636175,-19.702036285601608,0.14087730646133423,0.028661878588900493,0.366842022411691,-0.37045012242142,0.41848158780370415,0.004291633144021034,0.15821538865566254
1769859998.7324688,765.0,3.286605901153055,0.8361515985727532,-0.6300582885742188,0.3776860693439121,-20.25732119768619,0.13246649503707886,0.029036419788983137,0.36701101586717977,-0.35647191965231,0.40258798321605327,0.002701789140701294,0.15992048382759094
1769859998.791011,767.0,3.3045016524597783,0.8263931159463853,-0.6026930212974548,0.3776860693439121,-21.07623480567596,0.12571477890014648,0.02927982254948472,0.36700057225565896,-0.3450153074306592,0.40208371352101935,0.002701789140701294,0.15992048382759094
1769859998.884358,767.0,3.3045016524597783,0.8263931159463853,-0.5827416777610779,0.3776860693439121,-20.506111086070213,0.10576343536376953,0.02927982254948472,0.3669962788537984,-0.34074427229378296,0.39823829635341196,-3.709644079208374e-05,0.1624927818775177
1769859998.9601917,769.0,3.322101428157919,0.8173302256448556,-0.5622776746749878,0.3776860693439121,-21.868158078060453,0.1059248149394989,0.02944665475296359,0.36699370220128763,-0.3300240819924381,0.4104230523356315,-3.709644079208374e-05,0.1624927818775177
1769859999.024679,771.0,3.338500244297621,0.8094427211590108,-0.5401845574378967,0.3776860693439121,-23.17478435572336,0.10446891188621521,0.029452038895087043,0.3669827916825795,-0.31369374840245595,0.40470932186913194,-0.00030577927827835083,0.1645762026309967
1769859999.094542,772.0,3.3537866542896735,0.8026930200487031,-0.5161985158920288,0.3777839771814746,-22.739895551509264,0.09080588817596436,0.02920703561828967,0.3666641757229871,-0.28051144036410625,0.40044871985502534,-0.00255562923848629,0.1635146588087082
1769859999.153908,774.0,3.3688430500953097,0.7966474301770959,-0.5161985158920288,0.3777839771814746,-22.63606047033988,0.11146080493927002,0.02868682247565604,0.3665827952576478,-0.3171520985389878,0.4009701879540631,-0.0038790134713053703,0.15949615836143494
1769859999.2369046,775.0,3.3828062545458777,0.7914605317959573,-0.49016979336738586,0.3777839771814746,-22.234483899076835,0.09576398134231567,0.028052722131071052,0.3665923473294792,-0.28580360174843794,0.3985932713113914,-0.005282845348119736,0.156362384557724
1769859999.3136141,777.0,3.3972213785693284,0.78655241801454,-0.4684171676635742,0.3773645637401496,-22.234483899076835,0.09468400478363037,0.02721721801048067,0.36770498928793016,-0.2806110464740585,0.4057200679788161,-0.0056685758754611015,0.1499679833650589
1769859999.3855982,778.0,3.4115849140315966,0.7820332971827303,-0.44977834820747375,0.37674907645062694,-21.225228534852036,0.08638593554496765,0.026269135153821118,0.3694869327366129,-0.2617847842551966,0.40241651450579274,-0.008092785254120827,0.14458346366882324
1769859999.4528158,780.0,3.425847849198515,0.77796786990031,-0.4252612888813019,0.3756364159759885,-20.42433651100395,0.08255922794342041,0.025156751800610826,0.3726557372154606,-0.2506111675527322,0.40043959338611823,-0.011141509748995304,0.13671168684959412
1769859999.5313401,781.0,3.438857901674645,0.7745364475140106,-0.40878328680992126,0.3750270009253433,-19.767920983185363,0.07643082737922668,0.02407358319156997,0.37463330971260317,-0.2352083804001454,0.3989633875431568,-0.011141509748995304,0.13671168684959412
1769859999.5868464,782.0,3.45166143783513,0.7713455004193069,-0.3929017186164856,0.3750270009253433,-19.523208695690276,0.07090184092521667,0.023008919696632168,0.374820660046836,-0.22090886565729953,0.40347636501242196,-0.015883803367614746,0.13733091950416565
1769859999.6661088,782.0,3.45166143783513,0.7713455004193069,-0.37060242891311646,0.3750270009253433,-18.908987035846135,0.048602551221847534,0.023008919696632168,0.3748886206191194,-0.2062558135980746,0.39492683466936424,-0.014147002249956131,0.1316964328289032
1769859999.7228436,784.0,3.4654257339119745,0.7681936036447895,-0.34610918164253235,0.3756364159759885,-17.973327843099437,0.044823288917541504,0.02179496309472743,0.3731682001350529,-0.1664311251296174,0.4033682593630429,-0.01866985484957695,0.1328989565372467
1769859999.7795079,785.0,3.479464985652774,0.7651431084061452,-0.34610918164253235,0.3756364159759885,-17.973327843099437,0.05518472194671631,0.020606788263233124,0.373021855944174,-0.1821442398717442,0.3949202659364051,-0.01770932599902153,0.12608812749385834
1769859999.8463717,786.0,3.4928289921227114,0.7624283361218624,-0.3335094451904297,0.3768469842881894,-18.1714767100012,0.052949368953704834,0.0194877869601081,0.3697901610057353,-0.17382666878291309,0.39619096838085066,-0.01770932599902153,0.12608812749385834
1769859999.89446,786.0,3.4928289921227114,0.7624283361218624,-0.3157045543193817,0.37756970530803735,-16.37534014982329,0.03514447808265686,0.0194877869601081,0.3683320738870971,-0.1496325349565011,0.4012704285806392,-0.01836274191737175,0.12205343693494797
1769859999.9585612,788.0,3.5069571071802885,0.7597335783766754,-0.3157045543193817,0.37756970530803735,-16.37534014982329,0.05588209629058838,0.018341074644567208,0.3673606774322513,-0.1755458914068742,0.39352403740199776,-0.018528830260038376,0.12104225158691406
1769859999.9863305,790.0,3.523470838107072,0.7568482174831812,-0.2920869290828705,0.37789121091179984,-14.999163278565568,0.05301392078399658,0.017010206120689157,0.3664249799242147,-0.16520465400040726,0.4003517661406521,-0.018528830260038376,0.12104225158691406
1769860000.050849,790.0,3.523470838107072,0.7568482174831812,-0.2920869290828705,0.37789121091179984,-14.999163278565568,0.05301392078399658,0.017010206120689157,0.36658589928104346,-0.1652336803386507,0.3873197566387527,-0.018805133178830147,0.11822360754013062
1769860000.0877588,791.0,3.5389649092244326,0.754329947773964,-0.2710343599319458,0.37789121091179984,-13.476447503035926,0.04234050214290619,0.015838025312683714,0.36638495669563853,-0.14025504272616948,0.40064762328766423,-0.018805133178830147,0.11822360754013062
1769860000.145117,791.0,3.5389649092244326,0.754329947773964,-0.2532062828540802,0.3781300158784553,-12.657145659185758,0.02451242506504059,0.015838025312683714,0.36596996786656466,-0.10530275230004116,0.3905142434998211,-0.018529457971453667,0.1095532551407814
1769860000.2144246,793.0,3.5556695786907104,0.7518159408720845,-0.2532062828540802,0.3781300158784553,-12.657145659185758,0.04527959227561951,0.01465916726315182,0.36566824295988254,-0.14187285183519072,0.39523871893543217,-0.018722373992204666,0.10585917532444
1769860000.2816331,794.0,3.5728980672624457,0.7493231166418559,-0.23962000012397766,0.3781300158784553,-9.535801049540774,0.0420813262462616,0.013650932934470544,0.36572819725728867,-0.13191420544010435,0.4022278737777912,-0.01866026595234871,0.10227050632238388
1769860000.3359995,796.0,3.5907176617928727,0.7468525224118218,-0.2247534990310669,0.37791574400501815,-10.436096207269433,0.04799970984458923,0.01282929518347136,0.36631896317636525,-0.14062878716119426,0.39815291944925996,-0.01866026595234871,0.10227050632238388
1769860000.3957171,796.0,3.5907176617928727,0.7468525224118218,-0.21418265998363495,0.37756970530803735,-9.959534488079377,0.03742887079715729,0.01282929518347136,0.3674791959289477,-0.11994568519004117,0.3965912892920657,-0.018702637404203415,0.10035178065299988
1769860000.4682443,798.0,3.6069213402550657,0.7446311181182167,-0.21418265998363495,0.37756970530803735,-8.57331273085127,0.05822557210922241,0.01234615664045546,0.36741867775640197,-0.1591061657559464,0.3983419850996357,-0.01881476305425167,0.09998047351837158
1769860000.535381,800.0,3.6238971058943177,0.7424048466624198,-0.20249144732952118,0.37756970530803735,-9.465529430142388,0.06734287738800049,0.012035476769177558,0.36738312638371057,-0.1757075145418407,0.40320836849045083,-0.019548295065760612,0.0986490324139595
1769860000.591037,801.0,3.640379081005965,0.7403163365687596,-0.19289761781692505,0.37756970530803735,-9.465529430142388,0.06815773993730545,0.011950882619812047,0.3673814127820376,-0.17700243079642178,0.3997627868540634,-0.019556477665901184,0.09800998121500015
1769860000.6796606,803.0,3.657795728330189,0.7381875218814222,-0.18113191425800323,0.37756970530803735,-9.467192516818457,0.07721827924251556,0.012093290112345443,0.3672740885757597,-0.19518632031234798,0.39587323509195715,-0.019556477665901184,0.09800998121500015
1769860000.7399645,805.0,3.674288546769367,0.7362804373170224,-0.1727989763021469,0.37791574400501815,-8.036022003636548,0.08972339332103729,0.012412561174267433,0.3661523133997216,-0.22051182247057685,0.40930164472465486,-0.019566763192415237,0.09631712734699249
1769860000.8243983,805.0,3.674288546769367,0.7362804373170224,-0.15936022996902466,0.3782785922923829,-6.03340327790388,0.07628464698791504,0.012412561174267433,0.365023563589634,-0.19465762889278626,0.3978409229310876,-0.01992426998913288,0.09595149755477905
1769860000.8949912,806.0,3.6922375156682206,0.7343935429088935,-0.15114076435565948,0.37840336701280003,-8.128715637641283,0.07848864048719406,0.012895220377781156,0.3645126409639423,-0.20056634637218962,0.4069912884522305,-0.019460342824459076,0.09201733767986298
1769860000.952386,808.0,3.7094823024734316,0.7326775976419384,-0.15114076435565948,0.37842106831847866,-8.128715637641283,0.0993444211781025,0.013578647206079908,0.36403564383503845,-0.24326715820795008,0.40165655870791295,-0.020761195570230484,0.08998830616474152
1769860001.040404,810.0,3.725641175972868,0.73112081402728,-0.14661440253257751,0.37842106831847866,-6.872381532194183,0.11568565666675568,0.014448548565750749,0.36341949801592116,-0.2771297640264089,0.39847969478193573,-0.02021174505352974,0.08757264912128448
1769860001.1249623,811.0,3.7407690798352187,0.729798432079572,-0.14023371040821075,0.37870112288135327,-9.116111792324634,0.11974319256842136,0.015373543087008699,0.36216038203752593,-0.287707832046151,0.4076441365252371,-0.02075960673391819,0.08802734315395355
1769860001.2011962,813.0,3.7561479994804743,0.7285220006536688,-0.1331588327884674,0.378992307865329,-9.116111792324634,0.13355363314622082,0.016488557263689824,0.3600138725556095,-0.31728479109411806,0.4060010905334345,-0.021277934312820435,0.08655709028244019
1769860001.2707944,814.0,3.7720128657191148,0.7273452650904227,-0.12372878938913345,0.378992307865329,-10.06729901198101,0.1345706796273589,0.01775040742021343,0.35889875193748805,-0.32316633715559634,0.4038666211228373,-0.020696455612778664,0.08474338054656982
1769860001.339301,814.0,3.7720128657191148,0.7273452650904227,-0.11067824810743332,0.378992307865329,-10.141492248191394,0.12152013834565878,0.01775040742021343,0.3586422808943066,-0.306330501799854,0.40193289083185996,-0.020696455612778664,0.08474338054656982
1769860001.388822,816.0,3.7884245974265243,0.7263200070377056,-0.0992819294333458,0.378992307865329,-12.634396760302124,0.11091382894665003,0.018960936721987884,0.3638227500962924,-0.28458369545389733,0.4012077411540013,-0.020192740485072136,0.08269067108631134
1769860001.520065,818.0,3.8050686510924123,0.7254740885841973,-0.0992819294333458,0.378992307865329,-11.153060585580485,0.11159360408782959,0.020004988177484355,0.36388244123049907,-0.28939031549601024,0.39600548534903657,-0.01827625371515751,0.07667583227157593
1769860001.607516,819.0,3.8222369642947998,0.7248539216436536,-0.07752513140439987,0.3794633487365944,-11.491605159485475,0.09013535548001528,0.020838980137874635,0.3626130009322515,-0.2522497619987484,0.4285010843682477,-0.017423473298549652,0.07174523174762726
1769860001.655212,821.0,3.8389232775543993,0.7244876070196062,-0.07053036242723465,0.3794633487365944,-13.938181459456823,0.08365501090884209,0.021420982871250244,0.3624872549039934,-0.24174489647862082,0.4067133451321855,-0.016124367713928223,0.06742539256811142
1769860001.7193575,822.0,3.852564743746447,0.7244215030915445,-0.07053036242723465,0.3794633487365944,-13.938181459456823,0.08387088589370251,0.02166826718893904,0.3624946429511796,-0.24301689993934497,0.39587588885648095,-0.014640044420957565,0.06010768562555313
1769860001.7855098,824.0,3.8647303539422504,0.7245643800167666,-0.06434608995914459,0.3796609085512241,-15.878365856169657,0.07803568616509438,0.02169003034370449,0.3619638799328259,-0.23201519599658504,0.4017204643346554,-0.014640044420957565,0.06010768562555313
1769860001.8592727,825.0,3.876176756959679,0.7248800426328132,-0.054062370210886,0.3796609085512241,-16.484444509103188,0.06788516603410244,0.021531439890424647,0.3619151560942904,-0.21206517182651938,0.4017332854805252,-0.014046436175704002,0.05827159434556961
1769860001.9092746,825.0,3.876176756959679,0.7248800426328132,-0.041787631809711456,0.3796609085512241,-18.179079433382974,0.055610427632927895,0.021531439890424647,0.3619141244843136,-0.19550825654960952,0.40523311165343606,-0.013325536623597145,0.055982787162065506
1769860001.970816,826.0,3.887112927876488,0.7254446457768026,-0.041787631809711456,0.3796609085512241,-18.179079433382974,0.05571606755256653,0.02111848417849874,0.36191581147820134,-0.18706095878868714,0.3967793901689964,-0.013325536623597145,0.055982787162065506
1769860002.0391665,827.0,3.8991945378351387,0.72641276137523,-0.025222862139344215,0.3796609085512241,-17.551444889256302,0.03922937996685505,0.020319244187659548,0.3619209457928586,-0.1522668155445897,0.40092925552799974,-0.012985039502382278,0.05408618971705437
1769860002.0894525,827.0,3.8991945378351387,0.72641276137523,-0.006205610930919647,0.3796609085512241,-16.30544466774467,0.02021212875843048,0.020319244187659548,0.361907739696414,-0.11495823409633502,0.40027857686454593,-0.010153783485293388,0.041322894394397736
1769860002.1755402,828.0,3.9117483753580373,0.7276570059271281,-0.006205610930919647,0.3796609085512241,-14.45284674570778,0.020262652076780796,0.01925144440261793,0.3619141839847333,-0.11101234121842891,0.396349862464163,-0.007074475288391113,0.02284720540046692
1769860002.2481987,830.0,3.924186526756827,0.7291152331898794,0.0060646976344287395,0.3796609085512241,-14.45284674570778,0.008010715711861849,0.017968465944655104,0.36191630641068373,-0.08220057623569071,0.4056939551688297,-0.005874762311577797,0.01731347292661667
1769860002.319012,831.0,3.9378768183429136,0.7309239278764869,0.022789444774389267,0.3796609085512241,-13.85096228705197,-0.008746183477342129,0.01635249944141774,0.3619170871310086,-0.04307037140423118,0.4027947426693306,-0.005874762311577797,0.01731347292661667
1769860002.3771474,832.0,3.9504544692239643,0.732708458952822,0.03152761980891228,0.3796609085512241,-13.923842716877498,-0.017544069327414036,0.014744272922139076,0.3619104536634599,-0.019601646959769455,0.40413641383980325,-0.004777051508426666,0.0118010975420475
1769860002.4320366,832.0,3.9504544692239643,0.732708458952822,0.04008365049958229,0.3796043761660892,-13.293491513504916,-0.02610010001808405,0.014744272922139076,0.3620436815538221,-0.002580463597601102,0.39915875600491857,-0.003591137006878853,0.008713427931070328
1769860002.4926612,833.0,3.9614881805798987,0.734366055413872,0.04008365049958229,0.3796043761660892,-13.293491513504916,-0.026187368668615818,0.013240280797833006,0.3620736695559466,0.00313859893027664,0.39852882133293055,-0.0022610463201999664,0.003215804696083069
1769860002.5745478,835.0,3.9739067556367216,0.7363260935043779,0.05481855571269989,0.37940681635145945,-11.20179796025356,-0.041179487481713295,0.011451447901764047,0.3626144126595312,0.039524193294265396,0.40041963712594897,-0.0011064503341913223,-0.0009533092379570007
1769860002.6510177,836.0,3.986708883929027,0.738411154832354,0.06653908640146255,0.3796043761660892,-10.717803450262398,-0.053069962188601494,0.009540460504548142,0.36212968563341513,0.07015058230649543,0.4082626099094263,-0.0011064503341913223,-0.0009533092379570007
1769860002.7140565,836.0,3.986708883929027,0.738411154832354,0.07829881459474564,0.3796043761660892,-8.724245890601988,-0.06482969038188457,0.009540460504548142,0.3620557080797879,0.0934032045222045,0.4059677866189472,0.00018233992159366608,-0.003587227314710617
1769860002.7792983,837.0,3.99938031768731,0.7405413332979243,0.07829881459474564,0.3796043761660892,-8.724245890601988,-0.06502719316631556,0.007579584221961798,0.3620753715037914,0.10094100253565433,0.4016431025421876,0.0015863031148910522,-0.01094767451286316
1769860002.8518124,839.0,4.013506605652416,0.7429718358558022,0.0898551493883133,0.3796043761660892,-6.360538625682164,-0.07706120889633894,0.005333600261002636,0.3620809280240392,0.13288268791463984,0.40233569552789655,0.003619382157921791,-0.019427821040153503
1769860002.915772,840.0,4.027827124432586,0.7454394024458725,0.09725742042064667,0.3796043761660892,-4.70974609184845,-0.08474365901201963,0.0030477503182492127,0.3620834970321927,0.15617892558204122,0.40484315076989213,0.003619382157921791,-0.019427821040153503
1769860002.979442,840.0,4.027827124432586,0.7454394024458725,0.10162660479545593,0.3796043761660892,-2.4677505035233955,-0.0891128433868289,0.0030477503182492127,0.36206943924554214,0.16464794206851435,0.40095629236473096,0.005600420758128166,-0.02949117124080658
1769860003.0461287,841.0,4.040837950698147,0.7476349428879958,0.10162660479545593,0.3796043761660892,-1.123091642300231,-0.08942057937383652,0.0010119489772294644,0.36208659633654927,0.17259029321275426,0.4017063736974728,0.007535682991147041,-0.03760140389204025
1769860003.1033354,843.0,4.054664172712771,0.7498528527291212,0.10596538335084915,0.3796043761660892,-1.123091642300231,-0.09445750713348389,-0.0010425251459291395,0.3620926286456225,0.18977372233483114,0.4027834448097084,0.007837394252419472,-0.04347290098667145
1769860003.1711524,844.0,4.067470512304684,0.7517946849727044,0.10785254836082458,0.3796043761660892,0.17982847228912635,-0.09673508442938328,-0.0028394160194704482,0.3620972878286129,0.20058635474788744,0.40129298417574205,0.010518774390220642,-0.05193382501602173
1769860003.2455156,845.0,4.08061282268569,0.7535794073335449,0.10886963456869125,0.3796043761660892,2.264569464420677,-0.09817014168947935,-0.00448247306666747,0.3621029059903344,0.20921293314573491,0.40030196963898645,0.010704003274440765,-0.052965257316827774
1769860003.3055098,845.0,4.08061282268569,0.7535794073335449,0.10849887877702713,0.3796043761660892,4.019332296547296,-0.09779938589781523,-0.00448247306666747,0.36209965861332777,0.20848934041346825,0.4053284231539458,0.010704003274440765,-0.052965257316827774
1769860003.3653889,847.0,4.093599427506741,0.7552131939636693,0.10849887877702713,0.379880408288764,5.351609412119563,-0.09871800243854523,-0.005983928779042537,0.3613579003865213,0.21561255233301493,0.40050354052885034,0.011073930189013481,-0.05394598841667175
1769860003.4208837,848.0,4.1071122149360715,0.7567315875914546,0.10686122626066208,0.379880408288764,5.351609412119563,-0.09758099634200335,-0.00737337350580816,0.36128786810386776,0.2183704045762462,0.40060644063735207,0.012198148295283318,-0.05685333162546158
1769860003.4699473,850.0,4.121011143873074,0.7580351420811289,0.10178819298744202,0.38045393121001087,7.613617187862933,-0.09359193127602339,-0.008554316499101815,0.35973153992097356,0.21492316415967275,0.3993212291164038,0.012198148295283318,-0.05685333162546158
1769860003.5290012,850.0,4.121011143873074,0.7580351420811289,0.10178819298744202,0.3808527118985565,8.948393284738726,-0.09359193127602339,-0.008554316499101815,0.35848945030945734,0.21492232245442078,0.3973496382712227,0.012627126649022102,-0.05764856934547424
1769860003.6326416,851.0,4.135589682530953,0.7592220646947758,0.09591049700975418,0.3808527118985565,9.888695386016197,-0.0882975566200912,-0.009624362667098119,0.358391284976679,0.20857146165216492,0.4012233102954396,0.01338498666882515,-0.05644664168357849
1769860003.720172,853.0,4.151274759793141,0.7600714816943717,0.08579644560813904,0.3815454327954957,10.873233352273392,-0.07943282416090369,-0.010362422641195206,0.35650162064752633,0.19415121137519378,0.41128591657249675,0.0136269461363554,-0.05697532743215561
1769860003.7897239,854.0,4.167010390766222,0.7607265973442306,0.0768156424164772,0.3815454327954957,10.873233352273392,-0.07111801812425256,-0.010921864022549615,0.3563118831690071,0.18006377280575006,0.4111953308685522,0.012931464239954948,-0.053953371942043304
1769860003.8732264,856.0,4.1815887887208465,0.7611440027718551,0.07138940691947937,0.3815454327954957,11.492751554967873,-0.06710645230486989,-0.011265914596580356,0.3562997594991913,0.1734952641172511,0.40522346308711205,0.01218562014400959,-0.049517448991537094
1769860003.9438994,857.0,4.194398044948538,0.7612781764488334,0.0654783695936203,0.3815454327954957,11.98701808880326,-0.061944087501615286,-0.011348474037989666,0.35628730539140296,0.16375892331878555,0.4088498937998687,0.011866167187690735,-0.046512771397829056
1769860004.0168905,858.0,4.207068032982549,0.7611814341457843,0.056622590869665146,0.3815454327954957,11.94555927915804,-0.0538645398337394,-0.011213093867835353,0.3562727659825819,0.1475229506668028,0.40573081185068305,0.01084962673485279,-0.04254623129963875
1769860004.0748925,858.0,4.207068032982549,0.7611814341457843,0.048801273107528687,0.38235354987174286,12.353689258725348,-0.04604322207160294,-0.011213093867835353,0.35407128963054224,0.13220032471094306,0.40698757860236356,0.01084962673485279,-0.04254623129963875
1769860004.1343193,859.0,4.217033134014132,0.7609239386597245,0.04019789397716522,0.3826365955413514,12.511702552783186,-0.03824363253079355,-0.010934257210387304,0.35306773002176994,0.11586424358894201,0.4021598090443519,0.009847009554505348,-0.035867661237716675
1769860004.1968577,860.0,4.226724391308461,0.760541123882568,0.04019789397716522,0.3826365955413514,12.314141999788076,-0.0390749805374071,-0.010538604653252737,0.3529798662448832,0.11603131704212827,0.4027212427053159,0.010254951193928719,-0.035858154296875
1769860004.2719514,861.0,4.238046583812656,0.7599347126414694,0.028159257024526596,0.38290854625946935,12.314141999788076,-0.027834571432322264,-0.009926918865361787,0.35225170731627753,0.0916922360413128,0.40409065921930654,0.011161116883158684,-0.03399678319692612
1769860004.316607,863.0,4.250213141811232,0.7591370565346753,0.01889711618423462,0.38311606885652133,11.950264479543746,-0.020091220969334245,-0.009134786490371673,0.3516154288162968,0.07345906161550936,0.40575212357695145,0.011161116883158684,-0.03399678319692612
1769860004.3701003,863.0,4.250213141811232,0.7591370565346753,0.008158182725310326,0.38318957879713833,11.124044999150943,-0.009352287510409951,-0.009134786490371673,0.35136880250848074,0.05218319214021215,0.3979322601432335,0.009597567841410637,-0.024920687079429626
1769860004.4277759,864.0,4.261831772847072,0.7582691751947428,0.008158182725310326,0.38318957879713833,11.124044999150943,-0.01007285004016012,-0.008282576296433515,0.351345636942416,0.05045806544591337,0.4009168394863823,0.007645187899470329,-0.019029099494218826
1769860004.4928749,865.0,4.273982925102213,0.757249928134675,0.0002566919138189405,0.38318957879713833,9.940546399426003,-0.002866033319151029,-0.007290128628035995,0.3513493402719466,0.0325165320835967,0.40241362918746515,0.00609172135591507,-0.013627875596284866
1769860004.545434,866.0,4.288022505892304,0.7559584818008952,-0.013024241663515568,0.38328509405741756,9.382695163772892,0.00974611472338438,-0.006042288253360298,0.3510910049245304,0.0028708389080753967,0.40518492183680244,0.00609172135591507,-0.013627875596284866
1769860004.6033967,866.0,4.288022505892304,0.7559584818008952,-0.013024241663515568,0.38328509405741756,9.382695163772892,0.00974611472338438,-0.006042288253360298,0.35107582210768923,0.0028557666131687133,0.3979388943304953,0.005689963698387146,-0.008617483079433441
1769860004.674093,868.0,4.301432774578866,0.7546527822290898,-0.02340456284582615,0.38318957879713833,7.574520656196082,0.018866530153900385,-0.0047902556460111614,0.35133196880941364,-0.01987517218270163,0.4012931719298496,0.00508781336247921,-0.0038600899279117584
1769860004.7734377,869.0,4.313926427669036,0.7533990708601325,-0.028419222682714462,0.38311606885652133,6.6481047578583325,0.02329006977379322,-0.0035965376093747155,0.35156286645113205,-0.03307186114629305,0.40712865391086805,0.00508781336247921,-0.0038600899279117584
1769860004.831086,870.0,4.3274191628351035,0.7520386341365033,-0.03717472404241562,0.3831077597661519,6.6481047578583325,0.03148033935576677,-0.0023111110387062264,0.3516089814452777,-0.054071866214212054,0.4169508149903972,0.003681207075715065,0.0018987581133842468
1769860004.8892062,872.0,4.341604134754766,0.7506197941071227,-0.04324454814195633,0.3831077597661519,5.253578139284558,0.0364973652176559,-0.0009818764129454463,0.35161704444769487,-0.06889595773122766,0.4024810079865204,0.003681207075715065,0.0018987581133842468
1769860004.9499643,872.0,4.341604134754766,0.7506197941071227,-0.046993013471364975,0.3831077597661519,4.208894197560153,0.04024583054706454,-0.0009818764129454463,0.3516306410470444,-0.0763101912493446,0.40253239363403565,0.003884248435497284,0.005279876291751862
1769860005.0255685,873.0,4.353370258185678,0.7494498186954323,-0.046993013471364975,0.3831077597661519,2.989876671154406,0.03975826455280185,0.00010594696046914137,0.3516249258431475,-0.07932965385024011,0.40355074382066425,0.002443801611661911,0.009831700474023819
1769860005.0735607,874.0,4.3636355298666665,0.7484351643263262,-0.049155399203300476,0.38317867937038436,2.989876671154406,0.04145897226408124,0.0010434936202566446,0.35143872777547275,-0.08612523905592623,0.4085725184699654,0.002272438257932663,0.0095694400370121
1769860005.1517031,875.0,4.3742346137822015,0.7474330253259801,-0.05185875669121742,0.38317867937038436,1.8630600527918237,0.04372654017060995,0.001961023677652919,0.3514262476588111,-0.09395711685696283,0.3987704340454343,0.001953970640897751,0.011948157101869583
1769860005.2143707,876.0,4.383781665742793,0.746568215762114,-0.05352791026234627,0.38318957879713833,0.164486953094666,0.044985792599618435,0.0027455382093237693,0.351403893024549,-0.09929962019495378,0.40885821667679184,0.0017779450863599777,0.014090783894062042
1769860005.274583,876.0,4.383781665742793,0.746568215762114,-0.055059511214494705,0.38328509405741756,0.16362337420893647,0.04651739355176687,0.0027455382093237693,0.35114950974899756,-0.10232201826820428,0.4044309000300802,0.0017779450863599777,0.014090783894062042
1769860005.3433082,877.0,4.392277220438782,0.7458675587852914,-0.055059511214494705,0.3834453535368923,-1.1387634831646198,0.04613338131457567,0.0033716849936548973,0.3506844991335281,-0.10383663264100228,0.40368592415081084,0.0012313369661569595,0.017425846308469772
1769860005.4151962,878.0,4.4020075468117295,0.7451615005860523,-0.054890599101781845,0.3834453535368923,-1.8948780643252805,0.0456063449382782,0.003989083903133507,0.3506489212332172,-0.10503880809951346,0.4065948650852118,0.0015498287975788116,0.01811130717396736
1769860005.477253,879.0,4.413432682636237,0.7444072380279539,-0.05520418658852577,0.3836148242113613,-1.8948780643252805,0.04558769706636667,0.00463503649648742,0.35019272990890665,-0.10734533453792129,0.4076893721012743,0.0011051846668124199,0.019242025911808014
1769860005.5573683,880.0,4.424695877984368,0.7437511378983656,-0.05418163165450096,0.3837336001237319,-3.9474476035110593,0.044258794747292995,0.005180280951701869,0.3498314197564977,-0.10669965237086189,0.4044639048548145,0.0011156853288412094,0.02061929553747177
1769860005.6237268,882.0,4.438201309602173,0.7431349635001299,-0.052043311297893524,0.3838248823712652,-4.372251892423592,0.041585445404052734,0.005658729245238128,0.3495622083666352,-0.1031298609540696,0.41081289598155685,0.0011156853288412094,0.02061929553747177
1769860005.6898625,882.0,4.438201309602173,0.7431349635001299,-0.04669516906142235,0.38401883462818354,-4.545254355852499,0.03623730316758156,0.005658729245238128,0.3490144690431847,-0.09259597979430446,0.40737606252988423,0.000935637392103672,0.02222636342048645
1769860005.8315852,883.0,4.452871601375097,0.7426129940904787,-0.04669516906142235,0.38401883462818354,-4.934612707459856,0.0360086215659976,0.0060258801641182485,0.34896701708542416,-0.09345046214350124,0.40507905680897494,0.0017905663698911667,0.024378474801778793
1769860005.9227514,886.0,4.484124095830285,0.7419573626003739,-0.037308696657419205,0.3857244325973309,-5.383346251121453,0.026091434992849827,0.006337376519424325,0.34432874835810773,-0.07491480777426844,0.43359431704004164,0.001776391640305519,0.02320166677236557
1769860006.0273955,888.0,4.500075410990037,0.7418063864171607,-0.033980127424001694,0.3859348126632982,-5.862619798028614,0.022538498044013977,0.006307253061870877,0.34333015812144585,-0.06769050372720806,0.4149206974017222,0.003026725724339485,0.02291644737124443
1769860006.118203,889.0,4.515425425129648,0.7418163530338822,-0.027057897299528122,0.3861132332932177,-5.862619798028614,0.01554291695356369,0.0061208667140874124,0.3428086716025523,-0.053118593671148254,0.42120893536587045,0.003543226048350334,0.024726852774620056
1769860006.192219,891.0,4.5293872876397065,0.7419199109822714,-0.023375123739242554,0.38651934325217463,-5.949400809179793,0.0117911072447896,0.005855831492135552,0.34167542688171476,-0.04461290676938566,0.4165674131190742,0.0035855788737535477,0.024540692567825317
1769860006.269378,892.0,4.540915560724814,0.7420778668571888,-0.020413480699062347,0.38688679466103154,-6.018280389186689,0.008833778090775013,0.005564349037958323,0.340575325271975,-0.03763319522752342,0.41065550794781586,0.0030350182205438614,0.027109961956739426
1769860006.3371556,893.0,4.552666592585036,0.7423147335010866,-0.016468409448862076,0.38696703232952195,-6.150434619442799,0.004918909631669521,0.0051916444190370815,0.3402754400251944,-0.028445063524961876,0.4124220740155955,0.0032575055956840515,0.02505391463637352
1769860006.4031742,893.0,4.552666592585036,0.7423147335010866,-0.01119966059923172,0.3871331260022391,-6.113439756363435,-0.0003498392179608345,0.0051916444190370815,0.33979466286641,-0.0179839412341393,0.40933200203634135,0.0032575055956840515,0.02505391463637352
1769860006.4739888,894.0,4.564326636116888,0.7426246449816178,-0.006753306370228529,0.3872822064219399,-5.9089057744392095,-0.0047401017509400845,0.004747636046782285,0.33936108312223623,-0.007575265688472161,0.4082742217014669,0.005237577483057976,0.02249538153409958
1769860006.5848982,895.0,4.574622656959384,0.7429771349349951,-0.006753306370228529,0.38743800831934294,-5.305358842092295,-0.004658122081309557,0.0042776444945016095,0.3389036127353288,-0.005957985731845749,0.4108912827201867,0.008056756108999252,0.01588834449648857
1769860006.6370623,898.0,4.600839118665494,0.7441029371191188,0.005860887002199888,0.38800665713084415,-5.3543170743696935,-0.01687104580923915,0.0028585245141097464,0.3373463430349392,0.023699321174818017,0.42461179296316853,0.007717221975326538,0.015575062483549118
1769860006.7035792,898.0,4.600839118665494,0.7441029371191188,0.005860887002199888,0.3884806644521793,-4.29230230849943,-0.01687104580923915,0.0028585245141097464,0.3358588001114194,0.023683257831788575,0.40489115034829803,0.009327681735157967,0.00703810527920723
1769860006.7723076,900.0,4.615665889697344,0.7448246354945325,0.011241436935961246,0.3884806644521793,-3.0434712310271204,-0.0218546399846673,0.001976048043890286,0.33577213039229287,0.036947854434484485,0.40991912974866845,0.007952207699418068,0.011142753064632416
1769860006.8265934,901.0,4.630324688334131,0.7455875115107518,0.015859724953770638,0.3884806644521793,-3.0434712310271204,-0.026235616765916348,0.001058905114434976,0.3357230453493815,0.04907049045267217,0.40846426291047355,0.0071578603237867355,0.007280256599187851
1769860006.911306,903.0,4.6452146961174,0.7463783801436399,0.019537005573511124,0.38950604208989614,-2.5561312696964187,-0.029360610991716385,0.00011696991607214467,0.33284390400810226,0.05884749451601926,0.40648286639072445,0.009183615446090698,0.004284527152776718
1769860006.968248,904.0,4.658926567203852,0.7470946460070924,0.022260384634137154,0.3906564246838833,-2.1562232561289636,-0.03176901489496231,-0.0007326403010791743,0.32930874941074834,0.06679452713772159,0.411865778521748,0.009183615446090698,0.004284527152776718
1769860007.062749,904.0,4.658926567203852,0.7470946460070924,0.024915363639593124,0.39127592707884823,-1.6297820879618359,-0.03442399390041828,-0.0007326403010791743,0.3272730747896169,0.07204417280928649,0.4087497473330814,0.009310023859143257,0.00498097762465477
1769860007.1196294,907.0,4.685954904631654,0.7484182799969336,0.02675580233335495,0.39127592707884823,-1.030403931727475,-0.03516417369246483,-0.002300214202484185,0.32685351998880696,0.07945496918937577,0.4212950209633183,0.011313948780298233,0.004017308354377747
1769860007.1734388,907.0,4.685954904631654,0.7484182799969336,0.027901088818907738,0.39127592707884823,-0.4340307526397187,-0.036309460178017616,-0.002300214202484185,0.3266772602354846,0.0816984914742973,0.4090832983892444,0.013466071337461472,0.0024247467517852783
1769860007.2438366,908.0,4.699473147446841,0.7490138446042356,0.027901088818907738,0.39127592707884823,1.3578710806420962,-0.025998632656410336,-0.002947851114176159,0.32718678552369623,0.06377692355050898,0.40811047188616606,0.01393926702439785,0.0020207762718200684
1769860007.315406,909.0,4.713232785353924,0.7495808806781549,0.028693681582808495,0.39127592707884823,1.3578710806420962,-0.016481895931065083,-0.0033766046258078487,0.32723892756827233,0.04648664125921419,0.41360036809612555,0.013269010931253433,0.007150657474994659
1769860007.384736,911.0,4.7279489720289165,0.7501235575477717,0.029129015281796455,0.3921562419861021,1.3569507188816383,0.003696935251355171,-0.003553889337233711,0.3248574399647506,0.007101330046354236,0.4142589656358568,0.013563701882958412,0.012716010212898254
1769860007.4394813,912.0,4.743063930681164,0.7505921038548103,0.027489639818668365,0.39261219593093566,2.116956121159684,0.015641145408153534,-0.003412972027330252,0.32343378394058464,-0.017182932326224743,0.41353200236639126,0.013563701882958412,0.012716010212898254
1769860007.5132203,912.0,4.743063930681164,0.7505921038548103,0.025449607521295547,0.39261219593093566,2.8115320015751157,0.017681177705526352,-0.003412972027330252,0.3233018089446742,-0.021233081269711525,0.4093735707995261,0.01291956752538681,0.01943286508321762
1769860007.5762784,914.0,4.7592290508160335,0.7509758282690863,0.025449607521295547,0.39264365926845857,2.8115320015751157,0.03828635439276695,-0.002882879932711473,0.32329022906931704,-0.06411704951465383,0.41377369980113704,0.011316640302538872,0.02968502789735794
1769860007.641124,916.0,4.776517317691471,0.7512743506447194,0.02284238301217556,0.39264365926845857,3.82704449956349,0.06149275787174702,-0.0019051552573619514,0.32332030524804706,-0.11363380551389887,0.4113579538131516,0.011194271966814995,0.04565751552581787
1769860007.7112038,918.0,4.79387171336369,0.7514661630921263,0.01988627389073372,0.39296802958741545,4.12782704048328,0.08504205569624901,-0.0005065491848728828,0.3224466202238256,-0.1649400659272066,0.4130972651537754,0.011194271966814995,0.04565751552581787
1769860007.7773252,918.0,4.79387171336369,0.7514661630921263,0.01625949889421463,0.39264365926845857,4.552434395893223,0.0886688306927681,-0.0005065491848728828,0.32301779162295635,-0.1717441739846856,0.4129608066810989,0.008811183273792267,0.054756227880716324
1769860007.8401806,919.0,4.810277939624755,0.7515128830170064,0.01625949889421463,0.3925263811092171,4.680978754062774,0.0989631786942482,0.0012331946506567823,0.3236718849147365,-0.19802339507840483,0.41313477562568995,0.007203187793493271,0.07073259353637695
1769860007.917231,921.0,4.82654205169119,0.7514396095396754,0.012774980627000332,0.3925263811092171,4.680978754062774,0.12303189281374216,0.003346725080082401,0.32368520269548373,-0.25193624833745404,0.41079374488629256,0.003988912329077721,0.08697491139173508
1769860008.0014935,922.0,4.842331516790634,0.7512047954899714,0.007320051081478596,0.3925263811092171,2.6634883478916915,0.13877668511122465,0.0058156986147967086,0.3236684423421073,-0.289967589923271,0.416436290876196,0.0068169161677360535,0.09204614162445068
1769860008.063569,922.0,4.842331516790634,0.7512047954899714,0.0008808336569927633,0.3925263811092171,0.40687624058553906,0.14521590253571048,0.0058156986147967086,0.3232478498799429,-0.30167096362369095,0.41736672505708156,0.0068169161677360535,0.09204614162445068
1769860008.1482549,924.0,4.858116073593704,0.7508414742651064,0.0008808336569927633,0.3925263811092171,-0.9845095019515875,0.16579111298779026,0.008659557186749479,0.32365404642752676,-0.3496113498227071,0.4117978341362151,0.005366124212741852,0.10694918036460876
1769860008.2229457,926.0,4.8744696559888405,0.750428621133746,-0.0012608851538971066,0.3925263811092171,-1.2165659428127495,0.18850205198395997,0.011900895529151037,0.3236140902681229,-0.4010895217433128,0.41871669914847554,0.006072083488106728,0.11491866409778595
1769860008.2800796,927.0,4.8913303819312715,0.7500692851917155,-0.0018244226230308414,0.3925263811092171,-1.2165659428127495,0.19934795692097396,0.01545131453298614,0.32356994562905994,-0.4309901012258117,0.4158808989243334,0.008252231404185295,0.11819936335086823
1769860008.3354437,929.0,4.907661634519535,0.7498025575877857,-0.0009173492435365915,0.3925263811092171,-6.5107374659568285,0.21900110342539847,0.019072708642569474,0.32348127753434,-0.4761764852124181,0.40961342284047114,0.004108615219593048,0.12493221461772919
1769860008.3972514,929.0,4.907661634519535,0.7498025575877857,0.00020814259187318385,0.39258116456660075,-9.450369650238493,0.2178756115899887,0.019072708642569474,0.32275508679233683,-0.4735258879022925,0.4082998294092025,0.004108615219593048,0.12493221461772919
1769860008.4563375,930.0,4.923062413976009,0.7497075398990756,0.00020814259187318385,0.3927697352751701,-9.840216325282995,0.2281534789071884,0.0225696098939451,0.32272644730652145,-0.48869217841862383,0.4118114469744607,0.0036961492151021957,0.13927191495895386
1769860008.5257118,932.0,4.938332083155648,0.7499935301318097,0.007250846829265356,0.3927697352751701,-9.840216325282995,0.2416620240546763,0.025890718161407044,0.3224817765822865,-0.4886921905584058,0.41099378640254336,0.00464271567761898,0.14274108409881592
1769860008.5950398,933.0,4.95343952141134,0.7506411656728164,0.018276726827025414,0.39258116456660075,-14.43488373609592,0.2409095112234354,0.029043137453004488,0.32264397845079273,-0.4886921905571825,0.4118563988501264,0.0009212736040353775,0.16299712657928467
1769860008.6809928,934.0,4.967968393922659,0.7516026520951599,0.026150044053792953,0.3925263811092171,-16.613919098183604,0.24330807104706764,0.03195407031002452,0.32267924631870676,-0.4886921905583986,0.4134473900691453,0.0021893586963415146,0.16746824979782104
1769860008.7509363,936.0,4.9824208131619665,0.7529593977588867,0.038830600678920746,0.3925263811092171,-17.284473017282075,0.25116676837205887,0.03466747394011612,0.3225426727839463,-0.4886921905584061,0.41898249893072137,-0.0010997578501701355,0.1722474843263626
1769860008.804276,936.0,4.9824208131619665,0.7529593977588867,0.05605633556842804,0.3925263811092171,-20.031254814712916,0.23394103348255157,0.03466747394011612,0.32191766735093236,-0.4886921905385168,0.4112598024937938,-0.0010997578501701355,0.1722474843263626
1769860008.8565977,937.0,4.998610853837301,0.7552138874828642,0.05605633556842804,0.3925263811092171,-20.031254814712916,0.2442084103822708,0.03724493058627589,0.32247035351084036,-0.48869219055840907,0.4086232050337246,-0.005630090832710266,0.18405745923519135
1769860008.919692,939.0,5.0141658230146735,0.757842109531761,0.08018773794174194,0.3925263811092171,-24.693913812155138,0.24060729146003723,0.03952603468504236,0.32217912425676865,-0.4886921905584091,0.40851994809884745,-0.014557924121618271,0.20924441516399384
1769860008.9944112,940.0,5.02990220043625,0.761152128929115,0.10313713550567627,0.3925263811092171,-27.282902906045212,0.2279207706451416,0.041462785549969246,0.3220006347089706,-0.488692190558408,0.41148480966854684,-0.01816532388329506,0.21614444255828857
1769860009.0514271,942.0,5.045556529617606,0.7650914566912177,0.12776637077331543,0.3924694520330825,-27.131034866986287,0.22381281852722168,0.04303250735021934,0.3221146782105974,-0.48869219055840624,0.4151125340817214,-0.01816532388329506,0.21614444255828857
1769860009.1321669,942.0,5.045556529617606,0.7650914566912177,0.152727410197258,0.392289256974366,-27.99999930444136,0.1988517791032791,0.04303250735021934,0.3222989636605639,-0.4886921905581568,0.40992758364755083,-0.025160711258649826,0.23441316187381744
1769860009.2046762,944.0,5.061149257970298,0.7695815615315824,0.152727410197258,0.392289256974366,-27.99999999999963,0.21936707198619843,0.04431910788512112,0.3230490583565894,-0.4886921905573014,0.41677504751105615,-0.030289720743894577,0.24296079576015472
1769860009.2644184,945.0,5.074650144648447,0.7741837581543429,0.17102856934070587,0.392289256974366,-27.99999999999963,0.21132130920886993,0.04497850042791256,0.32243470239312105,-0.488692190556796,0.41337199077158504,-0.033427417278289795,0.25401920080184937
1769860009.3350792,946.0,5.088993194075317,0.7798357078437979,0.21352775394916534,0.390958770859138,-27.999999999999215,0.17907600104808807,0.04519321001581423,0.32604892531533675,-0.4876883805191608,0.4083477193477641,-0.03370995819568634,0.25661808252334595
1769860009.4042995,946.0,5.088993194075317,0.7798357078437979,0.23934808373451233,0.3884119038528946,-27.99999999999965,0.1532556712627411,0.04519321001581423,0.33408919794796366,-0.44550664025925657,0.4106226053717649,-0.03370995819568634,0.25661808252334595
1769860009.4840455,948.0,5.102576358244788,0.7858180649446368,0.23934808373451233,0.38642861616667334,-27.999999998860076,0.17375898361206055,0.04503519141331444,0.34010907258561224,-0.47943590283261317,0.4082259679565623,-0.03401867300271988,0.25038594007492065
1769860009.5547857,949.0,5.116365586754046,0.7923612021238445,0.2704341411590576,0.38563258939439105,-27.999999999999815,0.15292233228683472,0.044667703324996505,0.3427557690061059,-0.4431151746336549,0.41147919192966176,-0.0279775932431221,0.2292809784412384
1769860009.6270669,951.0,5.13094376973119,0.7998231868698168,0.2979138195514679,0.38563258939439105,-27.99999999999982,0.1459369659423828,0.04403636671584956,0.3429117619251644,-0.42866738643124386,0.4072245720537781,-0.02825990691781044,0.22629684209823608
1769860009.6887815,952.0,5.144657086736453,0.8071467030896647,0.319868803024292,0.38364508115911156,-27.99999999999982,0.13422688841819763,0.04340958389804467,0.34834127079074395,-0.4063475872101642,0.40774109198733777,-0.02693365328013897,0.20672306418418884
1769860009.7452068,954.0,5.157411138001603,0.8145269730803107,0.34528160095214844,0.3811581708528145,-27.999999999999655,0.12929940223693848,0.04253341442132108,0.3555961370318208,-0.3947201391945417,0.4022700128307095,-0.026240264996886253,0.20269113779067993
1769860009.867401,954.0,5.157411138001603,0.8145269730803107,0.3865511119365692,0.38008217864115745,-27.999999999936353,0.0880298912525177,0.04253341442132108,0.3558102030129395,-0.39051506894953364,0.39926815432733126,-0.025402409955859184,0.19431228935718536
1769860009.9341109,957.0,5.187544494043761,0.834370801644455,0.43445149064064026,0.3796070187994405,-27.999999999936353,0.07084628939628601,0.03920616688890548,0.3601449399622444,-0.28025163244891593,0.4226103941894101,-0.024925336241722107,0.18551257252693176
1769860010.0231519,959.0,5.203524476652611,0.8461732941563207,0.47720643877983093,0.3786666496108355,-27.94248592131803,0.048561662435531616,0.03685383280497309,0.3633151996800481,-0.2271525273861626,0.4015752436336299,-0.021046046167612076,0.16438472270965576
1769860010.1075995,961.0,5.220877962980663,0.8597125643505257,0.5170615315437317,0.3775230172087439,-27.94248592131803,0.0291709303855896,0.03411971325076597,0.3666004457916087,-0.1799233556566424,0.4066937844637451,-0.015471367165446281,0.13338768482208252
1769860010.1786737,963.0,5.23763341358426,0.8735332734104198,0.542682409286499,0.3772726547290169,-25.52565023190845,0.02400839328765869,0.031299825549213345,0.36761577522202565,-0.159572149859474,0.4027358710931749,-0.015471367165446281,0.13338768482208252
1769860010.2275038,965.0,5.252173291968168,0.8863632406938657,0.5721743702888489,0.3772726547290169,-27.469653779352964,0.014968812465667725,0.028531671328452815,0.367742048834333,-0.13205344726259471,0.39749814125818844,-0.013630034402012825,0.120616614818573
1769860010.271834,965.0,5.252173291968168,0.8863632406938657,0.5721743702888489,0.3772726547290169,-27.469653779352964,0.014968812465667725,0.028531671328452815,0.36822083015829066,-0.1320969037684248,0.3944247602254654,-0.006974941119551659,0.10591360926628113
1769860010.3123136,967.0,5.263828089754329,0.8972913506884341,0.5902577042579651,0.3772726547290169,-24.560832057413805,0.017331838607788086,0.0260485349134953,0.36782304317110404,-0.12773132693407846,0.3917849143258718,-0.006974941119551659,0.10591360926628113
1769860010.3850532,967.0,5.263828089754329,0.8972913506884341,0.6067944765090942,0.3772726547290169,-23.282001762466557,0.0007950663566589355,0.0260485349134953,0.36814524100751433,-0.10508076727285758,0.391231141685953,-0.0037746336311101913,0.09623169898986816
1769860010.4473746,968.0,5.273252285104584,0.9066448037567426,0.6067944765090942,0.3772726547290169,-22.615798064663625,0.011016011238098145,0.023801705430532068,0.36792035949867014,-0.10724716125232468,0.40286293299128567,-0.0009815283119678497,0.08952122181653976
1769860010.5055768,969.0,5.282085056001663,0.915906545497483,0.6321170330047607,0.3772726547290169,-22.615798064663625,-0.0040871500968933105,0.02145158671458297,0.3679729551210354,-0.06902189405565243,0.3992476631687287,0.0020283740013837814,0.08086856454610825
1769860010.5910895,971.0,5.2908099329369325,0.9253884212140189,0.6533493399620056,0.3769546419599502,-13.014881124956966,-0.0048850178718566895,0.019019618960300876,0.3688755904966845,-0.05852463958452498,0.39703975491467447,0.004458537325263023,0.07219305634498596
1769860010.6500337,972.0,5.300020696891575,0.9356574538460753,0.6817814707756042,0.376656673202155,-13.014881124956966,-0.023102223873138428,0.016422492273435944,0.3698093980741714,-0.012973485189133362,0.40723418462948957,0.007737703621387482,0.06382536888122559
1769860010.7342968,973.0,5.309387705958207,0.9461386067743763,0.6962854266166687,0.3764135068679227,-10.308848914956876,-0.02739274501800537,0.013941519784320514,0.37063120772861297,0.004654186183881883,0.39555609608659864,0.007737703621387482,0.06382536888122559
1769860010.8111494,975.0,5.320343051002688,0.958155366409456,0.7096614837646484,0.376656673202155,-9.142810714776951,-0.020346403121948242,0.011472621003964008,0.37010122298284426,-0.0003402401188800797,0.4068061773555922,0.012368571013212204,0.050429899245500565
1769860010.8695533,976.0,5.3313762277983505,0.9700837423661908,0.7215360999107361,0.3769546419599502,-7.566105198300071,-0.022012054920196533,0.009383492152984254,0.36935438834248463,0.010595499953658561,0.40256725687861133,0.0138084776699543,0.043235212564468384
1769860010.9281592,976.0,5.3313762277983505,0.9700837423661908,0.736208975315094,0.3772726547290169,-7.568595072676521,-0.03668493032455444,0.009383492152984254,0.36880584111384435,0.039707746541484755,0.3963374971578493,0.015499968081712723,0.040390364825725555
1769860011.0006316,978.0,5.343725295481777,0.98314438269441,0.736208975315094,0.37747655164203353,-6.020684472731165,-0.016271531581878662,0.00757625899327986,0.3678609014312602,0.005816650941343968,0.3990791390156559,0.01587677001953125,0.04422935098409653
1769860011.0882018,980.0,5.355380380982541,0.9952691364742519,0.7410007119178772,0.37747655164203353,-6.144809704517181,-0.000655829906463623,0.00631821676851283,0.36795451461628464,-0.020635158843680553,0.3990026992408927,0.015731312334537506,0.04860858619213104
1769860011.1599877,982.0,5.368681342720086,1.0090656158113875,0.7521658539772034,0.37747655164203353,-6.144809704517181,0.008580446243286133,0.00526172672350325,0.36801745375824807,-0.03510801071125061,0.4043642709226764,0.015059079974889755,0.05110343173146248
1769860011.2424085,984.0,5.381644014804374,1.0225429548196814,0.7594128251075745,0.37747655164203353,-3.3532148457175532,0.021728932857513428,0.004568236239734801,0.36810117484552785,-0.05866728161745126,0.40292003022731643,0.0134785957634449,0.056761473417282104
1769860011.295671,985.0,5.394625076880798,1.0360772517511347,0.7662651538848877,0.37769930717873307,-3.3532148457175532,0.025072038173675537,0.0042037010621998865,0.367566533799749,-0.06394074229502208,0.4009265314136689,0.011073727160692215,0.06567536294460297
1769860011.359431,987.0,5.406750990773586,1.0487161055702796,0.7704166769981384,0.37868748436621746,-0.7433259469128242,0.04130697250366211,0.004189250916354938,0.3648858990305641,-0.0960520866712756,0.3972539065424128,0.011073727160692215,0.06567536294460297
1769860011.4205434,987.0,5.406750990773586,1.0487161055702796,0.7733859419822693,0.3802396293752598,0.2666652254045303,0.03833770751953125,0.004189250916354938,0.3604035664173458,-0.09013207349103236,0.40239012503836924,0.01147344708442688,0.07476974278688431
1769860011.4803221,989.0,5.41916077111283,1.061593174133069,0.7733859419822693,0.380870349176194,0.6070774291756948,0.05871814489364624,0.0045364857292961875,0.3583219243249495,-0.13165537129941018,0.39974231133513116,0.011839045211672783,0.07780769467353821
1769860011.5382736,991.0,5.430147572949901,1.0728756010432499,0.77372807264328,0.380870349176194,0.6070774291756948,0.07875049114227295,0.005193199572497158,0.3581942002666826,-0.17319789077868977,0.39891087514277535,0.0106882955878973,0.08023428171873093
1769860011.581878,992.0,5.439917600884389,1.0827968233804355,0.7737852334976196,0.3813405009153369,2.2750862908022675,0.08887827396392822,0.0060611200050296014,0.3569275951113461,-0.19580681126919092,0.4009281424072136,0.0106882955878973,0.08023428171873093
1769860011.6401303,992.0,5.439917600884389,1.0827968233804355,0.7732464671134949,0.3813405009153369,0.3332695498398066,0.08941704034805298,0.0060611200050296014,0.356641268357938,-0.19676715277666254,0.39504723648291407,0.008971255272626877,0.0869528278708458
1769860011.6921973,993.0,5.449305455348688,1.0921210148410492,0.7732464671134949,0.3813405009153369,0.3332695498398066,0.09960055351257324,0.007213327395690479,0.3568241436436592,-0.22054808298308098,0.39810270381488766,0.007114926353096962,0.09429791569709778
1769860011.7586193,995.0,5.458339302014832,1.1008931190177491,0.7707845568656921,0.38151122906642065,-2.0115408408547473,0.12242496013641357,0.008614556871668674,0.356351472474344,-0.2691538252487003,0.39769371487626853,0.007114926353096962,0.09429791569709778
1769860011.8162713,995.0,5.458339302014832,1.1008931190177491,0.7708402872085571,0.38151122906642065,-3.361387632185395,0.12236922979354858,0.008614556871668674,0.3560537244974793,-0.26861173148215584,0.40262095115099944,0.008532943204045296,0.10275234282016754
1769860011.886431,996.0,5.468344061813797,1.110575273278528,0.7708402872085571,0.38151122906642065,-3.6635346724384026,0.13254821300506592,0.010371483253101804,0.3563263973647257,-0.29390251390227673,0.39884864154806204,0.008207079023122787,0.1261269748210907
1769860011.9586842,997.0,5.47846743844911,1.1204380067748232,0.7729532122612,0.38151122906642065,-5.164187409799122,0.14061278104782104,0.012304823501748816,0.35629293823328134,-0.31543177523358407,0.4029660016653465,0.009380493313074112,0.131259948015213
1769860012.0242364,999.0,5.490131216181336,1.1319917391312566,0.7772104144096375,0.3810613637399435,-5.164187409799122,0.1567060351371765,0.014663553656738302,0.3575244870805055,-0.3530239670572231,0.40582977531322706,0.009380493313074112,0.131259948015213
1769860012.1054711,1000.0,5.501486171428462,1.1434229902962239,0.7810098528862,0.3810613637399435,-7.543297125683993,0.1630796194076538,0.017107042719276003,0.3575945066352141,-0.3723492108559195,0.40380286237711355,0.00858982652425766,0.1413862705230713
1769860012.170156,1002.0,5.513103540751904,1.1555405434065578,0.7864669561386108,0.3811725050311998,-9.923508162186723,0.17796403169631958,0.019629688018333633,0.35723240660381556,-0.4071970464240421,0.40894748340309744,0.00858982652425766,0.1413862705230713
1769860012.2405696,1002.0,5.513103540751904,1.1555405434065578,0.7928499579429626,0.3811725050311998,-11.218903885639286,0.17158102989196777,0.019629688018333633,0.3567707073039859,-0.39558655870555715,0.4033186706504644,0.004968121647834778,0.15705981850624084
1769860012.3000069,1004.0,5.523000432425895,1.1661753167225146,0.8068118691444397,0.3812883307123469,-11.273927400908642,0.17795461416244507,0.02182139123697547,0.3567918135552429,-0.41396818153025206,0.405567385226724,0.004147760570049286,0.1608325093984604
1769860012.3471265,1005.0,5.533638157488221,1.1781148303007067,0.8068118691444397,0.3812081066625736,-11.273927400908642,0.18812012672424316,0.0241297415033227,0.35692890839580743,-0.4390175420707736,0.4014893728634135,0.0037915613502264023,0.16813674569129944
1769860012.402358,1007.0,5.543687737818059,1.1899892725775563,0.8178741931915283,0.3812081066625736,-15.421378226552221,0.19738423824310303,0.026222255865605042,0.35686578110377387,-0.4613228644350201,0.3973036799148999,0.0037915613502264023,0.16813674569129944
1769860012.5055373,1007.0,5.543687737818059,1.1899892725775563,0.8298026919364929,0.3812081066625736,-15.390318541628874,0.18545573949813843,0.026222255865605042,0.35662333026075227,-0.4470265378159207,0.39993619151683174,0.0046265944838523865,0.18334367871284485
1769860012.6143432,1010.0,5.563420566584886,1.2149653641150948,0.8464174866676331,0.3812081066625736,-18.072909445203575,0.19931954145431519,0.030176723585369988,0.3570998819853382,-0.4769702529085936,0.4172154521932946,-0.002690899185836315,0.2102295160293579
1769860012.7014039,1011.0,5.573657988745764,1.2289545839402902,0.8648029565811157,0.38100177688011605,-20.226783379344294,0.19109058380126953,0.032110574443288964,0.3572695220813332,-0.46874230834254926,0.41813373403279386,-0.005356435663998127,0.21399147808551788
1769860012.7719355,1013.0,5.582646900517384,1.241920120524647,0.8806575536727905,0.380870349176194,-21.33403828707096,0.19554448127746582,0.033724718047039415,0.35760011361402844,-0.48116133903494684,0.4072699650313335,-0.00813993439078331,0.21953332424163818
1769860012.857246,1015.0,5.591878927618987,1.2564561140202972,0.9049355387687683,0.380870349176194,-23.33067219029026,0.19156914949417114,0.03507106201573945,0.3575685087265042,-0.47856879795809065,0.4052028531858548,-0.01057442370802164,0.22302544116973877
1769860012.9202356,1016.0,5.600732177770966,1.2713391656961495,0.9293926358222961,0.38114851980274617,-22.665440245932597,0.17726105451583862,0.03621358980798382,0.35676206170065405,-0.4581233310587,0.4105984798878233,-0.010957937687635422,0.2214553952217102
1769860012.9766934,1018.0,5.608687150095646,1.2855971759874458,0.9503246545791626,0.38114851980274617,-22.665440245932597,0.17662250995635986,0.03710738622991488,0.35662723068427027,-0.4596383869466521,0.4023178369302493,-0.011025100015103817,0.21676453948020935
1769860013.0376315,1019.0,5.615738754912447,1.299243830114376,0.9670659303665161,0.38114851980274617,-23.71862965438896,0.17002582550048828,0.037695847009792685,0.35657104811072926,-0.4502631655242961,0.40038912383708913,-0.011025100015103817,0.21676453948020935
1769860013.1522472,1019.0,5.615738754912447,1.299243830114376,0.9893650412559509,0.38094480851456464,-25.153852292862386,0.14772671461105347,0.037695847009792685,0.3566095597430068,-0.4471261489477292,0.4017394885168689,-0.009330743923783302,0.20927482843399048
1769860013.2094023,1022.0,5.6282129740801565,1.326616548536344,1.0198510885238647,0.3807373832953613,-26.431853125012477,0.14766526222229004,0.03803380112031038,0.3569681478003914,-0.4354403195137379,0.4186404145318543,-0.007368814200162888,0.20751258730888367
1769860013.286738,1022.0,5.6282129740801565,1.326616548536344,1.0476155281066895,0.3805005302721874,-25.61273394719755,0.11990082263946533,0.03803380112031038,0.357127946511267,-0.4271528659148468,0.40007472985893056,-0.00916319340467453,0.19247554242610931
1769860013.3320794,1024.0,5.6335888414802335,1.340712845878026,1.0846210718154907,0.38005660049865847,-27.32838244494989,0.10317087173461914,0.037582341438705626,0.35948485754537146,-0.33417461476297594,0.40702878114762214,-0.00916319340467453,0.19247554242610931
1769860013.3798106,1025.0,5.638888666024134,1.3562364786946883,1.0846210718154907,0.37969711273259593,-27.32838244494989,0.11330640316009521,0.036765131898690746,0.36062774392080515,-0.34722356227448553,0.3952292917744121,-0.0109407939016819,0.18756824731826782
1769860013.4428456,1027.0,5.643961243118168,1.3724985128360232,1.1129920482635498,0.37969711273259593,-27.568513991565766,0.1052020788192749,0.03574151560072771,0.36067791634727253,-0.3290104536376147,0.3956978750165338,-0.0109407939016819,0.18756824731826782
1769860013.5293016,1027.0,5.643961243118168,1.3724985128360232,1.146823525428772,0.38005660049865847,-27.419972329647603,0.07137060165405273,0.03574151560072771,0.360544075660774,-0.3185858663964392,0.4017357289875738,-0.016946855932474136,0.1621111035346985
1769860013.590706,1029.0,5.648687772656612,1.3898510817499823,1.1841365098953247,0.38005660049865847,-26.248533366138094,0.05431818962097168,0.034314188045413266,0.35965733146629686,-0.23041605545361943,0.41043661014154426,-0.016946855932474136,0.1621111035346985
1769860013.652298,1030.0,5.6528780544365675,1.40814922485105,1.2249927520751953,0.37924765306296915,-26.335339674244196,0.02358996868133545,0.03239767211605031,0.36174337368794307,-0.16328122925214802,0.4003657596652761,-0.02298334799706936,0.1564759761095047
1769860013.7189472,1032.0,5.656474419903089,1.4265420830402291,1.2249927520751953,0.37924765306296915,-26.335339674244196,0.04384160041809082,0.030229391711896373,0.3619226019888607,-0.19429191347061697,0.39969954387321843,-0.02015547826886177,0.13002952933311462
1769860013.7883558,1034.0,5.659341298353403,1.4444280635396338,1.2502307891845703,0.37734321898638257,-25.618441244642696,0.0388491153717041,0.027843314986633526,0.36708518782284405,-0.17613473422143022,0.40047981234787267,-0.019861623644828796,0.1185036301612854
1769860013.8871968,1034.0,5.659341298353403,1.4444280635396338,1.2765650749206543,0.3755078513512991,-24.948892537965246,0.012514829635620117,0.027843314986633526,0.37121603363330535,-0.14038070797787855,0.400326101650598,-0.019861623644828796,0.1185036301612854
1769860013.951817,1037.0,5.663460832759038,1.4792311071690696,1.3022788763046265,0.37490502479355314,-24.47405642383828,0.01715826988220215,0.022701800785321847,0.3741217068295275,-0.11530139562364361,0.4093008549139644,-0.019399918615818024,0.11093829572200775
1769860014.012794,1037.0,5.663460832759038,1.4792311071690696,1.329250693321228,0.37473659114404784,-19.146795046328695,-0.009813547134399414,0.022701800785321847,0.37583710573879636,-0.0623774661363482,0.3980067846018004,-0.01733981817960739,0.10602451860904694
1769860014.0743988,1039.0,5.664641640113112,1.4947470197644817,1.3591231107711792,0.3741038436262606,-19.894444665825933,-0.019455313682556152,0.020156650686010556,0.3771222935195056,-0.03378222351037431,0.39576405584584123,-0.015372400172054768,0.09631127864122391
1769860014.1487737,1040.0,5.665386997903374,1.5111183892417483,1.3591231107711792,0.3741038436262606,-19.894444665825933,-0.009342312812805176,0.01723668580629398,0.3773061475770916,-0.043237455690133896,0.3945736024199281,-0.014472383074462414,0.08944927155971527
1769860014.2266576,1042.0,5.665923435360002,1.527603891156326,1.3827110528945923,0.3741038436262606,-18.253625557034685,-0.012708544731140137,0.014349504244295385,0.37735730366430337,-0.026125623592737738,0.4009052465127422,-0.011701257899403572,0.07718135416507721
1769860014.3128202,1044.0,5.666292912705356,1.5439621029988533,1.4076772928237915,0.37473659114404784,-9.355325309856122,-0.01745915412902832,0.011585540303324355,0.3757209271355114,-0.0066854041294270306,0.4004907791366781,-0.010810344479978085,0.0704604908823967
1769860014.3835309,1045.0,5.6665028970741025,1.5601968403403637,1.4218608140945435,0.37473659114404784,-9.355325309856122,-0.021537065505981445,0.00894639716879424,0.37564714764576473,0.011016830311458104,0.4041185951999187,-0.008966291323304176,0.061503540724515915
1769860014.4652169,1047.0,5.666713257992177,1.5759818637769185,1.4353148937225342,0.3748275531121055,-11.13210663538734,-0.014784455299377441,0.006634194721475828,0.375516193320475,0.005962900823612276,0.39984027585644827,-0.007182145491242409,0.0488373264670372
1769860014.5293245,1048.0,5.667048754225919,1.5908240401964948,1.4452461004257202,0.3748275531121055,-10.091776896546422,-0.014614582061767578,0.004820844902515237,0.37565697501473155,0.012214583331066987,0.40463718596373077,-0.006246820092201233,0.04546178877353668
1769860014.5993643,1050.0,5.667367490138312,1.6052594293543514,1.4564341306686401,0.3748275531121055,-8.043222092190925,-0.005604982376098633,0.0032599886672142605,0.37574773079480456,-6.103338875372913e-05,0.3979427846829047,-0.006246820092201233,0.04546178877353668
1769860014.7028313,1050.0,5.667367490138312,1.6052594293543514,1.464503526687622,0.3748275531121055,-6.60628334120296,-0.013674378395080566,0.0032599886672142605,0.3760753113074991,0.015960196444040328,0.3998829875575955,-0.005417350679636002,0.04267973080277443
1769860014.7749107,1052.0,5.668192460012176,1.6330852247456107,1.4710469245910645,0.3750359708279821,-3.573965546332966,-2.6106834411621094e-05,0.001049348230780571,0.375150452444979,-0.0031210909465732746,0.41099029221820205,-0.005183996632695198,0.03937102481722832
1769860014.8334885,1052.0,5.668192460012176,1.6330852247456107,1.4782521724700928,0.3750359708279821,-1.9355788297120726,-0.007231354713439941,0.001049348230780571,0.3755890292203445,0.011186990170252037,0.40119106574807073,-0.00432279147207737,0.0343208871781826
1769860014.9155111,1054.0,5.668702684376351,1.6473133667561874,1.4782521724700928,0.37526079071493157,-2.4773237279285785,0.012954354286193848,0.0003083243438678008,0.37485317412631103,-0.02630110299291602,0.3951337187394798,-0.004277264699339867,0.0327167809009552
1769860014.9733405,1055.0,5.669227000659288,1.6607069159145031,1.481215238571167,0.375655199556801,-2.4773237279285785,0.02008187770843506,-0.0001583080009403015,0.3738404975364218,-0.03879367186256339,0.40224800331255445,-0.0053397417068481445,0.0333954282104969
1769860015.047699,1057.0,5.669910028906341,1.6743633741843404,1.4830607175827026,0.375655199556801,-0.3830454409555011,0.038413166999816895,-0.00029881788223962646,0.3738386128981417,-0.07477740476757759,0.39479365403090527,-0.005390338599681854,0.033756621181964874
1769860015.124538,1058.0,5.6707470652058,1.6886133484874737,1.4856282472610474,0.37802385441032094,0.6312178804583457,0.04593169689178467,-0.00011949026424117437,0.3674926791699431,-0.09032657446809442,0.4029931457862462,-0.005258282646536827,0.03330459073185921
1769860015.2012382,1060.0,5.671747737785578,1.703522134385236,1.4857920408248901,0.37802385441032094,0.34164905084806596,0.06593561172485352,0.0004135782155147347,0.36683664664419113,-0.13190317561107992,0.40526531739605415,-0.005258282646536827,0.03330459073185921
1769860015.238402,1061.0,5.6729545409844535,1.7191627523360515,1.4850083589553833,0.3804148655174557,0.6998440733809848,0.07680094242095947,0.0013719442194596405,0.36025304221810434,-0.15663312728797404,0.40286755075753183,-0.005654335021972656,0.034742433577775955
1769860015.3086894,1061.0,5.6729545409844535,1.7191627523360515,1.4850083589553833,0.3804148655174557,-0.003496955584969874,0.07680094242095947,0.0013719442194596405,0.3593098598759672,-0.15656597796170826,0.3924093253183365,-0.006292477250099182,0.03758378326892853
1769860015.3599946,1063.0,5.674310728674984,1.7356995694382114,1.4846535921096802,0.3804148655174557,-0.003496955584969874,0.08725118637084961,0.002705591448998244,0.3596607058288559,-0.18192032141062234,0.40460651177574575,-0.0066713597625494,0.03947370871901512
1769860015.4154084,1064.0,5.675624557655199,1.7509930205323054,1.4840298891067505,0.38145392012350976,-0.17882533871513975,0.08788931369781494,0.004036488745866189,0.35684017164595816,-0.18786466025210818,0.3988669518091704,-0.0066713597625494,0.03947370871901512
1769860015.4793673,1064.0,5.675624557655199,1.7509930205323054,1.4840728044509888,0.382166442624016,0.64096732220978,0.08784639835357666,0.004036488745866189,0.3546260238022299,-0.18777740679576005,0.4007755191146088,-0.00749543309211731,0.042906127870082855
1769860015.5464919,1066.0,5.676987930535352,1.7662861514263042,1.4840728044509888,0.382166442624016,0.64096732220978,0.08787238597869873,0.005417251159593338,0.35444192427803023,-0.19278548115569302,0.4026308112140642,-0.007771380245685577,0.043333999812603
1769860015.607425,1068.0,5.678484340918673,1.7829577024240382,1.4839494228363037,0.382166442624016,-2.2227136695402976,0.08801782131195068,0.006932942865627316,0.3544488407098839,-0.19849879931312953,0.4048409045243055,-0.007771380245685577,0.043333999812603
1769860015.6805441,1068.0,5.678484340918673,1.7829577024240382,1.4831721782684326,0.382166442624016,-4.284429696123636,0.08879506587982178,0.006932942865627316,0.3544573668524623,-0.1999953366594023,0.4027781573013376,-0.009080255404114723,0.04601119086146355
1769860015.7585983,1069.0,5.67992002839641,1.799270031649791,1.4831721782684326,0.382166442624016,-7.557495266887813,0.08880472183227539,0.008387781844966993,0.3544522185356043,-0.2052193537454807,0.4069497640811785,-0.01007489487528801,0.0489957332611084
1769860015.8360293,1071.0,5.6812084804465695,1.814975195427102,1.4860988855361938,0.3824130441922346,-8.97441712553632,0.08589422702789307,0.009694899265556844,0.35378491111695515,-0.2042843751699796,0.4074890430805003,-0.009931439533829689,0.0498722642660141
1769860015.9071422,1072.0,5.682403951267213,1.8312124678791624,1.4900453090667725,0.3824130441922346,-8.970569752544142,0.0819544792175293,0.010909860511521001,0.35372488620314696,-0.20104214004701412,0.4085014419806701,-0.010197119787335396,0.0497000589966774
1769860015.9633763,1074.0,5.683344297381856,1.8471588772411338,1.497018814086914,0.3824130441922346,-8.970569752544142,0.07499134540557861,0.01186949847744009,0.3537325174746126,-0.19105432446837964,0.40664120639032675,-0.009312579408288002,0.04678621143102646
1769860016.0391457,1075.0,5.683876371737027,1.8615394897187023,1.5048295259475708,0.3824130441922346,-10.423266624492086,0.06718432903289795,0.012419065005004276,0.3537383362997494,-0.17792032063195692,0.4014594693388749,-0.009589176625013351,0.04522627964615822
1769860016.0867379,1077.0,5.684052807353717,1.8758847119283046,1.5144888162612915,0.3826365227721407,-10.763852152104912,0.057529568672180176,0.01261300833179375,0.3531327404143636,-0.15986156082152705,0.4082314024515123,-0.009589176625013351,0.04522627964615822
1769860016.1435697,1077.0,5.684052807353717,1.8758847119283046,1.5144888162612915,0.38284291183171637,-10.763852152104912,0.057529568672180176,0.01261300833179375,0.35251130279929876,-0.15981943520479658,0.39773329174415345,-0.009290091693401337,0.044110171496868134
1769860016.2341115,1078.0,5.683893169932268,1.8906953613091928,1.5243322849273682,0.38284291183171637,-11.373143439056646,0.04768693447113037,0.012471478695843898,0.35246037910719674,-0.14012000918482606,0.4020069130191681,-0.00841824896633625,0.03834514692425728
1769860016.2989678,1080.0,5.683307195693052,1.9084161920971976,1.5440032482147217,0.38284291183171637,-11.373143439056646,0.028014659881591797,0.011907167722260423,0.3524631770397729,-0.09950338805962629,0.4124954039979882,-0.008245166391134262,0.03483213484287262
1769860016.380573,1082.0,5.682371284694437,1.9274670301892918,1.5601773262023926,0.3830726839509577,-11.458888712881786,0.011835455894470215,0.010994484023663285,0.35183282966648555,-0.06408934012776946,0.40580946987461997,-0.006387514993548393,0.02321990579366684
1769860016.4503977,1084.0,5.681204950897474,1.9464830598418186,1.5708502531051636,0.3830726839509577,-11.758202844018307,0.0011533498764038086,0.00985120346903925,0.3517672340824004,-0.038638287961201216,0.41013775979619105,-0.006387514993548393,0.02321990579366684
1769860016.5436056,1084.0,5.681204950897474,1.9464830598418186,1.5813565254211426,0.38284291183171637,-11.70463251770694,-0.009352922439575195,0.00985120346903925,0.3523846056704275,-0.017753670989213658,0.4021349487135632,-0.0016488227993249893,0.004357103258371353
1769860016.609146,1086.0,5.679856586924378,1.9646390509467078,1.5955702066421509,0.3830726839509577,-11.51886612897194,-0.02357959747314453,0.008524665844261427,0.35182280609621375,0.015410993519808288,0.4149434731979624,-0.0016488227993249893,0.004357103258371353
1769860016.6614559,1088.0,5.678180611845868,1.9832592418617654,1.61024808883667,0.3830726839509577,-10.94660644976117,-0.038274288177490234,0.006870825591912274,0.3517560551984437,0.050711458973337356,0.4052010984522661,-0.0005960166454315186,-0.0005741976201534271
1769860016.7364616,1089.0,5.676400573616477,1.9997380982161417,1.61024808883667,0.3830726839509577,-10.94660644976117,-0.03828418254852295,0.005110115754624383,0.3517509814869986,0.05718713135849563,0.4005430582875362,0.0012021437287330627,-0.007189091295003891
1769860016.8003976,1091.0,5.674280566146703,2.016664395435742,1.6280415058135986,0.3830726839509577,-9.159392741447414,-0.05610036849975586,0.003009657332746509,0.3517478792951998,0.1002280179064754,0.40478596431212327,0.0033838655799627304,-0.015540730208158493
1769860016.8601813,1093.0,5.671986739723188,2.033685278076816,1.6380751132965088,0.3831784891459461,-9.156979121399372,-0.06616055965423584,0.0007351310661257771,0.35145429681392537,0.12829296065722234,0.40429455171692397,0.007140219211578369,-0.033305853605270386
1769860016.9134653,1093.0,5.671986739723188,2.033685278076816,1.6445919275283813,0.3836471342727218,-8.028285151624864,-0.0726773738861084,0.0007351310661257771,0.35014457308583247,0.14101977334033428,0.403383538615327,0.007140219211578369,-0.033305853605270386
1769860016.978701,1094.0,5.66962396245998,2.0504637296161476,1.6445919275283813,0.38406125399543206,-5.701124183069016,-0.0726921558380127,-0.001609019886235318,0.3488932076598514,0.14954626160409662,0.4019703063251513,0.007678261026740074,-0.03748748451471329
1769860017.0287852,1096.0,5.667486060172846,2.064996723415826,1.650260329246521,0.38406125399543206,-5.701124183069016,-0.07839310169219971,-0.003731144630785127,0.34878877323671625,0.1683718642987335,0.4059163511553441,0.008726410567760468,-0.04387706518173218
1769860017.0964823,1097.0,5.665382103562324,2.078984154665293,1.657204508781433,0.38414588409777833,-2.213810827787968,-0.08535492420196533,-0.00582025817035096,0.34856221169585716,0.18941423376509195,0.40052421203196115,0.008726410567760468,-0.04387706518173218
1769860017.1523764,1097.0,5.665382103562324,2.078984154665293,1.6615389585494995,0.38414588409777833,-1.017210418545792,-0.08968937397003174,-0.00582025817035096,0.3485498233377073,0.19774243760119004,0.40560166767654676,0.009733358398079872,-0.04705441743135452
1769860017.2169297,1099.0,5.663519012573422,2.091886258149603,1.6615389585494995,0.38444974773,2.9055525721230566,-0.08972764015197754,-0.007669978335481977,0.34771537978408645,0.2044288861663956,0.4027373059929945,0.009577969089150429,-0.04754465073347092
1769860017.2788727,1100.0,5.6617969361817435,2.104717155086832,1.6641408205032349,0.38444974773,2.9055525721230566,-0.09235012531280518,-0.009379085301189855,0.34764220291818004,0.21558247183193355,0.40577017455143366,0.01146380789577961,-0.05440418794751167
1769860017.3303835,1101.0,5.660109707729374,2.118926189275051,1.6650522947311401,0.3849074654513165,3.2765812693020417,-0.09328317642211914,-0.011052356454009921,0.3463990503005287,0.22331616322524625,0.4050063214422717,0.013202127069234848,-0.058554377406835556
1769860017.3916647,1101.0,5.660109707729374,2.118926189275051,1.6606574058532715,0.3849074654513165,5.742642415002681,-0.08888828754425049,-0.011052356454009921,0.34632729497020986,0.21742426415179333,0.4011210798293755,0.013202127069234848,-0.058554377406835556
1769860017.4598203,1103.0,5.658441590311366,2.135141692567916,1.6606574058532715,0.3849074654513165,7.350645186896757,-0.08893442153930664,-0.012705101999148883,0.3462896713039892,0.22085945912725552,0.40517541904482657,0.013732833787798882,-0.06108550727367401
1769860017.501229,1105.0,5.657054222455292,2.151144051568086,1.6584105491638184,0.3849074654513165,7.350645186896757,-0.08673763275146484,-0.014077920235296188,0.34629932544136705,0.2215369627470781,0.4074966984309613,0.013732833787798882,-0.06108550727367401
1769860017.5722525,1105.0,5.657054222455292,2.151144051568086,1.6512451171875,0.38500042536668533,8.568369631874049,-0.07957220077514648,-0.014077920235296188,0.3462712383829831,0.21992315237194546,0.39847240534072875,0.013919198885560036,-0.061001911759376526
1769860017.6263525,1106.0,5.656014891742734,2.1663729991024363,1.6451236009597778,0.38500042536668533,9.646997213066852,-0.07347714900970459,-0.015104013121398542,0.34605166058182224,0.1997832070644473,0.4084195108350134,0.014625035226345062,-0.06001801788806915
1769860017.6813347,1108.0,5.655238522020798,2.18159571147213,1.6451236009597778,0.38500042536668533,9.646997213066852,-0.07353293895721436,-0.015867779921339024,0.346035064343549,0.20256451012146717,0.4025400955108557,0.01337224431335926,-0.05675014480948448
1769860017.7442176,1109.0,5.654779333840368,2.1962092981624255,1.6369483470916748,0.38500042536668533,11.329807105177224,-0.06538712978363037,-0.01631549268440626,0.34604247621342615,0.18847377163710263,0.40298524463342533,0.01337224431335926,-0.05675014480948448
1769860017.8087904,1109.0,5.654779333840368,2.1962092981624255,1.6279770135879517,0.3847709962708133,11.712912387894807,-0.05641579627990723,-0.01631549268440626,0.3464851427658739,0.17630373046820524,0.4052783900413513,0.013649847358465195,-0.05658797174692154
1769860017.8678215,1110.0,5.6546397205686585,2.209896796166082,1.6279770135879517,0.3847709962708133,12.795073649861212,-0.056446075439453125,-0.016444939542490437,0.3467127784111275,0.1715746273706718,0.4061916473271055,0.01214602030813694,-0.05203305184841156
1769860017.932604,1112.0,5.654743863612778,2.2234818986318556,1.6186443567276,0.3847709962708133,12.795073649861212,-0.04718172550201416,-0.01633130593256859,0.34672864721409596,0.1531543915955012,0.4039645988420184,0.011333130300045013,-0.04628480225801468
1769860017.9803998,1113.0,5.655157057938983,2.2377514773976133,1.605690836906433,0.3847709962708133,12.45749269963532,-0.03426384925842285,-0.015908871696908005,0.34672870069565975,0.1263574598482036,0.406390369461081,0.011333130300045013,-0.04628480225801468
1769860018.0405805,1113.0,5.655157057938983,2.2377514773976133,1.5951546430587769,0.3847709962708133,12.654314873533849,-0.0237276554107666,-0.015908871696908005,0.34672116336825337,0.10558778811755985,0.40005678635229375,0.010537434369325638,-0.040424782782793045
1769860018.114473,1115.0,5.655823763895623,2.2520072049382205,1.5951546430587769,0.3847709962708133,12.693132971554519,-0.023795485496520996,-0.015233655432725614,0.346723103847756,0.10321170217666975,0.4043683596250393,0.008732328191399574,-0.030090950429439545
1769860018.1868167,1116.0,5.656688563473567,2.2657959367746545,1.5829005241394043,0.3847709962708133,12.693132971554519,-0.011573553085327148,-0.014361278207036096,0.34672124119009057,0.07592160078582932,0.40951438524679123,0.008181825280189514,-0.025171831250190735
1769860018.2527852,1118.0,5.657833938414446,2.2801645640217574,1.5696555376052856,0.3844912502888791,11.446734582381044,0.0016107559204101562,-0.01320865326448532,0.347481462117991,0.04554504491690544,0.40466061494184596,0.006601616740226746,-0.01868390664458275
1769860018.3066394,1119.0,5.659156966876425,2.2946901402654283,1.5584241151809692,0.383696169555122,11.606091509095116,0.012813687324523926,-0.011878930510834081,0.34971943401457434,0.01836977728249748,0.4057120554410626,0.006601616740226746,-0.01868390664458275
1769860018.3663225,1119.0,5.659156966876425,2.2946901402654283,1.5584241151809692,0.38298776231618187,11.606091509095116,0.012813687324523926,-0.011878930510834081,0.3518412068568095,0.018344082739552476,0.39984765340717804,0.005360327661037445,-0.011675447225570679
1769860018.4211202,1121.0,5.660615523650095,2.3088519251934487,1.5457922220230103,0.38298776231618187,10.101459668240182,0.02539205551147461,-0.010414425847910662,0.35202744336195985,-0.012043785861913722,0.4032316500598706,0.0034162402153015137,-0.005974568426609039
1769860018.4924042,1122.0,5.662148355454226,2.3226363763885063,1.5373988151550293,0.38298776231618187,9.830502019869272,0.0337604284286499,-0.00887631858611514,0.3520150545609786,-0.03435252751913012,0.4005077605530212,0.0034162402153015137,-0.005974568426609039
1769860018.5673504,1122.0,5.662148355454226,2.3226363763885063,1.5278617143630981,0.38298776231618187,8.775100252316106,0.043297529220581055,-0.00887631858611514,0.3520035623436261,-0.05328352263236347,0.4069804291378065,0.001425769180059433,3.5140663385391235e-05
1769860018.6372774,1123.0,5.663852005986806,2.337037104616969,1.5188807249069214,0.38298776231618187,7.239749159295826,0.052254676818847656,-0.007167663371377412,0.35200899160656585,-0.07732095826060069,0.40653532273097187,0.0012337584048509598,0.0015272833406925201
1769860018.714823,1125.0,5.665581907109926,2.3509895489870054,1.5095564126968384,0.3829311071190692,6.049734627257763,0.061535000801086426,-0.0054333726972324095,0.3521574902165404,-0.10202154226347465,0.40525790261145417,0.00027143023908138275,0.0055983178317546844
1769860018.8052852,1126.0,5.667442519213182,2.365719994408084,1.4998743534088135,0.3829311071190692,5.913594931084389,0.0711967945098877,-0.0035685793870864225,0.35216796505157555,-0.12785573188029115,0.40908326686776153,-0.0012886784970760345,0.011179503053426743
1769860018.8644834,1129.0,5.6714245513614205,2.396974992200833,1.4942046403884888,0.3829311071190692,4.349987298905135,0.0768129825592041,0.00042096110915126964,0.3521662430013112,-0.15335444015698174,0.41118515207322587,-0.0039024800062179565,0.022107891738414764
1769860018.9323113,1129.0,5.6714245513614205,2.396974992200833,1.4942046403884888,0.3829311071190692,2.609538851472445,0.0768129825592041,0.00042096110915126964,0.3521631680709943,-0.15328854002782552,0.39727328543527685,-0.00532086007297039,0.030365169048309326
1769860018.979347,1131.0,5.673476148440851,2.4131371845324847,1.4884799718856812,0.3829311071190692,2.609538851472445,0.08250796794891357,0.0024758122771575478,0.3521620678908299,-0.1718508975072609,0.40602039968912956,-0.006292395293712616,0.03508426994085312
1769860019.031324,1133.0,5.675558576745074,2.429978651416267,1.4836710691452026,0.3829311071190692,1.0510385200151378,0.08729183673858643,0.00456124922372198,0.35216310367059217,-0.18862840877627096,0.39718344322984517,-0.006292395293712616,0.03508426994085312
1769860019.07987,1133.0,5.675558576745074,2.429978651416267,1.4815037250518799,0.3829311071190692,-0.6900580992469867,0.08945918083190918,0.00456124922372198,0.35217157913994324,-0.19278566911043196,0.39994066834156256,-0.007074324414134026,0.03961969539523125
1769860019.1345096,1135.0,5.677494798312787,2.4461367527761775,1.4815037250518799,0.3829311071190692,-0.6900580992469867,0.0894390344619751,0.006500044812442473,0.3521664095803265,-0.19969608139062894,0.39873445787246947,-0.008411305025219917,0.04456077516078949
1769860019.2076132,1136.0,5.679249804737482,2.46159292462335,1.4808242321014404,0.3829311071190692,-3.0529209644242292,0.090110182762146,0.008257275912502995,0.3521710617668978,-0.2072737295216312,0.40125081954611563,-0.008411305025219917,0.04456077516078949
1769860019.2573125,1136.0,5.679249804737482,2.46159292462335,1.4816865921020508,0.38351655163368314,-4.430164576239618,0.08924782276153564,0.008257275912502995,0.35058637841162277,-0.20560886712165588,0.4081431670958729,-0.00974290817975998,0.04820960760116577
1769860019.3143528,1138.0,5.680839747612708,2.4769454551331607,1.4816865921020508,0.38351655163368314,-4.430164576239618,0.08923470973968506,0.009849244466610963,0.350425677986412,-0.2112702653089433,0.39966629498301964,-0.009218700230121613,0.04785209521651268
1769860019.3886607,1139.0,5.682165459367264,2.491649149883785,1.4846779108047485,0.38351655163368314,-7.3255938232969315,0.08623862266540527,0.011176765832321672,0.350436594832141,-0.21024597512665452,0.40120112122424106,-0.010368935763835907,0.050787217915058136
1769860019.4863756,1141.0,5.683204120227795,2.5063110417696173,1.489751935005188,0.38351655163368314,-8.786562190586604,0.08115875720977783,0.012217143797007397,0.3504420960501581,-0.20419662544930997,0.4043279947366527,-0.010368935763835907,0.050787217915058136
1769860019.5717697,1142.0,5.683984120304521,2.522313253614049,1.4998708963394165,0.383682019198726,-8.782786391316584,0.07103860378265381,0.012998964347194917,0.34999549942313835,-0.18749867082873514,0.41693569048342927,-0.010347390547394753,0.04868800565600395
1769860019.6721768,1144.0,5.684471744885698,2.5384564848512694,1.5089468955993652,0.383682019198726,-9.84633113270133,0.061963796615600586,0.013488418898558138,0.3499548442499818,-0.17165422689487064,0.412238150396915,-0.010347390547394753,0.04868800565600395
1769860019.7462277,1146.0,5.684669690401809,2.554722706114165,1.5186071395874023,0.383682019198726,-10.807611719148783,0.052309513092041016,0.013688254365880446,0.34995602028429895,-0.15357685923214662,0.416981083316969,-0.009394826367497444,0.041264500468969345
1769860019.8216352,1146.0,5.684669690401809,2.554722706114165,1.5307189226150513,0.3841587240464027,-11.045805190633356,0.04019773006439209,0.013688254365880446,0.34904546127706837,-0.13699645473300967,0.40740959179658137,-0.009394826367497444,0.041264500468969345
1769860019.8901002,1147.0,5.684506906480369,2.5729222208100837,1.546446442604065,0.3844487819420799,-11.441742648984018,0.02447497844696045,0.01352770532201219,0.34777467321456756,-0.09844273215550142,0.4097881430037462,-0.007211901247501373,0.03128466382622719
1769860019.9570808,1149.0,5.683891149586331,2.5923723859990124,1.5640166997909546,0.3847095578037725,-11.875909905525644,0.006917834281921387,0.012914558849231901,0.34694696361189986,-0.06141969934797124,0.4062418716760827,-0.00595349445939064,0.02295631915330887
1769860020.012846,1151.0,5.6829595031154385,2.6114444430220396,1.5640166997909546,0.3847095578037725,-11.875909905525644,0.006935715675354004,0.011985780771774765,0.34687161275699774,-0.05794580800085312,0.4069255126335905,-0.0037195514887571335,0.012510884553194046
1769860020.0560489,1153.0,5.681692526544935,2.631170448414868,1.5788379907608032,0.38492957363542424,-12.104894538811621,-0.00786292552947998,0.01072218456254623,0.34626234572438414,-0.023959493887682266,0.40323672369857094,-0.0037195514887571335,0.012510884553194046
1769860020.1023717,1153.0,5.681692526544935,2.631170448414868,1.5788379907608032,0.38492957363542424,-12.104894538811621,-0.00786292552947998,0.01072218456254623,0.34619368279395596,-0.023914703953362242,0.3988369009032343,-0.0038284193724393845,0.009280715137720108
1769860020.1627035,1155.0,5.680125455096747,2.650720182138353,1.5896106958389282,0.38492957363542424,-11.699604829059119,-0.0186082124710083,0.009158819546725273,0.34619289425576427,0.0031921715784344468,0.40012422716946416,-0.000726575031876564,0.0013868659734725952
1769860020.2146232,1155.0,5.680125455096747,2.650720182138353,1.599252462387085,0.38550031294989684,-10.742882502799208,-0.02824997901916504,0.009158819546725273,0.3446214940080032,0.022363483603581327,0.4055173937897005,-0.000726575031876564,0.0013868659734725952
1769860020.2712479,1157.0,5.678489512062564,2.667959256908822,1.599252462387085,0.3854661416512146,-9.835062736657115,-0.028632402420043945,0.007522267326564932,0.34463368590677346,0.029150103191924535,0.40276231066599655,0.0008760802447795868,-0.00432659313082695
1769860020.3388371,1159.0,5.676832939420059,2.6830057867037835,1.6090806722640991,0.3854661416512146,-9.835062736657115,-0.03878498077392578,0.005860868268625258,0.34463497386212166,0.05544049142711069,0.40406834365482264,0.001988474279642105,-0.008209671825170517
1769860020.3996615,1160.0,5.6749724121220995,2.6980657845966887,1.6203504800796509,0.3854661416512146,-7.849318664456486,-0.05019521713256836,0.003992024101968956,0.3446246158146655,0.08492136961901689,0.40814111003733006,0.0025899652391672134,-0.012955877929925919
1769860020.4597056,1160.0,5.6749724121220995,2.6980657845966887,1.631925344467163,0.3854661416512146,-5.640353076247028,-0.061770081520080566,0.003992024101968956,0.3446105831534201,0.10775732743563671,0.4056276860670306,0.0025899652391672134,-0.012955877929925919
1769860020.5191317,1162.0,5.672989728190011,2.7129994169594203,1.631925344467163,0.38489540233674197,-3.5190895516011667,-0.06200742721557617,0.001998139359872969,0.34617592314752776,0.11548042778552796,0.4048365459962743,0.00547894649207592,-0.02427346259355545
1769860020.577941,1163.0,5.671071293328505,2.727320579560142,1.6402758359909058,0.38489540233674197,-3.5190895516011667,-0.07045495510101318,6.66515838096697e-05,0.34631193857469744,0.13914744334224782,0.4045771110116324,0.0069963037967681885,-0.03277077525854111
1769860020.6370993,1164.0,5.669232119295261,2.741206063326799,1.6433448791503906,0.38489540233674197,-1.3727778790336869,-0.07360649108886719,-0.0017869286055441104,0.34630191486902906,0.1520052561097828,0.40421920084147767,0.008064398542046547,-0.03817208856344223
1769860020.7213893,1164.0,5.669232119295261,2.741206063326799,1.6453076601028442,0.38489540233674197,-1.3702116048324813,-0.0755692720413208,-0.0017869286055441104,0.34630009091167313,0.15582101645465063,0.40381742337647736,0.008064398542046547,-0.03817208856344223
1769860020.7862298,1166.0,5.667522941437203,2.7547493968305465,1.646648645401001,0.38489540233674197,0.1828979589259081,-0.07703173160552979,-0.0035114409410192883,0.3462975769447924,0.16492048090857772,0.4131743213372152,0.008133463561534882,-0.03969797492027283
1769860020.8378797,1167.0,5.666090219880397,2.7672525073282648,1.6480076313018799,0.38489540233674197,1.2813332256952275,-0.0784296989440918,-0.004959128858796954,0.3462955252558618,0.172864579933123,0.40663687528699816,0.008986849337816238,-0.04217368736863136
1769860020.8913162,1168.0,5.664935217259634,2.778716113241519,1.6480076313018799,0.38489540233674197,1.2813332256952275,-0.07845413684844971,-0.0061282857868923,0.34629545941936224,0.17712215199414574,0.4010121657272727,0.008893454447388649,-0.042957812547683716
1769860020.9464812,1169.0,5.663945833142515,2.7896535913763025,1.6476999521255493,0.3853475782987873,3.1765061729046646,-0.0781564712524414,-0.007131352869643693,0.34505977272637667,0.1801574911430397,0.402933162676659,0.008893454447388649,-0.042957812547683716
1769860021.0060992,1169.0,5.663945833142515,2.7896535913763025,1.6466013193130493,0.38572403363286273,4.86563606964016,-0.0770578384399414,-0.007131352869643693,0.3439194093040453,0.17802698251421134,0.4037826757883874,0.010168982669711113,-0.0462808832526207
1769860021.0773778,1171.0,5.662980448597525,2.801904312558334,1.6466013193130493,0.38572403363286273,4.86563606964016,-0.07703447341918945,-0.008112030298324484,0.3438211042464306,0.18151654755898977,0.4044267427975891,0.009888574481010437,-0.04569416493177414
1769860021.1384604,1172.0,5.66209543333226,2.815754612690836,1.6420073509216309,0.38593349215668893,6.616541128476036,-0.07240700721740723,-0.009013968859759058,0.3432520888746277,0.17579228523900475,0.4089252141693767,0.010462775826454163,-0.04688026383519173
1769860021.225049,1172.0,5.66209543333226,2.815754612690836,1.6355745792388916,0.38593349215668893,7.972561233546546,-0.06597423553466797,-0.009013968859759058,0.3432360310280925,0.17150732236892596,0.406016009167969,0.010334061458706856,-0.044908925890922546
1769860021.2841399,1173.0,5.661364315143845,2.830516906223155,1.6279358863830566,0.38593349215668893,8.709259638895725,-0.058287620544433594,-0.009762276609677609,0.34320127980181603,0.1510482996716297,0.41479500420056953,0.010334061458706856,-0.044908925890922546
1769860021.3335493,1175.0,5.660853817370804,2.8462068028535326,1.6279358863830566,0.38593349215668893,8.709259638895725,-0.05814826488494873,-0.010289570188382577,0.3432033623379055,0.1526411957589051,0.40316687823027497,0.010667864233255386,-0.04372485727071762
1769860021.3825371,1177.0,5.660521837319051,2.8626682858055417,1.620176911354065,0.38593349215668893,9.449247511329371,-0.05019187927246094,-0.010636936530742287,0.34320657440978874,0.1383685245832456,0.40218004437033744,0.010667864233255386,-0.04372485727071762
1769860021.4376564,1177.0,5.660521837319051,2.8626682858055417,1.6117929220199585,0.3859534610106134,9.904410857469811,-0.04180788993835449,-0.010636936530742287,0.34317047465027445,0.1268572881711986,0.401426022200894,0.009049570187926292,-0.03710459545254707
1769860021.505103,1178.0,5.660482220981908,2.8792154687807363,1.6117929220199585,0.3859534610106134,10.148351767539229,-0.0416874885559082,-0.010689065685938779,0.34315011492680725,0.12185429167000932,0.4037140785049857,0.009075842797756195,-0.034921158105134964
1769860021.5609353,1180.0,5.660744616663865,2.8951508893436855,1.6037684679031372,0.3859534610106134,10.148351767539229,-0.03337883949279785,-0.010435304869155313,0.3431518786527201,0.1046022555404783,0.4080060390505757,0.00817764550447464,-0.028669804334640503
1769860021.6309361,1182.0,5.661343022409964,2.9118275367628796,1.5887939929962158,0.38578322315302993,10.200194737513614,-0.018062114715576172,-0.009841696732755582,0.34362063194529824,0.07221901542035561,0.40394603407032176,0.00817764550447464,-0.028669804334640503
1769860021.7074947,1182.0,5.661343022409964,2.9118275367628796,1.575941801071167,0.38572403363286273,10.4001320869158,-0.005209922790527344,-0.009841696732755582,0.3438180613548808,0.04670332838683198,0.40878333971783765,0.006505612283945084,-0.021043427288532257
1769860021.7529912,1183.0,5.662198517191469,2.928560287020041,1.5675922632217407,0.3855889569863008,10.072156015154892,0.00333249568939209,-0.00898598885195115,0.3442075854484465,0.02657537065825838,0.4110582259679201,0.005188485607504845,-0.012273073196411133
1769860021.8027565,1185.0,5.663220310734912,2.945045080477697,1.5675922632217407,0.3855889569863008,10.072156015154892,0.003761768341064453,-0.007958396863666927,0.34424044658947167,0.02192296427484749,0.40021655618603813,0.0038070250302553177,-0.007513325661420822
1769860021.8644865,1186.0,5.664341104269954,2.9605084315556622,1.5593856573104858,0.38525172231846805,8.65443007381168,0.012204647064208984,-0.0068265388521230085,0.34516248545013695,0.0009781364012160093,0.4011417888177138,0.0033158212900161743,-0.006028633564710617
1769860021.9463017,1188.0,5.665604153320818,2.9757541897841207,1.5510714054107666,0.3853842329209501,8.745696296815463,0.021035075187683105,-0.0055467127996661715,0.34488517754667886,-0.02129440155607165,0.4058298204669712,0.0033158212900161743,-0.006028633564710617
1769860021.9979143,1188.0,5.665604153320818,2.9757541897841207,1.5426065921783447,0.3855889569863008,7.927932476072152,0.02949988842010498,-0.0055467127996661715,0.34427768847060686,-0.03810869818971957,0.4083667667374761,0.0033970698714256287,-0.0039032883942127228
1769860022.0508857,1189.0,5.666858326346162,2.9894066929237213,1.5426065921783447,0.3855889569863008,7.927932476072152,0.029779672622680664,-0.004272146290297032,0.3442360598494204,-0.04335264184453047,0.4020139987623868,0.0009652543812990189,0.0020228922367095947
1769860022.1142101,1191.0,5.668189669477188,3.002747962843189,1.5356452465057373,0.3855889569863008,6.981736628247678,0.03734421730041504,-0.0029156044406917544,0.34423768964262796,-0.06335890033785427,0.403707071374871,-0.0008192025125026703,0.006546005606651306
1769860022.1741085,1192.0,5.669673449272852,3.0171709209459774,1.5242681503295898,0.3855889569863008,5.993267770018339,0.04904460906982422,-0.0013983205706689066,0.34423859339830487,-0.09210308562590991,0.4037385528534819,-0.0008192025125026703,0.006546005606651306
1769860022.2358503,1192.0,5.669673449272852,3.0171709209459774,1.5176767110824585,0.3855889569863008,4.137844784176587,0.055636048316955566,-0.0013983205706689066,0.34422897950733644,-0.1050736085852981,0.40544035402885986,-0.0010698307305574417,0.010957159101963043
1769860022.3133452,1194.0,5.671325369329616,3.032968529393708,1.5176767110824585,0.3854833765009893,2.6759036057790038,0.05632603168487549,0.00029826656730210985,0.344529807201336,-0.11262739421331089,0.4058691257056246,-0.0023346170783042908,0.01670282706618309
1769860022.3593557,1195.0,5.673034792291132,3.0493628977243477,1.5107581615447998,0.38547085106574774,2.6759036057790038,0.06361138820648193,0.0020634500454421428,0.3445925795939164,-0.1334107800026561,0.40776603460741767,-0.0036751311272382736,0.02046743407845497
1769860022.420045,1197.0,5.6748331063162265,3.0668483282956043,1.5053868293762207,0.38547085106574774,1.2560933273648425,0.06975972652435303,0.003932522940388545,0.3445993177207738,-0.15223171526026757,0.3997492427671345,-0.003911174833774567,0.02423211559653282
1769860022.4727411,1197.0,5.6748331063162265,3.0668483282956043,1.5033955574035645,0.38547085106574774,0.056043087577792194,0.07175099849700928,0.003932522940388545,0.3445939864273394,-0.15608386307115935,0.4052015758769275,-0.003911174833774567,0.02423211559653282
1769860022.5216742,1199.0,5.676513784336454,3.0838253833670874,1.5033955574035645,0.38547085106574774,0.056043087577792194,0.07307577133178711,0.00569810616445198,0.3445707904327107,-0.1650635569654472,0.40143842190783363,-0.006225911900401115,0.032799359411001205
1769860022.5718594,1201.0,5.678096002297875,3.100964054073533,1.5022910833358765,0.38547085106574774,-2.183467569008772,0.07537460327148438,0.007384790607256459,0.3445597277248918,-0.1756306748459547,0.4001162069053842,-0.006225911900401115,0.032799359411001205
1769860022.6231306,1201.0,5.678096002297875,3.100964054073533,1.5022910833358765,0.38547085106574774,-2.183467569008772,0.07537460327148438,0.007384790607256459,0.34454936698534633,-0.17561709265770054,0.39981412285112056,-0.006593888625502586,0.03459358960390091
1769860022.6721988,1202.0,5.679461998532842,3.1170355419361604,1.5024495124816895,0.38547085106574774,-3.6301975839490552,0.07576453685760498,0.008864382919254283,0.34455280863238047,-0.18170839984271378,0.4022967723695272,-0.0068886373192071915,0.03586965799331665
1769860022.7352796,1202.0,5.679461998532842,3.1170355419361604,1.5041167736053467,0.3853717074857085,-5.277118086496676,0.07409727573394775,0.008864382919254283,0.3448170088350604,-0.1784724955527383,0.3980355384474036,-0.0068886373192071915,0.03586965799331665
1769860022.8161342,1204.0,5.680590290563357,3.1326397649400652,1.507423996925354,0.3853717074857085,-6.020274310147154,0.07178902626037598,0.01011611390703195,0.3448438322161884,-0.17850718289967407,0.40416828059178217,-0.006853843107819557,0.03771207854151726
1769860022.8777082,1205.0,5.681439467724655,3.146766638139578,1.507423996925354,0.3853717074857085,-6.453074345978864,0.07223963737487793,0.011087149844003415,0.34484033323065416,-0.18288267317792573,0.40808800063739625,-0.006788419559597969,0.03741559758782387
1769860022.9602642,1206.0,5.6820870808383,3.1597936485705036,1.5106514692306519,0.3853717074857085,-7.6438746357005165,0.06943023204803467,0.011854811525210212,0.3448396455119149,-0.1802020159989909,0.40539882857418774,-0.007096344605088234,0.036304984241724014
1769860023.0282454,1208.0,5.682481058017987,3.17164066742215,1.5149554014205933,0.3851900900798433,-8.722234792450621,0.0658646821975708,0.012363727196300313,0.34533715368648554,-0.17512782757408976,0.4125766184306289,-0.0075226761400699615,0.03684244304895401
1769860023.089709,1209.0,5.682704009735592,3.183488947126515,1.5202151536941528,0.3851900900798433,-8.722234792450621,0.06092524528503418,0.0127065520220307,0.3453850322601417,-0.1667729543729574,0.4074236487573427,-0.006781149655580521,0.03559969738125801
1769860023.1446145,1210.0,5.682738493854602,3.1947412297416444,1.5263385772705078,0.3850443548485658,-9.457445165537367,0.055089592933654785,0.012858937098167003,0.34578397260069393,-0.1559622487300281,0.4054054655837442,-0.006781149655580521,0.03559969738125801
1769860023.2234404,1210.0,5.682738493854602,3.1947412297416444,1.5350602865219116,0.3849537977337426,-10.062896421707675,0.04636788368225098,0.012858937098167003,0.3459239200551732,-0.1476164659087636,0.4013503433285323,-0.0064435433596372604,0.029567115008831024
1769860023.2784097,1211.0,5.682595699267873,3.2066455251479313,1.5456748008728027,0.3850443548485658,-10.062118219644159,0.036008596420288086,0.012844644065105753,0.34583382786356637,-0.11860586035152414,0.41022111266174016,-0.005941292271018028,0.024593785405158997
1769860023.3424478,1213.0,5.682208753084344,3.2208013321329103,1.5456748008728027,0.3850443548485658,-10.062118219644159,0.03642117977142334,0.012614785234631696,0.3458232116902044,-0.1184980335340861,0.4013178102151103,-0.005626395344734192,0.022002749145030975
1769860023.3982067,1214.0,5.681613445130148,3.2354309771345413,1.5564388036727905,0.3851900900798433,-10.22572075433926,0.02581465244293213,0.012185759225768332,0.345429625537925,-0.0960797222497859,0.4045561364098165,-0.005626395344734192,0.022002749145030975
1769860023.4454036,1214.0,5.681613445130148,3.2354309771345413,1.5684535503387451,0.3851900900798433,-10.227708192921185,0.013799905776977539,0.012185759225768332,0.3453895244961512,-0.07232548468234462,0.40175045740998294,-0.003692205995321274,0.01298358291387558
1769860023.5072958,1216.0,5.680748496911471,3.2511284536980902,1.5684535503387451,0.3851900900798433,-10.227708192921185,0.014017105102539062,0.01150250610445298,0.34539578025802903,-0.0702149288503,0.40033938176570305,-0.002484740689396858,0.007806818932294846
1769860023.5793803,1217.0,5.67964883487815,3.267414277580644,1.5783096551895142,0.38501425820894486,-10.324814976491117,0.004220724105834961,0.010593582638539125,0.34588200509696676,-0.0474820424868724,0.40538839837362584,-0.0014928653836250305,0.0037494301795959473
1769860023.6290796,1219.0,5.678123102364593,3.285768499449212,1.5959277153015137,0.38486585959258535,-10.034085395290147,-0.013375639915466309,0.00928376462506906,0.34634010730993814,-0.007732127703955767,0.4086658091836293,-0.0014928653836250305,0.0037494301795959473
1769860023.686349,1219.0,5.678123102364593,3.285768499449212,1.5959277153015137,0.38476297034737417,-9.555386422498305,-0.013375639915466309,0.00928376462506906,0.3466479967419174,-0.007688131160758009,0.3982563855094771,0.0009189434349536896,-0.0023446939885616302
1769860023.7410445,1221.0,5.676398844958957,3.303760335431508,1.6068837642669678,0.38476297034737417,-9.555386422498305,-0.024440288543701172,0.007770216521119873,0.3466895976975871,0.01987329350878856,0.4034722715948883,0.003908870741724968,-0.010600034147500992
1769860023.795764,1223.0,5.674469383467445,3.3219733288193245,1.6180912256240845,0.38476297034737417,-8.457800483208953,-0.03588664531707764,0.006051097931710938,0.3466958449191022,0.048946582351800244,0.40289036063051503,0.003908870741724968,-0.010600034147500992
1769860023.862238,1223.0,5.674469383467445,3.3219733288193245,1.6284189224243164,0.38476297034737417,-6.795615223660359,-0.04621434211730957,0.006051097931710938,0.3466842484233662,0.0694158851899313,0.4026035993404553,0.0035149026662111282,-0.013394229114055634
1769860023.9359267,1225.0,5.672449290756257,3.339470200643658,1.6349965333938599,0.3846518850148051,-6.789437202102833,-0.0531611442565918,0.004228405929053745,0.3470058371903999,0.08984621376793028,0.4098222975302386,0.006906501948833466,-0.027545291930437088
1769860024.0065591,1226.0,5.670391526090193,3.356354787367774,1.6349965333938599,0.3846518850148051,-6.789437202102833,-0.05339455604553223,0.0023550885443081016,0.3470360766963576,0.0971486091522049,0.40586497554225426,0.008000947535037994,-0.03301561623811722
1769860024.053226,1228.0,5.668368599945138,3.372122379363289,1.64238440990448,0.3844422756377319,-4.14394502353643,-0.061347126960754395,0.0004976072866027851,0.3476121277675165,0.11963609207383706,0.40816015262915545,0.008321475237607956,-0.03587285801768303
1769860024.0968783,1228.0,5.668368599945138,3.372122379363289,1.651707410812378,0.3844422756377319,-4.023019081933552,-0.07067012786865234,0.0004976072866027851,0.3476544867354579,0.1379253061750692,0.3994977569909326,0.008321475237607956,-0.03587285801768303
1769860024.1473925,1230.0,5.666335716005474,3.387783848730367,1.651707410812378,0.3844422756377319,-4.023019081933552,-0.07136476039886475,-0.0013787892454100836,0.34766373549206675,0.14607474362362233,0.3987225605227352,0.00909564271569252,-0.03982184827327728
1769860024.2141018,1231.0,5.664436940628291,3.4026286354018125,1.654049277305603,0.3844422756377319,-0.44301828409284516,-0.074066162109375,-0.0031373866539820805,0.3476594456485594,0.15773143218008184,0.40104682571090305,0.00909564271569252,-0.03982184827327728
1769860024.2901828,1231.0,5.664436940628291,3.4026286354018125,1.6586029529571533,0.3844422756377319,-0.44049746785444854,-0.07861983776092529,-0.0031373866539820805,0.3476520606980914,0.166597923547597,0.40663925377829785,0.011663183569908142,-0.05080009624361992
1769860024.344979,1233.0,5.662480727304936,3.4183994496136747,1.6586029529571533,0.3844422756377319,-0.44049746785444854,-0.07932686805725098,-0.004953363979215031,0.3476584146494451,0.17452245269530914,0.4098787655326889,0.012474600225687027,-0.0527762770652771
1769860024.388141,1234.0,5.660578501620842,3.4347749730398136,1.6586382389068604,0.3844422756377319,2.8044325903476732,-0.07970976829528809,-0.0067192799900170855,0.34765750770143355,0.18162267907580254,0.4026719183451475,0.012474600225687027,-0.0527762770652771
1769860024.463004,1234.0,5.660578501620842,3.4347749730398136,1.659320592880249,0.3844422756377319,3.9772372525477406,-0.08039212226867676,-0.0067192799900170855,0.34765570279179814,0.18293996542379207,0.3976803337156826,0.013195684179663658,-0.055467233061790466
1769860024.5255816,1236.0,5.658931131418159,3.4503808334542905,1.659320592880249,0.3844422756377319,5.147808854132595,-0.08107531070709229,-0.008245406717060295,0.3476581469435379,0.18975201512684728,0.4095161931279427,0.01376541331410408,-0.056539371609687805
1769860024.5896764,1237.0,5.657513221859867,3.466198875453789,1.655227541923523,0.3844422756377319,5.147808854132595,-0.07731795310974121,-0.009548887174077127,0.3476600643213723,0.18715856118623625,0.40536104207738755,0.01368049718439579,-0.05634362995624542
1769860024.6431391,1239.0,5.65620744753142,3.4832847625798253,1.650388479232788,0.3844422756377319,6.854643153269384,-0.07313823699951172,-0.010740444575373658,0.3476622179258697,0.18335024623233445,0.4057891282486869,0.01368049718439579,-0.05634362995624542
1769860024.7438214,1239.0,5.65620744753142,3.4832847625798253,1.6444734334945679,0.3844422756377319,7.902537931881137,-0.0672231912612915,-0.010740444575373658,0.3476630007588666,0.18059847056073358,0.40211262058692376,0.01383502408862114,-0.05657658353447914
1769860024.8436234,1241.0,5.655247984472192,3.5000950082764803,1.6332534551620483,0.38450766539882275,8.369466303089093,-0.05664670467376709,-0.011596852358882023,0.3474869242492765,0.15445571940769248,0.41627017520741866,0.013403356075286865,-0.052881546318531036
1769860024.9134452,1243.0,5.654562323018378,3.518940524921431,1.6215091943740845,0.38450766539882275,9.037345360472667,-0.045530080795288086,-0.01217772952991856,0.3474714829735521,0.1347752670052801,0.4182560174269227,0.013403356075286865,-0.052881546318531036
1769860024.9860837,1245.0,5.654189151305438,3.5391128525269275,1.6133615970611572,0.38441250213555156,9.545357894920464,-0.0379941463470459,-0.012451029224124758,0.347732907532861,0.12095615145897523,0.40778287045039907,0.012575177475810051,-0.049436911940574646
1769860025.083537,1247.0,5.654169666011197,3.560022217331246,1.6003048419952393,0.38434711237446073,9.999399969712773,-0.025533199310302734,-0.012380057341678753,0.3479372604932249,0.09618862428566655,0.40678553114210664,0.01142832264304161,-0.04462161287665367
1769860025.1678963,1251.0,5.654970608334553,3.600306134380755,1.5906877517700195,0.38434711237446073,10.406212974902493,-0.017059922218322754,-0.011440982617483629,0.3479534489437102,0.07597775599561007,0.41712478878005754,0.00878361240029335,-0.027471188455820084
1769860025.2316947,1251.0,5.654970608334553,3.600306134380755,1.5768283605575562,0.38434711237446073,10.481687923052494,-0.003200531005859375,-0.011440982617483629,0.3479482450268545,0.0485255373238128,0.41254629851893393,0.00878361240029335,-0.027471188455820084
1769860025.3089912,1253.0,5.655803744062494,3.6189085038792443,1.5669276714324951,0.38441250213555156,10.871989620870904,0.006152033805847168,-0.010559533376125354,0.3477692162132184,0.026691418198440828,0.4057146003984899,0.008269792422652245,-0.02450728416442871
1769860025.3850272,1254.0,5.656819273410013,3.635845701657831,1.5557976961135864,0.38454000104934755,10.72339565571232,0.017013907432556152,-0.009508213150696537,0.3474006985195239,0.0012277927369530456,0.4089184903042871,0.004979431629180908,-0.013976678252220154
1769860025.4483602,1256.0,5.658051054191209,3.652030530142538,1.5557976961135864,0.38470535391087735,10.505195281797187,0.016489624977111816,-0.008249346256922903,0.34691228346309405,-0.002381793983963651,0.4070641075776226,0.0036458875983953476,-0.00696975365281105
1769860025.5234134,1258.0,5.659384187067905,3.667233915570461,1.545602560043335,0.38470535391087735,10.34753014964768,0.02617645263671875,-0.006896949916437698,0.3468687367889575,-0.02661732867428186,0.40538745394668857,0.002289827913045883,-0.0022609494626522064
1769860025.5833275,1259.0,5.660820959647228,3.6817845247310537,1.5384111404418945,0.38470535391087735,10.34753014964768,0.0331195592880249,-0.005447214613059773,0.3468666825173185,-0.04574508979073297,0.4096995294857824,0.001567130908370018,-7.528811693191528e-06
1769860025.6547709,1261.0,5.662436182364557,3.696084892032063,1.5260502099990845,0.38508492449306675,7.722053982151328,0.044996023178100586,-0.0038243477964183493,0.3458268488801136,-0.07527242917319046,0.40509302888499754,0.00048382021486759186,0.0031520798802375793
1769860025.7255628,1261.0,5.662436182364557,3.696084892032063,1.5111833810806274,0.3861858747401503,6.930276984744435,0.05986285209655762,-0.0038243477964183493,0.34271962550458585,-0.10465406081797218,0.40982364386316084,0.00048382021486759186,0.0031520798802375793
1769860025.7957838,1262.0,5.66435920894995,3.7115864093872366,1.5042370557785034,0.38695576873222515,5.511202208738266,0.06657290458679199,-0.0018986042815033973,0.34032805195361565,-0.12486464813743148,0.41021802858335515,0.00013665854930877686,0.006872121244668961
1769860025.8761609,1264.0,5.666391052824364,3.7272956335885623,1.5042370557785034,0.3870942330700214,4.353204755423243,0.06611216068267822,0.00013023097624674488,0.33976089445508617,-0.13131673528166785,0.40930078565257955,-0.003621170297265053,0.018771696835756302
1769860025.9622025,1265.0,5.66869282501455,3.744858572553879,1.4938600063323975,0.3870942330700214,2.780308487259025,0.07626485824584961,0.00242196164224759,0.3397315883530317,-0.15956771234541284,0.413638031363134,-0.005162907764315605,0.026824917644262314
1769860026.0539548,1267.0,5.6712911014457426,3.764839875601205,1.487008810043335,0.3870942330700214,0.07034734194422576,0.08267927169799805,0.00500050716238905,0.3397346478693209,-0.18131478533097584,0.4133138692049422,-0.006894618272781372,0.03434237092733383
1769860026.1245832,1269.0,5.673712755148847,3.7836882366162627,1.4821008443832397,0.3881714508817603,-0.1364667429507673,0.08716630935668945,0.00739571921504897,0.33678862459791536,-0.19857174258339727,0.41677408663378795,-0.008964421227574348,0.04075946658849716
1769860026.18544,1271.0,5.675801649690181,3.800654160237042,1.4805703163146973,0.3881714508817603,-0.1364667429507673,0.08829176425933838,0.009454539780129079,0.33652866673592446,-0.2080743384290778,0.40883878285146014,-0.00940200500190258,0.04254736378788948
1769860026.2449846,1273.0,5.677679490690221,3.8169631173511256,1.4805505275726318,0.3883967196892218,-1.5250605949488971,0.08792245388031006,0.011298056691280178,0.33592741777816354,-0.21393556321406984,0.40721978585853713,-0.00940200500190258,0.04254736378788948
1769860026.3129644,1273.0,5.677679490690221,3.8169631173511256,1.480644702911377,0.3886322283122556,-2.6210005784559893,0.08782827854156494,0.011298056691280178,0.3352476797395522,-0.21375591369294922,0.40732696647667177,-0.010554555803537369,0.04553833603858948
1769860026.3738644,1274.0,5.679402651172104,3.833337824897599,1.480644702911377,0.38922866281318,-5.996235993775242,0.0876396894454956,0.012981592803710177,0.33353960461159304,-0.21939314498456017,0.40911601135989833,-0.011840388178825378,0.04854077100753784
1769860026.4784052,1276.0,5.680763280562207,3.8481751195174674,1.4827548265457153,0.38922866281318,-7.154217348660879,0.08516418933868408,0.014301999892981029,0.33340670980832254,-0.21934780531642734,0.4087548323542376,-0.009858738631010056,0.046973563730716705
1769860026.556587,1277.0,5.682019108057501,3.864329346366916,1.4854347705841064,0.38995433309204636,-7.523894711076239,0.08230757713317871,0.015509524332648378,0.3314246670720958,-0.21817603055827,0.4227988710929131,-0.010308239609003067,0.047584131360054016
1769860026.6392553,1279.0,5.683147871841727,3.8827943695072022,1.495162844657898,0.38995433309204636,-9.142556463949719,0.07223808765411377,0.016577528959957708,0.33125588261574523,-0.20267742508575334,0.415047477342937,-0.00947897881269455,0.045852575451135635
1769860026.694886,1281.0,5.684032272408605,3.9003778248455676,1.5018761157989502,0.38995433309204636,-9.142556463949719,0.06519925594329834,0.01739879399716678,0.3312681945059016,-0.19202037647751607,0.41529001131336296,-0.00955824926495552,0.044172048568725586
1769860026.7654858,1283.0,5.684495204402493,3.9199432264630305,1.514931559562683,0.38995433309204636,-10.388571962785445,0.05183422565460205,0.01778569505380378,0.33127725098232597,-0.16756336983039066,0.4075910011995205,-0.009197153151035309,0.040478482842445374
1769860026.8225358,1285.0,5.684640209143685,3.93946599676464,1.5257563591003418,0.38995433309204636,-11.37732278058687,0.040715575218200684,0.017849056099353233,0.3312806430947303,-0.14607599654346357,0.4116495099426658,-0.00734320655465126,0.03269394114613533
1769860026.8836977,1285.0,5.684640209143685,3.93946599676464,1.537559986114502,0.38995433309204636,-11.921781416962913,0.028911948204040527,0.017849056099353233,0.33127953415958855,-0.12293636482963477,0.4080117082699466,-0.00734320655465126,0.03269394114613533
1769860026.9464698,1287.0,5.684425556144078,3.9582364956065264,1.537559986114502,0.3904234063407059,-12.247311700568673,0.028634071350097656,0.017550743396339753,0.3299889209320435,-0.12124311631140797,0.40982454606140306,-0.00738382525742054,0.028285682201385498
1769860027.051389,1289.0,5.683921843989522,3.975065706427052,1.545447826385498,0.3904234063407059,-12.570301261717063,0.020484328269958496,0.01696794430471654,0.32987485185321574,-0.10309470960380875,0.41032535700080497,-0.00626024603843689,0.0228862427175045
1769860027.1025152,1290.0,5.6830334791575225,3.9938114137308105,1.5636767148971558,0.38995433309204636,-12.570301261717063,0.0021303892135620117,0.015987186136224074,0.3311667151651491,-0.06328773170781948,0.42209230971635553,-0.00480363704264164,0.018662352114915848
1769860027.1608133,1292.0,5.681956915318947,4.009113910038122,1.5767208337783813,0.38995433309204636,-12.567703490088528,-0.011151790618896484,0.014832021848168304,0.3312707428174023,-0.032607023823559234,0.40603030410762836,-0.00480363704264164,0.018662352114915848
1769860027.2293015,1292.0,5.681956915318947,4.009113910038122,1.5910545587539673,0.3897118594233789,-12.500565741906149,-0.025485515594482422,0.014832021848168304,0.33191615758336185,-0.0041008060198253656,0.40768444183448455,-0.003815026953816414,0.010618437081575394
1769860027.3018456,1294.0,5.680463662396783,4.025353035359144,1.602177619934082,0.3897118594233789,-11.612561059992583,-0.036830782890319824,0.013252405392878214,0.33198477965041223,0.024287308973824598,0.41153784127605364,-0.0011255592107772827,0.004514291882514954
1769860027.3504822,1295.0,5.6785883369398915,4.042339642587147,1.6220413446426392,0.3904234063407059,-11.00195715267482,-0.05679965019226074,0.011283671847869808,0.3300177651058481,0.07121478604117706,0.41188850673524835,-0.0001410841941833496,-0.000670354813337326
1769860027.4184241,1297.0,5.676274294900181,4.061079589505011,1.6220413446426392,0.3904234063407059,-11.00195715267482,-0.05699813365936279,0.008863171182448813,0.32983112797931297,0.08044396727004803,0.40284638095217606,0.0015369392931461334,-0.007530689239501953
1769860027.4883482,1299.0,5.673568593840572,4.080354512940377,1.6389187574386597,0.3904234063407059,-8.369538090108064,-0.074057936668396,0.006044512473330593,0.3298255522217575,0.12452494690264113,0.4095400277326368,0.0015369392931461334,-0.007530689239501953
1769860027.554995,1301.0,5.670367986418289,4.101705671910566,1.6561988592147827,0.39021128879300804,-7.043734853418602,-0.09150469303131104,0.002715025950871643,0.3303968240073565,0.17079360854738285,0.412507834450752,0.006138615310192108,-0.0259559229016304
1769860027.6103566,1301.0,5.670367986418289,4.101705671910566,1.6653623580932617,0.39062268895413943,-6.946718859657426,-0.10066819190979004,0.002715025950871643,0.3293007392752574,0.18838698280003457,0.4110548134715683,0.007989279925823212,-0.03842170909047127
1769860027.7056973,1303.0,5.667240205888888,4.121724897667928,1.6653623580932617,0.39021128879300804,-3.6261199218143343,-0.10081887245178223,-0.0005368440905171587,0.3303365172066306,0.20031164633630827,0.4078095299848131,0.00917939841747284,-0.046100348234176636
1769860027.7797656,1305.0,5.664250610079607,4.140576888254118,1.6791045665740967,0.39003097776972956,-1.8682448475724724,-0.11469578742980957,-0.0036458763934989744,0.33092784937337777,0.23817098034383655,0.41952678878809946,0.012562423944473267,-0.05434642359614372
1769860027.8268216,1307.0,5.661260027534495,4.159294817086978,1.682952880859375,0.39003097776972956,-0.23495887753783484,-0.11866307258605957,-0.0067572540717737726,0.33096844560764227,0.2564925860079535,0.4138360950750137,0.013570902869105339,-0.060212377458810806
1769860027.8882022,1309.0,5.658617517904376,4.1763251746476415,1.682952880859375,0.39003097776972956,-0.23495887753783484,-0.11876606941223145,-0.009511360333047642,0.33097115386353143,0.2662950859615623,0.40472553693198077,0.014483761042356491,-0.06418392062187195
1769860027.9592466,1310.0,5.6562629621025895,4.192573892320738,1.6845377683639526,0.39003097776972956,1.3915602999303598,-0.12039649486541748,-0.011973707571093088,0.3309779162466247,0.2779631295485908,0.40952056572818646,0.016643399372696877,-0.06993885338306427
1769860028.0089927,1312.0,5.654033989877273,4.208881715108513,1.684600830078125,0.39003097776972956,4.080306679086614,-0.12053871154785156,-0.014311982228054725,0.330986474727562,0.2863489390753522,0.41296587306963395,0.016643399372696877,-0.06993885338306427
1769860028.0532072,1312.0,5.654033989877273,4.208881715108513,1.684600830078125,0.39003097776972956,4.080306679086614,-0.12053871154785156,-0.014311982228054725,0.3310108322341561,0.2863451127262762,0.40554087591925486,0.01743355765938759,-0.07349595427513123
1769860028.1117077,1314.0,5.652000343461875,4.224888856469882,1.6835087537765503,0.39003097776972956,7.13475390161201,-0.11950981616973877,-0.016453836338527886,0.33099686208920115,0.29185271211137315,0.40383982255591877,0.01839514635503292,-0.07562737911939621
1769860028.1913164,1314.0,5.652000343461875,4.224888856469882,1.6786530017852783,0.39033110239723023,9.78575293757454,-0.1146540641784668,-0.016453836338527886,0.33060566470080854,0.28742134111052603,0.4095518193805397,0.01839514635503292,-0.07562737911939621
1769860028.2462163,1315.0,5.650366620252429,4.240215543033521,1.6699609756469727,0.39033110239723023,10.793779029645613,-0.1059877872467041,-0.018191875519908713,0.33015005157558436,0.27263891485957786,0.41489047083881075,0.018589584156870842,-0.07671041786670685
1769860028.3084874,1317.0,5.649029294466781,4.25681687006197,1.6699609756469727,0.39033110239723023,11.477011922387643,-0.10602712631225586,-0.01964280701402054,0.3301236047345919,0.2777428793508523,0.4077066710505308,0.018453624099493027,-0.07418934255838394
1769860028.37032,1319.0,5.64815348036366,4.2735749690643505,1.6557948589324951,0.39033110239723023,11.477011922387643,-0.09188449382781982,-0.020633764929741002,0.3301395669367569,0.25468372604906675,0.4098422432519268,0.017522916197776794,-0.0714653953909874
1769860028.4369597,1320.0,5.647683083548496,4.291636212046112,1.6423003673553467,0.39003097776972956,14.695942654652008,-0.07839584350585938,-0.02122856784037733,0.33097401549358446,0.23114624200045772,0.4089633078405236,0.015978476032614708,-0.06325562298297882
1769860028.517302,1320.0,5.647683083548496,4.291636212046112,1.6278935670852661,0.3893768800413836,15.257584530670979,-0.06398904323577881,-0.02122856784037733,0.33228958944798126,0.21182518629136207,0.4108027763515791,0.015978476032614708,-0.06325562298297882
1769860028.5887082,1322.0,5.647565117124985,4.310607293627848,1.611711859703064,0.38879568426790023,15.926114183382397,-0.04780697822570801,-0.021477293500592912,0.3338770855705936,0.18480494707431752,0.4145380184416587,0.011659417301416397,-0.0498235709965229
1769860028.6541443,1324.0,5.647963902919372,4.329505625893129,1.5954786539077759,0.38879568426790023,16.406585677066424,-0.031557559967041016,-0.021208588607258126,0.3346912795017583,0.14058102728472224,0.4116396210502424,0.010402187705039978,-0.045536138117313385
1769860028.7405183,1326.0,5.648878733443523,4.347856390967534,1.5954786539077759,0.38879568426790023,16.406366443413425,-0.031525492668151855,-0.020419646979326914,0.3347426797102255,0.13739290787751413,0.4076417517887029,0.00881025567650795,-0.03889232873916626
1769860028.8032968,1328.0,5.650433236054073,4.366890072992983,1.5470846891403198,0.38879568426790023,16.721928643428328,0.016916513442993164,-0.018995009271295358,0.334746169452388,0.03729348652324925,0.4166853456771533,0.00768316350877285,-0.030056022107601166
1769860028.864755,1330.0,5.652428419348709,4.3851677765087995,1.5470846891403198,0.38879568426790023,15.621059152480397,0.016980409622192383,-0.01712359584020139,0.33472945917843,0.02946225774001949,0.40837107021583313,0.004680890589952469,-0.016225125640630722
1769860028.9175327,1332.0,5.654857308602497,4.403317177536434,1.5313583612442017,0.38879568426790023,15.621059152480397,0.03278660774230957,-0.01481645307128769,0.3347188304307482,-0.010448367933653363,0.40799058545909833,0.0026916731148958206,-0.0025034546852111816
1769860028.9689634,1333.0,5.6574147634863134,4.420249913703606,1.5183321237564087,0.3884880786837655,15.913494776615059,0.04585874080657959,-0.012371329937833568,0.335548377877967,-0.0454739063472269,0.4049513177782019,0.0026916731148958206,-0.0025034546852111816
1769860029.0354092,1333.0,5.6574147634863134,4.420249913703606,1.5183321237564087,0.3879895187526431,14.592302613277589,0.04585874080657959,-0.012371329937833568,0.33696346494579676,-0.04546464193249989,0.40447285948254463,0.0016092341393232346,0.0009119249880313873
1769860029.0952034,1335.0,5.660329002724128,4.437234509810556,1.5009821653366089,0.3879895187526431,14.592302613277589,0.06331229209899902,-0.00956835078994369,0.3371035843995687,-0.09041294512059386,0.40954908198602236,0.001576986163854599,0.006472304463386536
1769860029.1481423,1337.0,5.663243476762415,4.45246112408834,1.4813517332077026,0.3878369002331615,12.13668916906747,0.08306229114532471,-0.006752253868101015,0.3375051479551075,-0.13965472781879684,0.4043679820492629,0.001576986163854599,0.006472304463386536
1769860029.2154222,1337.0,5.663243476762415,4.45246112408834,1.4661118984222412,0.3875506403481823,10.588543500496945,0.09830212593078613,-0.006752253868101015,0.3383080926582824,-0.1693101452137661,0.4034168980850143,-0.0015358328819274902,0.022695954889059067
1769860029.2874663,1338.0,5.666480311961297,4.468172986938038,1.4661118984222412,0.3873346623334216,7.87203375641128,0.09836792945861816,-0.0036154174329060653,0.3389817093842672,-0.1806581319385688,0.4088304771789983,-0.0014701392501592636,0.028005942702293396
1769860029.348848,1340.0,5.669890797807834,4.484259620557557,1.4510823488235474,0.3873346623334216,7.87203375641128,0.1135408878326416,-0.00030555829373387575,0.33902807872969637,-0.22196944694817947,0.4095494149849608,-0.003337603062391281,0.03792040795087814
1769860029.398894,1341.0,5.673580404438431,4.501544186992701,1.4372388124465942,0.3873346623334216,2.1424558051030482,0.12746202945709229,0.003278101486471016,0.3390242474222877,-0.26111182934819344,0.40724487144029614,-0.003337603062391281,0.03792040795087814
1769860029.4683032,1341.0,5.673580404438431,4.501544186992701,1.4307982921600342,0.3865719792782736,1.6880630234297598,0.13390254974365234,0.003278101486471016,0.34112008797499427,-0.27300410987671153,0.40182790453846584,-0.00246337428689003,0.03965701907873154
1769860029.531861,1343.0,5.6770526429062445,4.5179414901277415,1.4289599657058716,0.3865719792782736,-0.5986473853981626,0.1359081268310547,0.006652097972399295,0.3413087245937703,-0.2885042534595637,0.40946640603853784,-0.004681836813688278,0.050211310386657715
1769860029.5792685,1345.0,5.6803921677807425,4.534663456059553,1.4289599657058716,0.3865719792782736,-0.5986473853981626,0.13609135150909424,0.00989389823704415,0.34131111641020906,-0.3000264917327303,0.40556553459974626,-0.006702554412186146,0.05737711116671562
1769860029.631522,1345.0,5.6803921677807425,4.534663456059553,1.4272894859313965,0.3865719792782736,-2.604932099805751,0.13776183128356934,0.00989389823704415,0.3413318737181505,-0.30310676326915953,0.4006930126434215,-0.006702554412186146,0.05737711116671562
1769860029.713281,1346.0,5.683298041394677,4.550301668049271,1.4272894859313965,0.3865719792782736,-8.001626493065308,0.13785934448242188,0.012710796086008102,0.34132287754024837,-0.31297957856230646,0.4034897553044265,-0.009502707049250603,0.06069527566432953
1769860029.8091106,1348.0,5.685780991963666,4.564935344112611,1.4280823469161987,0.3865719792782736,-9.700756749495893,0.13727343082427979,0.015112741378132184,0.3413375818755862,-0.3201145253480837,0.4136369320342883,-0.009016208350658417,0.062244851142168045
1769860029.9005625,1349.0,5.687910250737614,4.579765356287913,1.4312920570373535,0.3864734288562886,-10.350948494797574,0.13417315483093262,0.017162264480634345,0.3416227818443904,-0.3214110058680369,0.41749067579729127,-0.007940094918012619,0.06189875304698944
1769860030.0029025,1351.0,5.689731336853249,4.596330657435895,1.4587346315383911,0.3864734288562886,-12.717912490983714,0.10696148872375488,0.018897250064661867,0.34166490406552064,-0.2773175185736062,0.41609755536969817,-0.011282769963145256,0.06994615495204926
1769860030.0763917,1353.0,5.691198349693637,4.614157108957807,1.470723271369934,0.3867074648693821,-14.960605802591669,0.09521949291229248,0.020275300620476888,0.3410335953169987,-0.25965002824222894,0.4135579704950919,-0.011114699766039848,0.0644860714673996
1769860030.1590943,1355.0,5.692262565237181,4.632662080962994,1.470723271369934,0.3867074648693821,-14.960605802591669,0.0954822301864624,0.02125145443928086,0.3409818492808843,-0.2635163322471779,0.4090313772111393,-0.013712722808122635,0.06903954595327377
1769860030.2443738,1357.0,5.692927070812358,4.6518805228036175,1.4863742589950562,0.3867074648693821,-15.641983285661365,0.08010971546173096,0.021829391560182067,0.3409953326130205,-0.23655397938915465,0.412377251633821,-0.011530449613928795,0.06349355727434158
1769860030.3629203,1358.0,5.693130734382307,4.6696553660173095,1.4966588020324707,0.3867074648693821,-17.190251718402134,0.06997036933898926,0.021957665022549592,0.3409999554654499,-0.21755248425767354,0.4148763774159591,-0.01185380108654499,0.05703190714120865
1769860030.4482963,1360.0,5.69281141196512,4.686401589767641,1.5113797187805176,0.3867074648693821,-17.366738277193804,0.055551886558532715,0.02157163537446682,0.341001882335867,-0.18846189634577928,0.4259295138895318,-0.011065902188420296,0.05341893807053566
1769860030.5962021,1362.0,5.691909951697852,4.702935653025234,1.541254997253418,0.3867074648693821,-17.932408925403337,0.02599477767944336,0.020608608929622227,0.34100050644973867,-0.12767139317914308,0.4146826829906301,-0.010252287611365318,0.05036215856671333
1769860030.685493,1365.0,5.689494640363309,4.730850088617599,1.5612298250198364,0.3864071650265004,-18.41549412529305,0.0065271854400634766,0.018099549897699,0.34181678743145205,-0.07982266269129797,0.43572203149246713,-0.008810179308056831,0.034298237413167953
1769860030.7629848,1366.0,5.687757888480511,4.745377716656585,1.5753532648086548,0.38672389536402263,-18.41549412529305,-0.007419228553771973,0.01631931375281693,0.34099244753185143,-0.04548738385864207,0.4130219057086401,-0.006909104064106941,0.02050109952688217
1769860030.8146348,1367.0,5.685896212206992,4.758675712532588,1.5932873487472534,0.3873715881196591,-15.889123399308453,-0.02517235279083252,0.014421156670080669,0.3391207903602566,-0.003199183906272378,0.4098353780382087,-0.006909104064106941,0.02050109952688217
1769860030.8780925,1367.0,5.685896212206992,4.758675712532588,1.6174592971801758,0.3873715881196591,-14.876850768732346,-0.04934430122375488,0.014421156670080669,0.33894040967357053,0.04488657249450264,0.4039926061484118,-0.003953073173761368,0.007908087223768234
1769860030.9471576,1369.0,5.683573667116615,4.772229938023379,1.6174592971801758,0.3873715881196591,-15.098373670530451,-0.04897034168243408,0.01206479489054401,0.338944896980261,0.05280167765204248,0.40805671854416753,-0.0029163435101509094,0.0036692246794700623
1769860031.0292604,1370.0,5.680791360505841,4.78773099680854,1.6408100128173828,0.3881603970017745,-13.553544646023225,-0.07212817668914795,0.009248108847939458,0.33677073740700175,0.10909317112843883,0.41059891130015647,-0.0005087759345769882,-0.0021002180874347687
1769860031.0945842,1372.0,5.677996241263853,4.802594591300775,1.6480207443237305,0.3886648240475952,-13.553544646023225,-0.07894110679626465,0.006424459806671654,0.3351717800758294,0.13266508855399045,0.41548844986834965,0.0024498961865901947,-0.017145603895187378
1769860031.1861575,1373.0,5.675179098069015,4.816866779525937,1.6603765487670898,0.3888684684009275,-10.798071259645145,-0.09109210968017578,0.0035841332271847473,0.3344842138591045,0.16678080973136067,0.409980436641714,0.0057358089834451675,-0.030902113765478134
1769860031.247555,1375.0,5.672201756961508,4.831508438406356,1.6722164154052734,0.3888684684009275,-10.798071259645145,-0.10251033306121826,0.0005874201012426698,0.33443079259578906,0.19969421465528525,0.415910668155938,0.005232891067862511,-0.031444743275642395
1769860031.3256052,1376.0,5.669547481745374,4.844285454087504,1.683769941329956,0.388927522011807,-7.315031993720225,-0.11384713649749756,-0.00208001111137552,0.33427064390455635,0.2309561933979194,0.4087199466601894,0.006599366664886475,-0.03820149227976799
1769860031.3894465,1377.0,5.66713063130463,4.855658494771427,1.6906181573867798,0.388927522011807,-4.573501681707751,-0.12047457695007324,-0.004505560804630971,0.3342620621986728,0.2520459028998727,0.41405401464142344,0.006599366664886475,-0.03820149227976799
1769860031.4605637,1377.0,5.66713063130463,4.855658494771427,1.6970690488815308,0.3892241818041033,-2.606235116191696,-0.12692546844482422,-0.004505560804630971,0.3334672739058586,0.26419015445017063,0.40959935229424843,0.010168179869651794,-0.051011908799409866
1769860031.5152643,1378.0,5.664620788431981,4.867844253246322,1.7017691135406494,0.3892241818041033,-0.18329973571558345,-0.13140082359313965,-0.007021507305986706,0.333382770727992,0.28140156534607785,0.41215947654992097,0.01209903322160244,-0.06033702194690704
1769860031.5959673,1380.0,5.662118772464601,4.880804406148971,1.7017691135406494,0.3892241818041033,3.0253132806722722,-0.13093948364257812,-0.009526282437301125,0.3334022394668105,0.2891825367056595,0.40611319137929713,0.015262465924024582,-0.06909171491861343
1769860031.658027,1381.0,5.659730630948959,4.89412244695023,1.7041356563568115,0.38935937732299464,3.0253132806722722,-0.13306939601898193,-0.011913159678040061,0.333051027092324,0.3014169143321402,0.41267761191350877,0.01786245033144951,-0.0770760327577591
1769860031.7179024,1382.0,5.6576777384039545,4.906542010598349,1.7044278383255005,0.3899415499531521,6.250578279357989,-0.13312101364135742,-0.013961046439520316,0.33144604639098724,0.308544968080828,0.4099354488173187,0.01786245033144951,-0.0770760327577591
1769860031.7829263,1383.0,5.655773375912045,4.919429356657963,1.702882170677185,0.3908961281554443,7.601149662872978,-0.1313307285308838,-0.01585622369293739,0.3287089619973834,0.3117425881210955,0.40836683255676254,0.01889176480472088,-0.08092790842056274
1769860031.882785,1383.0,5.655773375912045,4.919429356657963,1.695816159248352,0.3899415499531521,9.555836501381375,-0.12426471710205078,-0.01585622369293739,0.3289954395048387,0.31020845023939186,0.4105407879533073,0.020040083676576614,-0.0825767070055008
1769860032.0107794,1386.0,5.6526995319792634,4.948641888046901,1.6862865686416626,0.3899033273388053,13.23281513410799,-0.1142129898071289,-0.018896081661205516,0.33118758494500017,0.2905270552980958,0.42151736822252983,0.01944315992295742,-0.08078576624393463
1769860032.0786645,1388.0,5.651726277200022,4.964338168330922,1.6545000076293945,0.3899033273388053,14.441166479726864,-0.08238804340362549,-0.01984891407151959,0.3314384389858511,0.2344103179289088,0.43159002974858696,0.018712395802140236,-0.07753577828407288
1769860032.1561847,1390.0,5.651062657533684,4.983042383157912,1.6545000076293945,0.3899033273388053,15.136980838904142,-0.08235466480255127,-0.020487619534197865,0.3314365613920157,0.23595942159506123,0.4113078045196148,0.017567690461874008,-0.07197540998458862
1769860032.2245677,1392.0,5.65083715198244,5.003660147213378,1.6353187561035156,0.39052855262238917,16.123122042705106,-0.06314504146575928,-0.02068502587930197,0.3308494414627853,0.22364374479715463,0.4154472666583436,0.0164705328643322,-0.06552019715309143
1769860032.3034248,1394.0,5.651232978978474,5.024568732050264,1.6120928525924683,0.39052855262238917,16.568938862121303,-0.03989577293395996,-0.020260136558056765,0.32967811569379735,0.15391899951354315,0.41112164464506584,0.014008263126015663,-0.05607924982905388
1769860032.3647478,1396.0,5.652147380400367,5.045891623091251,1.5967497825622559,0.39093918080887063,16.568938862121303,-0.02453434467315674,-0.01931562748528588,0.32844667667560745,0.11975692147256807,0.4159987699062913,0.00889907032251358,-0.03399711102247238
1769860032.4255824,1398.0,5.653407551011031,5.065128604751818,1.5808250904083252,0.3911416930067545,17.269917065087927,-0.008596301078796387,-0.01802799235722054,0.32778094358124554,0.08358432905685803,0.41016020620747123,0.00867365300655365,-0.02859347313642502
1769860032.4675825,1398.0,5.653407551011031,5.065128604751818,1.5718560218811035,0.3911416930067545,17.678324461030144,0.00037276744842529297,-0.01802799235722054,0.32771165351343334,0.065735509115134,0.41010368078617515,0.00867365300655365,-0.02859347313642502
1769860032.5194023,1400.0,5.65485015108615,5.081339177607556,1.5718560218811035,0.3911416930067545,17.678324461030144,0.00038111209869384766,-0.016562094969344993,0.32772123175576223,0.06030700782609547,0.40395127337491643,0.006454061716794968,-0.019504420459270477
1769860032.590208,1401.0,5.65640619141197,5.095308982745217,1.56032133102417,0.39052855262238917,17.773634968011166,0.011918187141418457,-0.014985909491832141,0.32940056071952334,0.031632572998689795,0.406617197953877,0.006243407726287842,-0.013660386204719543
1769860032.6443355,1402.0,5.658021091147757,5.1069279145104876,1.5488615036010742,0.3899146940672208,16.645974102944773,0.023378968238830566,-0.01335423329870556,0.3312255568740651,0.002819358829906419,0.4116351665260564,0.006243407726287842,-0.013660386204719543
1769860032.712548,1402.0,5.658021091147757,5.1069279145104876,1.5304205417633057,0.3893325214370633,13.430721891646286,0.04181993007659912,-0.01335423329870556,0.3329522826297084,-0.033847367305465254,0.4063407521641818,0.00351666659116745,-0.006762269884347916
1769860032.7953575,1404.0,5.659713150882613,5.117518377955129,1.5304205417633057,0.3893325214370633,13.519478993745064,0.04181826114654541,-0.011646883299735613,0.3330963261600335,-0.04012817725857309,0.4085608881902108,0.0033182725310325623,-0.0030692927539348602
1769860032.8505805,1405.0,5.661854651914196,5.129687451878004,1.5138047933578491,0.3891060973738917,13.519478993745064,0.058431386947631836,-0.00948783457679099,0.3337093400947055,-0.08105831661804962,0.4158810290655504,-0.0006887763738632202,0.007097743451595306
1769860032.9131548,1406.0,5.664290549105998,5.143066672175759,1.500253677368164,0.3891060973738917,8.818909059002193,0.07197844982147217,-0.007032697710221061,0.3337541191181108,-0.11679297902470054,0.4063698176858077,-0.0006887763738632202,0.007097743451595306
1769860032.9714713,1406.0,5.664290549105998,5.143066672175759,1.4858887195587158,0.3891060973738917,6.861566167857774,0.08634340763092041,-0.007032697710221061,0.3337371715719561,-0.144962856582053,0.4092424214930305,-0.0027731191366910934,0.016953840851783752
1769860033.024226,1407.0,5.666812477844019,5.1565849863577125,1.4858887195587158,0.3887394860282659,6.861566167857774,0.08633828163146973,-0.004491416008432588,0.33474965888048874,-0.15410127579962893,0.4073895327434143,-0.004008667543530464,0.023233260959386826
1769860033.0987914,1409.0,5.669787678743465,5.173026809033183,1.4721050262451172,0.3887394860282659,3.7663672364409306,0.10010766983032227,-0.0014928397226393999,0.3348333402016016,-0.1918316076737471,0.4055516273942177,-0.005422836169600487,0.03309009224176407
1769860033.19952,1411.0,5.673036954171607,5.191772155125799,1.4630156755447388,0.3887394860282659,1.812412927964412,0.10917782783508301,0.0017827993119830228,0.3348253865644789,-0.22093472953913895,0.4128678378930537,-0.005422836169600487,0.03309009224176407
1769860033.2751086,1413.0,5.676126811638102,5.210624771295948,1.4587292671203613,0.3887394860282659,1.812412927964412,0.11344003677368164,0.004898781304346558,0.33482395460731473,-0.2400466386004877,0.4217062388812154,-0.00808793492615223,0.04430130496621132
1769860033.3708403,1415.0,5.679186493593445,5.230215668364995,1.4537943601608276,0.3887394860282659,-1.9393112942322488,0.11834573745727539,0.007985104836713327,0.334826335032449,-0.2602189108525646,0.4122806056203112,-0.012353511527180672,0.05966043099761009
1769860033.4911234,1417.0,5.682238911167689,5.250742132358198,1.4521892070770264,0.3887394860282659,-2.299175196469088,0.11991667747497559,0.01106477909325051,0.334832649447386,-0.27390820115529396,0.41994659682821583,-0.014857424423098564,0.06558715552091599
1769860033.5555968,1419.0,5.684899826311143,5.270329380843699,1.452672004699707,0.388966048666777,-2.299175196469088,0.11939465999603271,0.013750975730531257,0.33422213979830295,-0.2822634054961068,0.427329642585762,-0.014990204945206642,0.06671777367591858
1769860033.5995905,1421.0,5.687202773920769,5.2888997428219895,1.4550302028656006,0.38933266001240274,-4.644299436649388,0.11699223518371582,0.016077148238065907,0.333173046394818,-0.28584675121421727,0.4097257573784613,-0.014990204945206642,0.06671777367591858
1769860033.6660872,1421.0,5.687202773920769,5.2888997428219895,1.4577610492706299,0.3894871462845117,-6.691744774875291,0.11426138877868652,0.016077148238065907,0.33268963124077977,-0.28075487186168185,0.4033032354469598,-0.01602090522646904,0.06991089880466461
1769860033.7313557,1423.0,5.689250183641108,5.306878083071889,1.4577610492706299,0.389978961606331,-8.829352720900228,0.11421215534210205,0.018146273005618344,0.3312848823781395,-0.28785209741039475,0.41123542039314515,-0.016711266711354256,0.07172096520662308
1769860033.8126123,1424.0,5.690953983525062,5.323908324907247,1.4618239402770996,0.389978961606331,-10.991141496915125,0.11012279987335205,0.019869877018824384,0.33118212283965565,-0.2861990846563827,0.4106911095589629,-0.01684989221394062,0.07182253897190094
1769860033.8997648,1426.0,5.692419088253855,5.341993410739689,1.4707955121994019,0.39029187662911735,-12.658627550456982,0.10109436511993408,0.021355123581635695,0.3303383259153777,-0.2745002119597259,0.41626321911578573,-0.017025740817189217,0.07043185085058212
1769860033.9651742,1428.0,5.693402763716906,5.36100559218769,1.4838453531265259,0.3899433194263309,-13.7536592781101,0.08798277378082275,0.022358905262163914,0.3312362336476882,-0.2533682082297857,0.4153073526736975,-0.016755972057580948,0.06528224050998688
1769860034.0125816,1430.0,5.693898320854627,5.3808918809573285,1.5043370723724365,0.3899433194263309,-13.7536592781101,0.06742429733276367,0.02287422720295388,0.3313344925343774,-0.21617264375679554,0.40974484769815794,-0.015053648501634598,0.058617159724235535
1769860034.0710676,1432.0,5.693861682942322,5.40149512886294,1.5198688507080078,0.3894871462845117,-14.909445341342966,0.05182075500488281,0.02285659540294007,0.3325932549446917,-0.1859228382953202,0.40433746100014084,-0.015053648501634598,0.058617159724235535
1769860034.1285882,1432.0,5.693861682942322,5.40149512886294,1.5335444211959839,0.3894759181314356,-15.693783900218724,0.03814518451690674,0.02285659540294007,0.3327304265325663,-0.15929716052275214,0.40816903091203854,-0.012583006173372269,0.049895964562892914
1769860034.2021277,1434.0,5.6934246612753965,5.422043597342962,1.5335444211959839,0.38964582762540606,-15.693783900218724,0.038068413734436035,0.022436927514383368,0.33226310060258063,-0.15752947761753766,0.40507054293159994,-0.011926870793104172,0.046286266297101974
1769860034.271783,1436.0,5.692274196777008,5.4432766826383165,1.556017518043518,0.38964582762540606,-16.37781243210069,0.015513420104980469,0.02130259621836909,0.3322276218234212,-0.1094202936216064,0.4096530513062629,-0.009622421115636826,0.035309597849845886
1769860034.3308716,1439.0,5.690531056718423,5.46364992819486,1.583562970161438,0.38964582762540606,-16.086069235410605,-0.012201786041259766,0.01957287341822475,0.33223441443110613,-0.04824938979417496,0.41099220306128526,-0.009622421115636826,0.035309597849845886
1769860034.3972375,1439.0,5.690531056718423,5.46364992819486,1.5987818241119385,0.38964582762540606,-16.492710305604273,-0.027420639991760254,0.01957287341822475,0.3321973464452984,-0.017786949499327968,0.40849044328442274,-0.006622731685638428,0.015344750136137009
1769860034.4681032,1440.0,5.688368418555119,5.482624979118154,1.5987818241119385,0.38964582762540606,-16.397999651318088,-0.027480721473693848,0.017420425022530394,0.3322114741431919,-0.009695829416907702,0.4108471297583175,-0.0030946359038352966,0.005953598767518997
1769860034.560474,1442.0,5.685925099679563,5.500586859748757,1.6212388277053833,0.38964582762540606,-15.727703620738819,-0.05005061626434326,0.014984825163325975,0.3321976538183435,0.04415546559896448,0.4123342174770025,-0.0005655419081449509,-0.0026326626539230347
1769860034.6470945,1444.0,5.682689256280602,5.520582511652917,1.6431390047073364,0.3894759181314356,-14.51692899435853,-0.07205438613891602,0.011755540833990738,0.3326486774452916,0.09971056101325537,0.41892120261131915,0.0033246539533138275,-0.02097952738404274
1769860034.716449,1446.0,5.679243295805677,5.539098937164825,1.6609605550765991,0.3894759181314356,-12.38578013344945,-0.08997011184692383,0.008313903295217983,0.33266733346458155,0.14751488585558437,0.41627717446693663,0.004299478605389595,-0.028887372463941574
1769860034.7790534,1448.0,5.675966021405654,5.555186384790588,1.6768227815628052,0.3892640787375842,-10.652593949415124,-0.10591697692871094,0.005039136614281664,0.33322935875119897,0.1903798052454172,0.41147672634852783,0.007143590599298477,-0.04236575961112976
1769860034.8498523,1449.0,5.671996865949367,5.573182820825405,1.694349765777588,0.3892640787375842,-10.652593949415124,-0.12348282337188721,0.0010715389515754711,0.33327054075287355,0.23836448225965617,0.4066365926252582,0.01125742681324482,-0.05601517856121063
1769860034.9336023,1451.0,5.6678692478975785,5.591072099154138,1.7086715698242188,0.3892640787375842,-9.025774216385475,-0.13787519931793213,-0.003055704824599018,0.333259717314772,0.27999532877592437,0.41130124685329633,0.01125742681324482,-0.05601517856121063
1769860034.9979448,1453.0,5.6637910097651245,5.608266311268413,1.7217683792114258,0.3894185650096931,-6.269321017600288,-0.15103328227996826,-0.0071345604836014044,0.3328328928256922,0.3184978348171104,0.4164812187745087,0.016772596165537834,-0.0759672299027443
1769860035.071267,1455.0,5.659900687640672,5.62465413135687,1.7326408624649048,0.3894339882315546,-2.764486399287813,-0.1619575023651123,-0.011026251176168483,0.33275829981771504,0.35158660688950755,0.4076413867156812,0.020275449380278587,-0.08781635761260986
1769860035.184028,1456.0,5.655682050846114,5.64285451607156,1.7380660772323608,0.3894339882315546,-0.5555301044676012,-0.16740500926971436,-0.015247171687945878,0.332765395973381,0.375374329218626,0.412648444294681,0.020275449380278587,-0.08781635761260986
1769860035.2503622,1458.0,5.651847146369394,5.660460492169348,1.7420815229415894,0.3894339882315546,-0.5555301044676012,-0.17145812511444092,-0.019084920634503948,0.3327860399997354,0.39521896696595704,0.42577620761279134,0.02590194158256054,-0.10362216830253601
1769860035.319552,1460.0,5.648146402597268,5.678221022396961,1.7427674531936646,0.3894339882315546,2.52992182125576,-0.17217230796813965,-0.022789034323866145,0.3328110062307204,0.4085517077510588,0.4068322198500002,0.02750324085354805,-0.10856332629919052
1769860035.4020734,1462.0,5.6449971883012395,5.694335290373531,1.7431498765945435,0.3894339882315546,5.712994318941222,-0.17257356643676758,-0.02594163042191422,0.3328449329145896,0.41950848302239696,0.41157061917828397,0.02750324085354805,-0.10856332629919052
1769860035.4675155,1463.0,5.642049007408021,5.710734411311659,1.7406201362609863,0.3894339882315546,8.451980374879067,-0.170049786567688,-0.028893463990095417,0.33287655550760703,0.4246767155548208,0.416341305571841,0.028190260753035545,-0.11406859755516052
1769860035.5724373,1463.0,5.642049007408021,5.710734411311659,1.733696699142456,0.3894339882315546,10.907959345084977,-0.16312634944915771,-0.028893463990095417,0.33289276395433975,0.4218045802130393,0.40910617540885186,0.029926519840955734,-0.11681145429611206
1769860035.6219332,1466.0,5.637521241122438,5.741855220528401,1.7244614362716675,0.3895047526849972,13.657278819299282,-0.1538945436477661,-0.033428376992325655,0.33269745156153596,0.41131477042337444,0.4227317912781738,0.029926519840955734,-0.11681145429611206
1769860035.674997,1466.0,5.637521241122438,5.741855220528401,1.7165411710739136,0.3895047526849972,16.042550622238355,-0.1459742784500122,-0.033428376992325655,0.3327919767953051,0.39753065297685086,0.40516626475366735,0.029805082827806473,-0.11455699056386948
1769860035.7221062,1468.0,5.636024723160206,5.755586222731639,1.7165411710739136,0.3895047526849972,16.042550622238355,-0.1459648609161377,-0.03492798910070807,0.33277190533588463,0.40238046137122,0.40552036221802523,0.030270611867308617,-0.11545636504888535
1769860035.777314,1469.0,5.634923135228159,5.7699180324669,1.7045015096664429,0.3895443352049546,20.144428708093976,-0.133916974067688,-0.0360326742801457,0.33269600181635295,0.3848460203035547,0.40440145856182386,0.030270611867308617,-0.11545636504888535
1769860035.839481,1469.0,5.634923135228159,5.7699180324669,1.6918624639511108,0.3893878370426842,21.50736480178157,-0.12127792835235596,-0.0360326742801457,0.3330114682733097,0.36907768981863126,0.4068564922088394,0.029435845091938972,-0.11216963082551956
1769860035.8827984,1471.0,5.634216533895315,5.783201345781888,1.6918624639511108,0.3893878370426842,21.50736480178157,-0.12125444412231445,-0.03674196575125703,0.3331689629669708,0.3645140755865878,0.40903758247745203,0.029094021767377853,-0.1072424054145813
1769860035.9407,1472.0,5.634020829533949,5.794467627517319,1.6819432973861694,0.3893878370426842,23.40828856699791,-0.111319899559021,-0.0369397734162573,0.33319417952858005,0.3524869552334767,0.40294803202549173,0.029094021767377853,-0.1072424054145813
1769860036.0372841,1472.0,5.634020829533949,5.794467627517319,1.666813850402832,0.3893878370426842,24.036065547118895,-0.0961904525756836,-0.0369397734162573,0.3331976659702054,0.34465875275657876,0.4078518779683756,0.026006421074271202,-0.09316085278987885
1769860036.1262305,1474.0,5.634926406809416,5.816680373628284,1.6480921506881714,0.3893878370426842,24.33218345876899,-0.0774310827255249,-0.03603772638922408,0.33324443108158774,0.2826272702203364,0.4206864692994932,0.0225767083466053,-0.0829026997089386
1769860036.1695592,1475.0,5.6363330749779825,5.829241196259259,1.6156171560287476,0.3893878370426842,24.167622225494547,-0.04493379592895508,-0.03463261311275103,0.3332484133404274,0.21592609506108534,0.4137023229961354,0.0225767083466053,-0.0829026997089386
1769860036.2275193,1475.0,5.6363330749779825,5.829241196259259,1.6156171560287476,0.3893878370426842,24.167622225494547,-0.04493379592895508,-0.03463261311275103,0.33318708015465176,0.2149780125537268,0.4029031783856751,0.020541952922940254,-0.07283150404691696
1769860036.2805517,1477.0,5.638363253660719,5.843304370287381,1.5847312211990356,0.3893878370426842,22.77682864265329,-0.013996124267578125,-0.0326037248312197,0.33324589645809116,0.14834578345789146,0.4068942141626258,0.014808772131800652,-0.051934316754341125
1769860036.355493,1477.0,5.638363253660719,5.843304370287381,1.5566779375076294,0.3893878370426842,23.05470219509776,0.014057159423828125,-0.0326037248312197,0.33318053993705243,0.09279820693995602,0.4044641567026786,0.014808772131800652,-0.051934316754341125
1769860036.4348578,1478.0,5.641058966914229,5.859016190123279,1.5278242826461792,0.3893878370426842,22.050052725799674,0.04294025897979736,-0.02990881257546734,0.33322437337703914,0.02555635734014769,0.41317995357595616,0.013849318027496338,-0.046231064945459366
1769860036.5090954,1480.0,5.644835812364453,5.877677929890439,1.4902679920196533,0.38889026878198973,21.146593939046085,0.08031737804412842,-0.026133164184873856,0.33436728666861315,-0.06300810146096984,0.4131323721929296,0.0102650485932827,-0.031022660434246063
1769860036.5849664,1482.0,5.649030858950889,5.896324903300067,1.463618278503418,0.38758483109649444,20.88511810422416,0.10659217834472656,-0.02194543546963167,0.33803368396237277,-0.13051954252647385,0.4097324113755977,0.006492139771580696,-0.01021622121334076
1769860036.674751,1484.0,5.653412318751473,5.913951622714528,1.4426801204681396,0.38426932563620075,20.196014868295,0.1272181272506714,-0.01757647898258941,0.34741365603522123,-0.1866572414008602,0.4090776172396356,0.0016523078083992004,0.003601331263780594
1769860036.7335982,1485.0,5.657980290169412,5.9309629484325255,1.4262794256210327,0.38295208629337274,19.74749190519489,0.1434861421585083,-0.01302490071290602,0.3518020179731424,-0.2341828137282467,0.41354741712586063,-0.0025826487690210342,0.02509373426437378
1769860036.7763164,1487.0,5.662637820709581,5.947095212674211,1.4262794256210327,0.3826195950252878,19.74749190519489,0.14326763153076172,-0.008386131136522718,0.35301400251895093,-0.24985043052719516,0.4025535932315691,-0.006909813731908798,0.04609948769211769
1769860036.8345985,1488.0,5.666698439315769,5.960282956436385,1.412827968597412,0.3826195950252878,14.017913953886659,0.1566333770751953,-0.004342704744869238,0.35308593483529876,-0.2893748106273632,0.3965643000394051,-0.006909813731908798,0.04609948769211769
1769860036.8800986,1488.0,5.666698439315769,5.960282956436385,1.3914241790771484,0.3826195950252878,12.317332807438975,0.17803716659545898,-0.004342704744869238,0.3530790596932792,-0.32900819122633046,0.40221498852973625,-0.010441862046718597,0.060334693640470505
1769860036.936341,1490.0,5.670823635707926,5.973011935098874,1.3914241790771484,0.3826195950252878,12.317332807438975,0.17791259288787842,-0.00023532224286300382,0.3530853056553544,-0.34237654495519376,0.3975627590417449,-0.012203393504023552,0.06546224653720856
1769860036.995514,1491.0,5.674793452341893,5.98508119198757,1.3830559253692627,0.3826195950252878,6.587754856130743,0.18624210357666016,0.0037167954715520437,0.3530923181002057,-0.3708206796408323,0.4015488205365383,-0.012203393504023552,0.06546224653720856
1769860037.0560367,1491.0,5.674793452341893,5.98508119198757,1.371106505393982,0.3826195950252878,1.4642714153186454,0.19819152355194092,0.0037167954715520437,0.35311272427490553,-0.39201855624484994,0.4023272281660397,-0.015298359096050262,0.07628083974123001
1769860037.115642,1492.0,5.678737072100675,5.997196072995154,1.371106505393982,0.3826195950252878,-3.6100982888456485,0.19816839694976807,0.007642142300073286,0.35310693881711913,-0.4047363108173305,0.4027012859942019,-0.01872231625020504,0.08963946998119354
1769860037.1855235,1493.0,5.682664401593154,6.010318111137886,1.3634058237075806,0.3826195950252878,-3.6100982888456485,0.20586156845092773,0.011549430120172725,0.353125421960204,-0.4309362790413278,0.4027158078225035,-0.023568840697407722,0.10429919511079788
1769860037.2370474,1495.0,5.686464509443707,6.024120527872823,1.3622175455093384,0.3826195950252878,-9.339676240153882,0.20708179473876953,0.015328558955654888,0.35315332728869314,-0.44495631190556995,0.40669829221192744,-0.024528853595256805,0.10770430415868759
1769860037.2878747,1495.0,5.686464509443707,6.024120527872823,1.3659653663635254,0.3826195950252878,-13.417686861126851,0.20333397388458252,0.015328558955654888,0.35320500821175765,-0.4384990576295491,0.3995109854853392,-0.024528853595256805,0.10770430415868759
1769860037.3525763,1496.0,5.689807600519114,6.038228696002749,1.3659653663635254,0.3826195950252878,-13.417686861126851,0.20337343215942383,0.01865073748773897,0.3531831024868213,-0.4491525188213107,0.39980659355528947,-0.02506096661090851,0.11014951020479202
1769860037.4167566,1498.0,5.692771881165179,6.053410019180459,1.3749618530273438,0.3826195950252878,-16.579955346345354,0.19450271129608154,0.021593617183097463,0.35321900559047786,-0.4433280028873028,0.4006191528491571,-0.025129782035946846,0.11109261959791183
1769860037.481607,1499.0,5.695096046160441,6.068850500308488,1.3884121179580688,0.38152379467254804,-18.850780782501857,0.18113887310028076,0.02389774220776465,0.35624360272269223,-0.42778571561790346,0.4014571268486101,-0.025129782035946846,0.11109261959791183
1769860037.553063,1499.0,5.695096046160441,6.068850500308488,1.4087265729904175,0.3811586526575258,-19.6167310302037,0.16082441806793213,0.02389774220776465,0.35656203783236357,-0.4193309443560842,0.39656783414259034,-0.02579125575721264,0.10859118402004242
1769860037.619872,1501.0,5.696646662241214,6.08396269742248,1.422107219696045,0.3811586526575258,-21.246459899592463,0.14766347408294678,0.02543098245550686,0.35757865389383814,-0.37445433918501314,0.4059509365746919,-0.025455668568611145,0.10237656533718109
1769860037.6861534,1502.0,5.6976664847141105,6.097957842163439,1.422107219696045,0.3811586526575258,-22.461008763641782,0.14779675006866455,0.02643716325971864,0.3576617823499218,-0.37742478010983416,0.4038454206816442,-0.025032352656126022,0.0985347181558609
1769860037.753365,1503.0,5.698148044544461,6.110397780711109,1.429835557937622,0.3811586526575258,-24.690830028140038,0.14021742343902588,0.026908932500581573,0.35767423289223255,-0.36547067007952266,0.40389362398673817,-0.024142106994986534,0.09610781818628311
1769860037.8251255,1504.0,5.6981914628789045,6.12176528209862,1.443081021308899,0.3811586526575258,-24.690830028140038,0.12713658809661865,0.026945593856533587,0.35768363794157393,-0.3420513488351054,0.4041752994910483,-0.021525321528315544,0.08809977769851685
1769860037.8829498,1506.0,5.697656287398277,6.134052616491862,1.4681646823883057,0.3811586526575258,-25.49411873989582,0.10242915153503418,0.02640574087522196,0.3576892327264045,-0.2951109090503595,0.4035422014637556,-0.021321695297956467,0.0837988331913948
1769860037.9515133,1506.0,5.697656287398277,6.134052616491862,1.5096561908721924,0.3811586526575258,-25.124145322637023,0.06093764305114746,0.02640574087522196,0.3576844776658227,-0.2684300935359951,0.40096418690480473,-0.021321695297956467,0.0837988331913948
1769860038.017637,1507.0,5.696428257450105,6.147332886459923,1.5417418479919434,0.3809072953338504,-25.734543686131374,0.02906358242034912,0.02517604923117542,0.3583698365579074,-0.15227719747220736,0.40459165439656475,-0.01736326329410076,0.07097554951906204
1769860038.0768244,1509.0,5.694550573528557,6.162564296286115,1.571359634399414,0.3787387502626084,-25.400823505406024,-8.416175842285156e-05,0.023301266062591173,0.3643262832713424,-0.08612867073449683,0.40082970719232414,-0.011995885521173477,0.04797239601612091
1769860038.1256845,1510.0,5.692026330160312,6.179434222107072,1.571359634399414,0.3787387502626084,-25.400823505406024,0.00017440319061279297,0.02078687279047259,0.3648499509913311,-0.0769327947576094,0.3983437079038581,-0.008872497826814651,0.03191535174846649
1769860038.1967723,1512.0,5.688919798937404,6.1969007266887175,1.5958672761917114,0.3787387502626084,-24.02589333083879,-0.023769378662109375,0.01769867145564658,0.3648107849194091,-0.01817825783235512,0.39548543064828934,-0.008872497826814651,0.03191535174846649
1769860038.2487245,1512.0,5.688919798937404,6.1969007266887175,1.6154189109802246,0.3741109435333564,-21.454653255661455,-0.04332101345062256,0.01769867145564658,0.37733864154184854,0.020839329607757764,0.3987317198786191,-0.005590187385678291,0.011273480951786041
1769860038.3382468,1514.0,5.68564994685905,6.212654477157197,1.6154189109802246,0.37101016952483573,-21.624846983946636,-0.04269444942474365,0.014453134317687515,0.3869624706278796,0.03157535672477168,0.39013879034252136,-0.0018923170864582062,0.00041020289063453674
1769860038.4268606,1515.0,5.68224419585975,6.226938998675019,1.656147837638855,0.37101016952483573,-20.93992693137478,-0.08308660984039307,0.0110763490904638,0.38777346502120064,0.12423874643734398,0.4047203479866163,0.0007449202239513397,-0.011521048843860626
1769860038.4759626,1516.0,5.67878379037745,6.240420136919795,1.680304765701294,0.37101016952483573,-19.598098665008607,-0.10689115524291992,0.007649745312917583,0.38771588370463306,0.18309879263730985,0.4045288934920824,0.004725515842437744,-0.027504485100507736
1769860038.5676296,1518.0,5.675078700361989,6.253804120021259,1.680304765701294,0.3700954160746544,-15.37991145391444,-0.1061394214630127,0.003984814756910123,0.3901515367337409,0.19444623587296683,0.3859263835097081,0.005612147971987724,-0.0374474860727787
1769860038.6496396,1519.0,5.67101152497756,6.2678211699223105,1.704903483390808,0.3700954160746544,-9.650333502606209,-0.13033878803253174,-3.283386166504572e-05,0.3903885544140867,0.2555629084322419,0.3991082861655023,0.011615343391895294,-0.05947647988796234
1769860038.7125113,1521.0,5.666549410018657,6.282706848054234,1.7283341884613037,0.3700954160746544,-9.650333502606209,-0.1529238224029541,-0.00443350481652114,0.39034670343238975,0.31313467628046304,0.39843686961330327,0.018106920644640923,-0.07985023409128189
1769860038.7722871,1522.0,5.662305716210229,6.29667622919309,1.7392950057983398,0.3700954160746544,-4.934809328158597,-0.16290628910064697,-0.008607942923367464,0.39040491353297585,0.345185615620385,0.3905720379237429,0.022434579208493233,-0.09315340965986252
1769860038.863913,1522.0,5.662305716210229,6.29667622919309,1.7472758293151855,0.3700954160746544,-4.407924445757204,-0.17088711261749268,-0.008607942923367464,0.3905374323810473,0.3594507849738364,0.391565317343308,0.02372797764837742,-0.09919460117816925
1769860038.9067633,1525.0,5.653714621948287,6.326853055955451,1.7549800872802734,0.3700954160746544,-1.0415374526945804,-0.1759796142578125,-0.016987607128575777,0.3904159427118463,0.39659815180019364,0.4045307898402503,0.02372797764837742,-0.09919460117816925
1769860038.9567852,1525.0,5.653714621948287,6.326853055955451,1.7549800872802734,0.3700954160746544,-1.0415374526945804,-0.1759796142578125,-0.016987607128575777,0.39069663301974183,0.39629137609036275,0.3849916716057869,0.024852018803358078,-0.10632072389125824
1769860039.0079768,1527.0,5.649883563131473,6.341895376771596,1.7597800493240356,0.3700954160746544,1.8091346769494394,-0.17930757999420166,-0.02068497226811265,0.39062781034870814,0.41427649032288477,0.3887298247407432,0.02664552442729473,-0.11071254312992096
1769860039.0595574,1527.0,5.649883563131473,6.341895376771596,1.760001301765442,0.3700954160746544,7.118355822855802,-0.1795288324356079,-0.02068497226811265,0.3907668982255037,0.41461479074357366,0.3886686348405435,0.02664552442729473,-0.11071254312992096
1769860039.1237066,1528.0,5.646600181552527,6.356142518904575,1.760001301765442,0.37101016952483573,10.490788052058887,-0.17887365818023682,-0.02382670474665487,0.3882468738290835,0.42365942749336,0.39012813715099964,0.02899911068379879,-0.11916347593069077
1769860039.1971447,1530.0,5.643443587554034,6.371198804306984,1.7587414979934692,0.37101016952483573,11.140948657726305,-0.17646503448486328,-0.026819566092856045,0.38805374444103946,0.42915043176670264,0.3948662510115668,0.02914041467010975,-0.12240079790353775
1769860039.2532518,1531.0,5.640666707372531,6.386192578977377,1.751983404159546,0.371364249781968,11.140948657726305,-0.16921329498291016,-0.02942095304291022,0.3871767777407375,0.4250255737763655,0.3985698011103821,0.03007957711815834,-0.12472668290138245
1769860039.3073683,1533.0,5.638709241756023,6.39975461397603,1.740096926689148,0.371364249781968,16.87052660903454,-0.1565011739730835,-0.03121060784932273,0.38715046521387253,0.408796635467658,0.39017817712788355,0.03007957711815834,-0.12472668290138245
1769860039.3568594,1533.0,5.638709241756023,6.39975461397603,1.7295575141906738,0.371364249781968,19.777678923673164,-0.14596176147460938,-0.03121060784932273,0.3872157351529154,0.3902933242559589,0.39139322607663585,0.029946360737085342,-0.11926696449518204
1769860039.405903,1534.0,5.637136111670745,6.413338723485678,1.7295575141906738,0.371364249781968,19.777678923673164,-0.1456296443939209,-0.03260847601678072,0.38718865784874434,0.39419928018787215,0.3895623670536327,0.03073594905436039,-0.11878114193677902
1769860039.5063264,1534.0,5.637136111670745,6.413338723485678,1.7198307514190674,0.371364249781968,22.72340026083985,-0.13590288162231445,-0.03260847601678072,0.38719191195447356,0.3932102223076119,0.3893519523452484,0.031097937375307083,-0.1185150220990181
1769860039.5635207,1537.0,5.63559409828343,6.442659688101605,1.6924082040786743,0.371364249781968,22.705823307409407,-0.10780715942382812,-0.033754465861309924,0.38723094405683867,0.3497253934240777,0.40910794432847797,0.02906186692416668,-0.10618811100721359
1769860039.6234004,1537.0,5.63559409828343,6.442659688101605,1.6662782430648804,0.371364249781968,23.73629444699359,-0.08167719841003418,-0.033754465861309924,0.38725645779659207,0.30283591864382164,0.3925664352218017,0.02906186692416668,-0.10618811100721359
1769860039.7193058,1539.0,5.635698591898794,6.457910224098626,1.6456644535064697,0.371364249781968,23.75567763330656,-0.06088387966156006,-0.033438136820067986,0.3872844065328366,0.24202100912516167,0.3935219788715329,0.027217211201786995,-0.09566667675971985
1769860039.8160515,1540.0,5.63658819416508,6.473387292959522,1.6171228885650635,0.37106175932203755,24.273897146298243,-0.0323333740234375,-0.03233214510481777,0.38809183112582085,0.1829757839855979,0.4071150424485948,0.02564571239054203,-0.09127091616392136
1769860039.8763337,1543.0,5.639543236772797,6.502630611327431,1.6052144765853882,0.37106175932203755,24.588508516449075,-0.0207211971282959,-0.02897161244834765,0.38818346756853955,0.14766669329334184,0.40771670928461967,0.022378504276275635,-0.07875311374664307
1769860039.9286926,1543.0,5.639543236772797,6.502630611327431,1.5859025716781616,0.3708233075218173,24.35217156251194,-0.001409292221069336,-0.02897161244834765,0.3886949319548775,0.10966812728041378,0.3914700938944682,0.01748473197221756,-0.061252228915691376
1769860039.9969356,1544.0,5.641374612804888,6.515157792039962,1.5859025716781616,0.3708233075218173,24.35217156251194,-0.0016156435012817383,-0.02697066651860987,0.38878349007224977,0.10257330031859917,0.38905782256496224,0.01278604380786419,-0.04370208829641342
1769860040.0466566,1546.0,5.643555061257143,6.527572227733815,1.5644633769989014,0.36923415842070884,22.362160251997366,0.0192490816116333,-0.024626176258546777,0.3930541234476094,0.05277549435882137,0.39389019150839316,0.01278604380786419,-0.04370208829641342
1769860040.0980868,1546.0,5.643555061257143,6.527572227733815,1.542174220085144,0.36811229095471465,22.585955041860082,0.041538238525390625,-0.024626176258546777,0.39646138053113333,0.008373662171493088,0.3861746470173494,0.010901231318712234,-0.03437234088778496
1769860040.1525507,1547.0,5.645846588211333,6.538889164588282,1.542174220085144,0.36811229095471465,22.585955041860082,0.04117023944854736,-0.022189475097494596,0.3967939967753146,2.8463338832569046e-05,0.3869517337098964,0.009256869554519653,-0.02312333881855011
1769860040.2050483,1548.0,5.648189317468247,6.549645105269785,1.5248769521713257,0.3679320228211288,20.037789031751927,0.05804574489593506,-0.019713375815588328,0.39723422721708207,-0.042690038628822036,0.38755637694219974,0.009256869554519653,-0.02312333881855011
1769860040.263297,1548.0,5.648189317468247,6.549645105269785,1.5048104524612427,0.3679320228211288,17.35122002325814,0.07811224460601807,-0.019713375815588328,0.39723417896655483,-0.0825181710004147,0.38634695328970664,0.004860801622271538,-0.008508216589689255
1769860040.3154685,1549.0,5.651026598029292,6.5617888544224225,1.5048104524612427,0.3679320228211288,17.35122002325814,0.0776364803314209,-0.016731831022899626,0.39723842065959475,-0.09247464587864704,0.3900513143996716,0.004430918022990227,-0.0029033683240413666
1769860040.388617,1550.0,5.6539998553167035,6.573998862756167,1.4881962537765503,0.367429586287544,11.621642071949907,0.09294795989990234,-0.01362777227865349,0.3980646844555875,-0.1341708290114382,0.38618273042167706,0.00038118287920951843,0.009604595601558685
1769860040.441498,1552.0,5.657113327392954,6.586894551900455,1.4740980863571167,0.36739260910353505,8.460678300361266,0.10449719429016113,-0.010396917172100558,0.3983083013781839,-0.16842010841571026,0.3955348400625259,0.00038118287920951843,0.009604595601558685
1769860040.4795377,1552.0,5.657113327392954,6.586894551900455,1.4740980863571167,0.36739260910353505,8.460678300361266,0.10449719429016113,-0.010396917172100558,0.3983702733986648,-0.1682915188057449,0.3875041008507587,5.904771387577057e-05,0.014480102807283401
1769860040.5395467,1553.0,5.660293972011191,6.600660740576283,1.4553635120391846,0.36739260910353505,5.877017198983634,0.1219855546951294,-0.007114088197953866,0.39832071987766593,-0.21415423867617195,0.3815626441350794,5.904771387577057e-05,0.014480102807283401
1769860040.5928957,1553.0,5.660293972011191,6.600660740576283,1.4497357606887817,0.36739260910353505,3.023813088476949,0.12761330604553223,-0.007114088197953866,0.39838648675050875,-0.22466916969200937,0.39016576585368684,-0.002677563577890396,0.024071093648672104
1769860040.657706,1554.0,5.663597029380839,6.61550599392446,1.4497357606887817,0.36739260910353505,0.00163082918595725,0.12638592720031738,-0.0037270780984725626,0.39832848557922934,-0.2343180865398489,0.3878402704799108,-0.005877409130334854,0.04007187485694885
1769860040.7106926,1556.0,5.6664932740339555,6.6296810921110465,1.4445208311080933,0.36739260910353505,0.00163082918595725,0.12920260429382324,-0.0007755685809156534,0.3983563190891749,-0.25010306170579133,0.39256036940609745,-0.006350301206111908,0.04421371966600418
1769860040.7885604,1557.0,5.669184420592757,6.644323004729367,1.442152500152588,0.36739260910353505,-2.4459590406819545,0.13040006160736084,0.0019476744364781817,0.3983789820932842,-0.2619017512365539,0.3865942430711551,-0.007816266268491745,0.04725535213947296
1769860040.848538,1559.0,5.671607550939876,6.659620230039613,1.4422656297683716,0.36739260910353505,-4.727942931462584,0.12800168991088867,0.004377823066393734,0.398405698595993,-0.2658533220180468,0.39848851324965123,-0.007816266268491745,0.04725535213947296
1769860040.929967,1559.0,5.671607550939876,6.659620230039613,1.4448819160461426,0.3678400279257724,-5.298406920813328,0.12538540363311768,0.004377823066393734,0.39727574822203715,-0.26092380958153766,0.38840764525237115,-0.009119467809796333,0.05173398554325104
1769860041.012432,1560.0,5.673555485003587,6.6734815927671765,1.4477527141571045,0.3679320228211288,-7.6874222361268325,0.12140023708343506,0.006309256624614612,0.39685321595246625,-0.2601582141125396,0.39598885516479887,-0.01018587127327919,0.05287543684244156
1769860041.1030715,1562.0,5.6752386671250425,6.6874331925077,1.4528387784957886,0.3679320228211288,-9.649761397355956,0.11414206027984619,0.007954402078329493,0.3968557400751642,-0.2522155493543371,0.3997280444936253,-0.010240042582154274,0.05322190374135971
1769860041.1531262,1565.0,5.677913043982674,6.716697115044653,1.4620959758758545,0.368304517375975,-9.642393755415707,0.101767897605896,0.0104814133798818,0.39585489553623,-0.23764401615022193,0.4025977520634136,-0.010056795552372932,0.05355430766940117
1769860041.2244241,1565.0,5.677913043982674,6.716697115044653,1.472303867340088,0.3694640375085103,-12.270134040981954,0.0915600061416626,0.0104814133798818,0.3927091075386191,-0.2181744678282257,0.38684703776013846,-0.010828714817762375,0.0522342175245285
1769860041.2941432,1566.0,5.67869865607502,6.730173420015795,1.472303867340088,0.3703283210524725,-12.872595210060647,0.09055864810943604,0.01116941762953688,0.3900268934001389,-0.21863380694174545,0.39556422632746047,-0.009118974208831787,0.04744485765695572
1769860041.351797,1568.0,5.679272994623538,6.7459412195683495,1.4844073057174683,0.37185449971420204,-14.329849879041843,0.07650911808013916,0.011606598741169542,0.38568789034372497,-0.19325399581197622,0.39761086382648536,-0.00889931246638298,0.04599158093333244
1769860041.42345,1569.0,5.679562226445651,6.761395295039302,1.4955042600631714,0.37185449971420204,-14.329849879041843,0.0644674301147461,0.011738079417794903,0.3852556177083256,-0.17035553666980105,0.3928545527911933,-0.008066980168223381,0.04145931452512741
1769860041.4832816,1571.0,5.679521108166537,6.7773571054638095,1.5085721015930176,0.37253107689727116,-15.005864992939728,0.04956650733947754,0.011510552420803254,0.38345086324898026,-0.14048278908635947,0.3961198237278216,-0.008066980168223381,0.04145931452512741
1769860041.5700672,1572.0,5.678989801398207,6.793969312409949,1.5254238843917847,0.37253107689727116,-15.232273321166483,0.03182637691497803,0.010760767192998712,0.3832586997410314,-0.10291040869029347,0.3938523859780563,-0.007407467812299728,0.036763716489076614
1769860041.6582336,1572.0,5.678989801398207,6.793969312409949,1.5455148220062256,0.37253107689727116,-14.949833063497259,0.01173543930053711,0.010760767192998712,0.38323897843297877,-0.06316193336676242,0.3983949091212049,-0.00727732852101326,0.032712798565626144
1769860041.713087,1574.0,5.677905485821527,6.812835863614238,1.5455148220062256,0.37253107689727116,-14.949833063497259,0.010015487670898438,0.00939916892110137,0.3832591969037346,-0.05463316099263922,0.4050539372191667,-0.0041629858314991,0.017099954187870026
1769860041.7713985,1576.0,5.676565992083812,6.829764909496267,1.566849946975708,0.37253107689727116,-14.450886505577031,-0.012964248657226562,0.007785503646247956,0.3832461410830312,-0.0031176398078268594,0.3919408951349148,-0.0041629858314991,0.017099954187870026
1769860041.8234606,1576.0,5.676565992083812,6.829764909496267,1.5773060321807861,0.37269553116019605,-13.61599915194649,-0.023420333862304688,0.007785503646247956,0.38275785914057087,0.017740428427772088,0.3940568725573921,-0.0019443370401859283,0.00684066116809845
1769860041.8870196,1578.0,5.674928154693798,6.84692781037249,1.5773060321807861,0.37269553116019605,-13.61599915194649,-0.024989724159240723,0.00584621604374243,0.3827389055464132,0.028013244511925602,0.39209362160007355,0.0005264952778816223,-9.847432374954224e-05
1769860041.9408748,1579.0,5.672979200615831,6.86419275892978,1.592936396598816,0.37342157095238593,-12.526794396640055,-0.041376471519470215,0.003571151804226794,0.38076601853911596,0.0689464555631963,0.3950537590402424,0.0005264952778816223,-9.847432374954224e-05
1769860041.996317,1579.0,5.672979200615831,6.86419275892978,1.6053354740142822,0.37351117210178886,-11.072638334065124,-0.05377554893493652,0.003571151804226794,0.38026805467785313,0.09344836797069982,0.39282555776107736,0.0011513251811265945,-0.00494588166475296
1769860042.0612807,1581.0,5.6711002518408025,6.879102870333412,1.6053354740142822,0.37351117210178886,-11.072638334065124,-0.05523180961608887,0.0013928758632472977,0.38027457930826475,0.10427307698251498,0.3936045160964148,0.0016245115548372269,-0.011729065328836441
1769860042.1215158,1582.0,5.66920439682289,6.892923973385743,1.6201988458633423,0.3735743731528194,-8.0490709088749,-0.07079505920410156,-0.0007945032423354291,0.38008697099132344,0.1429424161522993,0.39715781246780657,0.0016245115548372269,-0.011729065328836441
1769860042.1768472,1582.0,5.66920439682289,6.892923973385743,1.628190040588379,0.37376347643690355,-5.896332085920245,-0.07878625392913818,-0.0007945032423354291,0.3795259723647265,0.15845017227207547,0.3956482498401161,0.004732459783554077,-0.023224283009767532
1769860042.2269416,1584.0,5.667161861821433,6.90713588891907,1.628190040588379,0.37376347643690355,-5.896332085920245,-0.08012938499450684,-0.003150374400805118,0.37949369143929623,0.16957100819988594,0.39362591645093076,0.006209695711731911,-0.03065677359700203
1769860042.2867444,1585.0,5.665111303301203,6.921749794004489,1.6376837491989136,0.37376347643690355,-3.1302495463369864,-0.09026646614074707,-0.00553694507678497,0.37948202823805394,0.19788262084770117,0.39175019990229415,0.006209695711731911,-0.03065677359700203
1769860042.3425052,1585.0,5.665111303301203,6.921749794004489,1.6455528736114502,0.37376347643690355,-0.17862760303045588,-0.09813559055328369,-0.00553694507678497,0.37946045926778765,0.2129600340868547,0.39527227680715826,0.006882615387439728,-0.03289485350251198
1769860042.3941214,1587.0,5.662963156784938,6.938105963340611,1.6455528736114502,0.37376347643690355,-0.17862760303045588,-0.09936583042144775,-0.008077080069553436,0.3794749751435356,0.22434468332606375,0.39364266973416173,0.008735982701182365,-0.03985409438610077
1769860042.452117,1589.0,5.660842438006534,6.955371005836322,1.648361086845398,0.37376347643690355,1.6050406810013527,-0.10332882404327393,-0.010628930216895885,0.37946665921240935,0.24097260350860128,0.3925386578384079,0.011992242187261581,-0.05130390077829361
1769860042.5191026,1589.0,5.660842438006534,6.955371005836322,1.6482576131820679,0.3738380053720319,3.9503409161574234,-0.10322535037994385,-0.010628930216895885,0.37925845149836,0.2407318382372212,0.39206071323298164,0.011992242187261581,-0.05130390077829361
1769860042.5771475,1590.0,5.658965651262898,6.972962825466482,1.6467410326004028,0.3742093889946201,5.354197087106601,-0.10225796699523926,-0.012962416686297574,0.37823862424643845,0.24713153051908865,0.39833374521770504,0.0138099305331707,-0.05555909126996994
1769860042.648669,1592.0,5.657358933704844,6.990197230521434,1.6467410326004028,0.3747536829421756,5.974407227940838,-0.10329973697662354,-0.015032614103606793,0.37666147033496117,0.2564044581385051,0.39516835056446425,0.013616696000099182,-0.05619434267282486
1769860042.6979272,1594.0,5.656036076929947,7.007113317737996,1.6431769132614136,0.3747536829421756,5.974407227940838,-0.10070204734802246,-0.016824935449905532,0.3765139065164994,0.25778055277434964,0.400788621214997,0.013879043981432915,-0.057094331830739975
1769860042.7530246,1595.0,5.655222258541539,7.021331690272644,1.639373779296875,0.3747536829421756,9.078526134310748,-0.09735381603240967,-0.01804387831332347,0.3765237964997888,0.25573968667254654,0.3924132004029133,0.013879043981432915,-0.057094331830739975
1769860042.838327,1595.0,5.655222258541539,7.021331690272644,1.6349899768829346,0.3747536829421756,9.715703097631739,-0.09297001361846924,-0.01804387831332347,0.3765250689418672,0.25434679478532074,0.39213874167333834,0.013842321932315826,-0.05458805337548256
1769860042.8984969,1596.0,5.6546528756194885,7.034666372998656,1.6265984773635864,0.37520586110223014,11.337839013560753,-0.0850147008895874,-0.019001422455983043,0.3753064030632948,0.23575787767682377,0.40314546026292414,0.013842321932315826,-0.05458805337548256
1769860042.9563975,1598.0,5.654426433628953,7.047006109401066,1.6265984773635864,0.37520586110223014,12.201711158138924,-0.08583033084869385,-0.019593819406167383,0.37518165481076216,0.23935541886849854,0.3967168637260009,0.012564577162265778,-0.05149407684803009
1769860043.0478318,1599.0,5.654443511523449,7.059851427876834,1.6185545921325684,0.37520586110223014,13.806713159322227,-0.07816600799560547,-0.019964183770075077,0.37519142205811973,0.22608140798246879,0.3959975986117752,0.01210266537964344,-0.04784223064780235
1769860043.101022,1600.0,5.65476222020059,7.073378410029131,1.6042792797088623,0.3746372284729572,13.806713159322227,-0.06425154209136963,-0.020060227643472036,0.3762707048582421,0.20767590384962523,0.40826723728579806,0.01091897115111351,-0.04127993807196617
1769860043.1793346,1602.0,5.655403682020552,7.087861874656508,1.5911898612976074,0.3746372284729572,13.792918325418826,-0.051827073097229004,-0.019869991864960537,0.37684613201632966,0.17510826551323735,0.39396433216028287,0.01091897115111351,-0.04127993807196617
1769860043.241914,1602.0,5.655403682020552,7.087861874656508,1.5797088146209717,0.37520586110223014,14.159593683352279,-0.04034602642059326,-0.019869991864960537,0.37535029474187365,0.1526510537830146,0.39737005874956677,0.008726608008146286,-0.03320012241601944
1769860043.3034046,1603.0,5.656326570192164,7.1026229673691805,1.5683690309524536,0.37520586110223014,14.690893299675134,-0.02931046485900879,-0.019413988393323107,0.37518950258642175,0.12938635419242545,0.39712047450892163,0.008811848238110542,-0.02722974121570587
1769860043.3593762,1605.0,5.657448176502979,7.116889824297625,1.5683690309524536,0.37520586110223014,14.690893299675134,-0.029862403869628906,-0.018749783948974134,0.37519162338253675,0.12799247202417166,0.3970338293093359,0.007021917030215263,-0.0205228291451931
1769860043.4314115,1606.0,5.658752959342503,7.130409244886948,1.5583983659744263,0.37530152085809,14.652804700334984,-0.020139455795288086,-0.01788353535202221,0.3749344544364716,0.10574943457806635,0.3953393048235752,0.00565832294523716,-0.011834666132926941
1769860043.52917,1607.0,5.660298673975323,7.143446853163189,1.5442836284637451,0.3753532603862641,14.572997873878935,-0.006253600120544434,-0.016765016779415474,0.3747660562405733,0.07424678639633123,0.4016354663524705,0.00565832294523716,-0.011834666132926941
1769860043.6229265,1609.0,5.661978585258226,7.155789146026601,1.5311000347137451,0.3753532603862641,13.714055304750957,0.006528735160827637,-0.01549299461148612,0.37474870177250924,0.04420634517232007,0.41069261091101833,0.0036693960428237915,-0.007274001836776733
1769860043.7103262,1610.0,5.664010339309926,7.1691649495692475,1.5167992115020752,0.37530152085809,12.953510503770742,0.02065718173980713,-0.013906667823025033,0.3748867242389539,0.01028227134600767,0.4090639963726799,0.00015733391046524048,0.004328172653913498
1769860043.7796216,1611.0,5.666269387637568,7.182995273321643,1.5022218227386475,0.37530152085809,11.898952797148212,0.03508114814758301,-0.012111372237105915,0.37489700101375545,-0.025030705487010654,0.40266800156415816,-0.0009183380752801895,0.011202480643987656
1769860043.8374221,1613.0,5.668830784223298,7.1976206965100955,1.4908695220947266,0.37530152085809,11.898952797148212,0.046182870864868164,-0.010043360757463855,0.37489393871503457,-0.054701609184368796,0.3991791216653304,-0.003492075949907303,0.024056073278188705
1769860043.8881145,1614.0,5.671493888257511,7.212095008237118,1.4758532047271729,0.37530152085809,10.032964571764724,0.06110227108001709,-0.007870946958223646,0.3748919442914174,-0.09225262275114832,0.3935993729354564,-0.003492075949907303,0.024056073278188705
1769860043.9493794,1614.0,5.671493888257511,7.212095008237118,1.4758532047271729,0.37530152085809,8.746261119991276,0.06110227108001709,-0.007870946958223646,0.3748813897358369,-0.09218526698460096,0.3910871378873265,-0.004336953163146973,0.03135540336370468
1769860044.0105674,1616.0,5.674063878636126,7.2256422363661015,1.4680900573730469,0.37530152085809,8.746261119991276,0.06872785091400146,-0.00576184328946752,0.37489111913987716,-0.11496224647946196,0.3945428385810301,-0.005121864378452301,0.03575614467263222
1769860044.0764046,1617.0,5.676467382710879,7.2380252531419655,1.4610193967819214,0.37530152085809,7.333428456431297,0.07575809955596924,-0.003780570026879704,0.37489139601890414,-0.13598653260661475,0.3945371324031359,-0.005121864378452301,0.03575614467263222
1769860044.1594095,1617.0,5.676467382710879,7.2380252531419655,1.4542731046676636,0.37530152085809,6.058996287218013,0.08250439167022705,-0.003780570026879704,0.37488891338950847,-0.1491682377004082,0.3967987781181656,-0.008323857560753822,0.049021534621715546
1769860044.230824,1618.0,5.678866892481509,7.250306656017107,1.447021722793579,0.3753532603862641,4.254027502919114,0.08973407745361328,-0.0018003310950080258,0.374754293937101,-0.17045498997947714,0.4028026929201883,-0.010537832975387573,0.05716145038604736
1769860044.3013823,1619.0,5.681195056332713,7.262532853830517,1.447021722793579,0.37556247667993126,2.532837006072462,0.08973133563995361,0.00011034722506152786,0.3741777352204224,-0.17728590458880256,0.40086858263673275,-0.012123478576540947,0.06227169185876846
1769860044.3616986,1621.0,5.683593581839133,7.275521463786093,1.4409018754959106,0.37556247667993126,2.532837006072462,0.09590208530426025,0.0020656446917393144,0.3741260051901403,-0.19629119513818225,0.4009879105296029,-0.013737369328737259,0.07074907422065735
1769860044.43204,1622.0,5.6861743931343955,7.289933095246923,1.4366300106048584,0.37608606870283456,-1.4341537826406623,0.1002277135848999,0.004155517063480914,0.3727178601315012,-0.21207510874664726,0.39709022808847816,-0.013737369328737259,0.07074907422065735
1769860044.4955463,1622.0,5.6861743931343955,7.289933095246923,1.4346872568130493,0.3768683023048792,-3.1341713388383936,0.10217046737670898,0.004155517063480914,0.37046186817668864,-0.21577117558014616,0.40187937867737417,-0.016148995608091354,0.0772164985537529
1769860044.5893815,1624.0,5.688667289980184,7.304508713864806,1.4346872568130493,0.3773368477339106,-5.285685932653356,0.10233438014984131,0.006153383802151768,0.3689795249102047,-0.22319117927628104,0.39953700227402966,-0.018162282183766365,0.08179628103971481
1769860044.657077,1625.0,5.6910063471891394,7.3194217882897785,1.439257264137268,0.3780875224846881,-5.2818267315043235,0.09787464141845703,0.007988175047635165,0.36683034003456105,-0.22116181742174884,0.41138139126816603,-0.018844448029994965,0.08147221803665161
1769860044.7385502,1627.0,5.693088884436957,7.334091727372434,1.4457006454467773,0.3792701800223167,-6.586851526615877,0.09170830249786377,0.009577480075913794,0.3634276177071291,-0.21499640965687639,0.4027627641807565,-0.01840999163687229,0.08148367702960968
1769860044.8006482,1628.0,5.694796690181262,7.34821654120758,1.4519206285476685,0.3797564978562731,-7.791454388977178,0.0856550931930542,0.010813632946906453,0.3617971397350035,-0.20777574182447295,0.408135761489242,-0.017993183806538582,0.08193736523389816
1769860044.862763,1630.0,5.696272043664461,7.3631631044273105,1.4519206285476685,0.3797564978562731,-7.791454388977178,0.0860450267791748,0.01179397413290999,0.36168183573931795,-0.2120153698663375,0.4011046135456641,-0.01745695061981678,0.08048594743013382
1769860044.9387898,1631.0,5.697594790102707,7.3794688594026665,1.459362268447876,0.3799733835314626,-9.76635152276878,0.0788266658782959,0.012582149835168586,0.3611021474204883,-0.20095571475903284,0.4012495744298519,-0.016905857250094414,0.07946431636810303
1769860044.9994287,1633.0,5.6986875854766055,7.396747187710973,1.469325304031372,0.38024890379891874,-10.15773410009738,0.06936681270599365,0.013115575922499238,0.3602990808946458,-0.18460502596108283,0.4037756562652027,-0.016905857250094414,0.07946431636810303
1769860045.0664568,1633.0,5.6986875854766055,7.396747187710973,1.480604648590088,0.3803629693982998,-11.246657036996707,0.05808746814727783,0.013115575922499238,0.3600330141596726,-0.1692849835567215,0.40064653520872184,-0.01566912978887558,0.07441222667694092
1769860045.1226487,1635.0,5.6995364953584815,7.414802544755401,1.480604648590088,0.3807447087911039,-12.151008670960858,0.05866587162017822,0.013388759167681417,0.35885773112331665,-0.16476510860016647,0.4038620617066611,-0.014503266662359238,0.0700327679514885
1769860045.1796696,1637.0,5.7001286362039645,7.43280183845633,1.4938740730285645,0.3807447087911039,-12.151008670960858,0.046050190925598145,0.01341697294597895,0.3587486962569541,-0.14029534678391697,0.4000603948565421,-0.013844724744558334,0.06528056412935257
1769860045.2476852,1638.0,5.700320357990653,7.450539281168794,1.5022228956222534,0.38105960184040266,-12.787912597078627,0.03805661201477051,0.013063879789631302,0.3578912204249823,-0.1232856167634527,0.400552934962782,-0.013844724744558334,0.06528056412935257
1769860045.3429115,1638.0,5.700320357990653,7.450539281168794,1.5221672058105469,0.38105960184040266,-12.671638727709091,0.01811230182647705,0.013063879789631302,0.35786153040384766,-0.10983508424982863,0.40314285295150626,-0.012871723622083664,0.06228340417146683
1769860045.4184651,1640.0,5.700074440362571,7.469048138703002,1.5363186597824097,0.38105960184040266,-12.318386883804713,0.004727721214294434,0.012262138278150767,0.3578033915124085,-0.054699260260013365,0.4115034436655539,-0.0116183552891016,0.05757219344377518
1769860045.4841213,1642.0,5.699488015694994,7.486735476701439,1.5497589111328125,0.38068809408502746,-11.904673091742119,-0.00787043571472168,0.011157694922078335,0.358804625648451,-0.025436742650006103,0.4066779865039205,-0.008403096348047256,0.043002914637327194
1769860045.5277567,1644.0,5.69862317408703,7.504029674074839,1.5497589111328125,0.3803629693982998,-11.904673091742119,-0.006952881813049316,0.009799742387340203,0.3597744609175442,-0.02221515390298178,0.4031572412178358,-0.007067801430821419,0.03658714145421982
1769860045.5802393,1645.0,5.6974784893819175,7.521503447143102,1.5645482540130615,0.3803629693982998,-11.51391432472741,-0.021255135536193848,0.00817125167907331,0.35984907801605553,0.012203392279012716,0.3952530695758445,-0.007067801430821419,0.03658714145421982
1769860045.6569908,1645.0,5.6974784893819175,7.521503447143102,1.5740290880203247,0.3803629693982998,-10.57708886447304,-0.03073596954345703,0.00817125167907331,0.3598455184462032,0.031052852073644308,0.3983531691092656,-0.006457887589931488,0.030791323632001877
1769860045.7364972,1647.0,5.696187835788622,7.53810745515989,1.5870110988616943,0.3803629693982998,-9.699315092741681,-0.042687416076660156,0.006435189296737009,0.35983399623133944,0.061182676619673124,0.4043467321361541,-0.006039917469024658,0.02383241057395935
1769860045.8153012,1649.0,5.694700286617302,7.55403771965086,1.5870110988616943,0.3803629693982998,-9.440345333804201,-0.04158139228820801,0.0045342405439308614,0.35982169267169584,0.06595848866452386,0.408013270841238,-0.0035910848528146744,0.011166200041770935
1769860045.8759782,1650.0,5.693071635999599,7.570117548954315,1.601021647453308,0.3803629693982998,-7.063745515213152,-0.05501067638397217,0.002502884197463439,0.35981291726281384,0.1000237185769016,0.40783484773270084,-0.004208866506814957,0.00819876417517662
1769860045.9349885,1652.0,5.691376343326186,7.585901216522908,1.6104857921600342,0.3803629693982998,-7.063745515213152,-0.0632559061050415,0.00042728604919984627,0.3598045255925047,0.12381822795498897,0.40089401729758334,-0.004160638898611069,0.0031014420092105865
1769860046.0082283,1653.0,5.68955515134996,7.60190713379164,1.6191511154174805,0.38068809408502746,-6.293086769979002,-0.07128345966339111,-0.0017636442429361104,0.3589136170013298,0.14752876550969138,0.40101076779739947,-0.0027577821165323257,-0.00059499591588974
1769860046.0836222,1653.0,5.68955515134996,7.60190713379164,1.628013253211975,0.38118251314945384,-3.1340367553864317,-0.08014559745788574,-0.0017636442429361104,0.357506663401464,0.1647989891964974,0.4061637181176745,-0.0027577821165323257,-0.00059499591588974
1769860046.1723957,1655.0,5.687490441783908,7.619896523037314,1.6355022192001343,0.3817998140362204,-1.457417998405767,-0.08630251884460449,-0.004223843985160711,0.35566324281435185,0.18564436417094096,0.4079527351610505,-0.0017402227967977524,-0.005842946469783783
1769860046.2174032,1657.0,5.685603692647119,7.636372225355816,1.640297532081604,0.38192700395160256,-1.457417998405767,-0.0896904468536377,-0.006453270494253909,0.35515985401213984,0.20016544938650455,0.41259495993346623,0.0018456988036632538,-0.01682722568511963
1769860046.2766325,1659.0,5.683677193922622,7.654131939762223,1.640297532081604,0.38192700395160256,0.699202873329964,-0.08820772171020508,-0.008727245753969817,0.3551318178608975,0.20542115181541612,0.3958111097200476,0.0019393470138311386,-0.020187385380268097
1769860046.3375514,1661.0,5.681786365388267,7.672946456713322,1.6414146423339844,0.38281501212313207,1.7791973656638855,-0.08776664733886719,-0.01096022850951644,0.3527164709414493,0.21255701630070017,0.40038522540670707,0.0019393470138311386,-0.020187385380268097
1769860046.3960176,1661.0,5.681786365388267,7.672946456713322,1.6402925252914429,0.3835230310440214,3.505509149621008,-0.08664453029632568,-0.01096022850951644,0.35060112583648406,0.21040321870890974,0.40379866191961444,0.004948757588863373,-0.02769458293914795
1769860046.4751263,1662.0,5.680158555815424,7.690947747997148,1.638498306274414,0.38402853867214193,3.779143023538699,-0.08404302597045898,-0.012889244061784861,0.349003048953976,0.21228633039565406,0.40282723967850204,0.006657520309090614,-0.031845591962337494
1769860046.5363166,1664.0,5.678920487754251,7.707021685425049,1.638498306274414,0.38402853867214193,3.779143023538699,-0.08237183094024658,-0.014373721660985774,0.34889415335829277,0.2143856562880898,0.4018959649385502,0.006279792636632919,-0.030244048684835434
1769860046.5963097,1666.0,5.677859347986176,7.723110169613726,1.635864019393921,0.38402853867214193,7.094261888609614,-0.07799100875854492,-0.015659346254118765,0.3489089826139775,0.21057359122952388,0.402336697152686,0.006279792636632919,-0.030244048684835434
1769860046.6536117,1666.0,5.677859347986176,7.723110169613726,1.6334046125411987,0.38376805623353305,8.452775620480502,-0.07553160190582275,-0.015659346254118765,0.34965598034683126,0.20585464398567516,0.40248179851931803,0.0052548665553331375,-0.028437867760658264
1769860046.7142847,1667.0,5.677143760472101,7.736587582489356,1.6334046125411987,0.38376805623353305,8.452775620480502,-0.07463014125823975,-0.016545348166212948,0.3497019573400548,0.20728807054257806,0.4028802092107757,0.006878351792693138,-0.03210730478167534
1769860046.7865431,1668.0,5.676739218330255,7.749287029642488,1.627703070640564,0.3836789575655283,10.636638557384593,-0.0680081844329834,-0.017095300704152834,0.34995854376271823,0.19652517024685645,0.4040189696107658,0.00685722753405571,-0.029110729694366455
1769860046.875181,1670.0,5.676570117017009,7.762760877318263,1.6180298328399658,0.3836789575655283,11.468635454186204,-0.05643773078918457,-0.017402132751180986,0.34999099941194173,0.1752859540171654,0.40712506948869076,0.0060532428324222565,-0.022946350276470184
1769860046.9639413,1671.0,5.67670504100842,7.776421839535058,1.6077653169631958,0.3836789575655283,12.178619939923562,-0.04519641399383545,-0.017388981714636566,0.34999947308309337,0.15335107936860923,0.4101846978817208,0.0060532428324222565,-0.022946350276470184
1769860047.0288444,1672.0,5.677100705906118,7.7904472096822674,1.5960966348648071,0.3836789575655283,12.178619939923562,-0.0325319766998291,-0.017099091836357903,0.35000481233365366,0.12751514440015146,0.41370150275227796,0.0054920632392168045,-0.011610344052314758
1769860047.115352,1674.0,5.677801270057669,7.805383820146952,1.5844155550003052,0.3836789575655283,12.05521642798853,-0.018803000450134277,-0.01648914709673416,0.35001008886342355,0.09826828833457031,0.4057204845487116,0.005626121535897255,-0.011277645826339722
1769860047.1835108,1675.0,5.678670744147881,7.819300963395645,1.5766531229019165,0.3836789575655283,12.163110779990742,-0.00998830795288086,-0.015683102446014424,0.35000931834450083,0.07784399996308358,0.41126293340008263,0.0027607642114162445,-0.0035707205533981323
1769860047.2555842,1677.0,5.679757363281762,7.83272905538296,1.5657753944396973,0.3838189079123976,12.283393293449844,0.0030504465103149414,-0.014637986426428084,0.34962863243080927,0.048177216131921954,0.40523815297576415,0.0027607642114162445,-0.0035707205533981323
1769860047.3077273,1677.0,5.679757363281762,7.83272905538296,1.5511213541030884,0.3838189079123976,12.064978054364726,0.017704486846923828,-0.014637986426428084,0.349558501000551,0.01905359646564598,0.4048356520746748,0.0021478962153196335,0.0005189701914787292
1769860047.3760018,1678.0,5.681141296007385,7.847052238372657,1.5511213541030884,0.3838189079123976,11.876731585499806,0.018813252449035645,-0.013276480775807111,0.3495915208065577,0.011803536519453293,0.4011803615888513,0.001035815104842186,0.00609162449836731
1769860047.4698765,1680.0,5.682797451838136,7.861928840278724,1.5399904251098633,0.3838189079123976,11.260062823234854,0.032218217849731445,-0.011619162583062498,0.34959305604851765,-0.020956800097980014,0.4065474775282076,-0.0004843175411224365,0.010450433939695358
1769860047.542507,1681.0,5.684462234961425,7.875730977293353,1.5289113521575928,0.38428880750963873,10.043145373107796,0.04446256160736084,-0.009930493960471418,0.3483003108523128,-0.05151994715625202,0.41603216155035805,-0.001508450135588646,0.014956250786781311
1769860047.6300302,1682.0,5.686243216412196,7.889586439918851,1.520626187324524,0.38428880750963873,8.786369631597022,0.0539318323135376,-0.008102947313373902,0.34817299280972386,-0.0770154108328393,0.40671212963477,-0.0039759669452905655,0.02440592646598816
1769860047.7181616,1684.0,5.6880444944278,7.902739013206424,1.5124980211257935,0.3843457047891079,7.306079598129933,0.06448471546173096,-0.006236087607389824,0.34801546326197713,-0.10473022620466785,0.412469439563026,-0.004798348993062973,0.030789367854595184
1769860047.792031,1685.0,5.6898238031922945,7.915075318252704,1.4944019317626953,0.3843457047891079,5.630358181545541,0.08382141590118408,-0.004375965906313351,0.34799297728409206,-0.14960257335772864,0.41179201407986066,-0.006150918081402779,0.037637144327163696
1769860047.8547108,1686.0,5.691645778082067,7.927597961530519,1.4944019317626953,0.38495056370130076,4.460132658301226,0.08508086204528809,-0.002452488207659641,0.3463341168483814,-0.1588659331071945,0.408444996293928,-0.010407142341136932,0.05037059262394905
1769860047.934612,1688.0,5.693658820991362,7.941474403241054,1.4862481355667114,0.38495056370130076,2.7603511530487133,0.0958101749420166,-0.00030362822622391917,0.3461782436440048,-0.18756235207994168,0.4057686137879932,-0.01342085562646389,0.05823542922735214
1769860048.0073152,1689.0,5.695893952745879,7.957349478044454,1.4791547060012817,0.3853148843188249,2.7603511530487133,0.10421955585479736,0.002117584510789016,0.34518310948061,-0.21243407483774734,0.4120537730163486,-0.014836104586720467,0.06275063008069992
1769860048.060526,1689.0,5.695893952745879,7.957349478044454,1.474504828453064,0.3853148843188249,1.0916906620268967,0.10886943340301514,0.002117584510789016,0.3450368869789032,-0.22127567413066965,0.40939858907162574,-0.014836104586720467,0.06275063008069992
1769860048.1232338,1691.0,5.698259380098833,7.974719706170705,1.474504828453064,0.3853148843188249,0.676292825893211,0.1115579605102539,0.004724982593034996,0.345086822018254,-0.2356891174331229,0.40286967766560394,-0.01856663078069687,0.07268908619880676
1769860048.2020533,1693.0,5.700489308378971,7.991698858402105,1.4723786115646362,0.3853148843188249,-1.2007361977136048,0.1164480447769165,0.007231065740200887,0.3450650549477709,-0.2538454716847749,0.4058219782220353,-0.020128995180130005,0.07720109075307846
1769860048.280771,1694.0,5.702690504951144,8.009616487825042,1.4710943698883057,0.38559650271534124,-2.9518755327902686,0.11914253234863281,0.009767173206966179,0.34427694783695967,-0.2677981288940731,0.41195435288109294,-0.020353278145194054,0.07948935031890869
1769860048.3409824,1696.0,5.704760294942131,8.027423643616517,1.4703567028045654,0.3859937484111048,-2.9518755327902686,0.12275707721710205,0.012215072204781175,0.34307756917715404,-0.28312474413611477,0.412145750405347,-0.02193356119096279,0.08480893820524216
1769860048.3996184,1698.0,5.706589824457641,8.044729357940227,1.4722332954406738,0.38645138036886306,-6.000599948977886,0.12383270263671875,0.014456296894644817,0.3416601966895201,-0.2928740123301774,0.4061707665684802,-0.02193356119096279,0.08480893820524216
1769860048.4446929,1698.0,5.706589824457641,8.044729357940227,1.4756405353546143,0.3864956940740162,-6.000599948977886,0.12042546272277832,0.014456296894644817,0.3413846284703308,-0.2865049906879856,0.4052809873828283,-0.024610601365566254,0.08971569687128067
1769860048.5118167,1700.0,5.708144925558935,8.061119152019511,1.4756405353546143,0.3864956940740162,-9.102347475449902,0.12345314025878906,0.016442381421030522,0.34131497088516666,-0.2990382995408483,0.40109826133319904,-0.024793198332190514,0.08990813791751862
1769860048.5803797,1701.0,5.709488481000047,8.077975466289448,1.4806694984436035,0.386792851029391,-10.746531169727456,0.11996626853942871,0.018271798155862884,0.34041693568745773,-0.2988279304546193,0.4082152440948191,-0.024793198332190514,0.08990813791751862
1769860048.6741343,1701.0,5.709488481000047,8.077975466289448,1.49082612991333,0.38694071871084423,-12.171575912969201,0.10980963706970215,0.018271798155862884,0.34035621399462007,-0.29660759393061104,0.40922245381242456,-0.024118054658174515,0.08790804445743561
1769860048.7409465,1704.0,5.710795722091831,8.110789450570744,1.5041207075119019,0.38694071871084423,-12.678162236599501,0.10125422477722168,0.020652542643954757,0.33961261601535386,-0.27222423054482986,0.4179800660432717,-0.024118054658174515,0.08790804445743561
1769860048.8139515,1704.0,5.710795722091831,8.110789450570744,1.5194541215896606,0.38694071871084423,-13.503991706081177,0.08592081069946289,0.020652542643954757,0.33956870337652134,-0.2580368598736592,0.408860985780521,-0.023198623210191727,0.08387699723243713
1769860048.8879895,1706.0,5.710779208339194,8.127406815712096,1.5295852422714233,0.38694071871084423,-14.544274176045244,0.07748293876647949,0.021235729827410565,0.34025388683897256,-0.22946551307189367,0.4094355977890241,-0.02178996242582798,0.07634270191192627
1769860048.9363346,1708.0,5.7104793801852765,8.143083682816608,1.5413742065429688,0.38694071871084423,-14.544274176045244,0.06583178043365479,0.021505645030967576,0.34027432751865894,-0.20802069873203885,0.4113403677699496,-0.018858885392546654,0.06726942956447601
1769860049.0032876,1709.0,5.709772154620485,8.159060771724677,1.5413742065429688,0.38694071871084423,-16.221852914720678,0.06589388847351074,0.021381007011448256,0.3402761218563329,-0.20761887034414267,0.3991052356994512,-0.0172897782176733,0.06243526563048363
1769860049.0654428,1711.0,5.7087402045473965,8.17442819930763,1.558436393737793,0.3876893163625834,-16.780444835581598,0.048941969871520996,0.020911062427923455,0.33822820509910806,-0.17332682771885616,0.4095262754928749,-0.0172897782176733,0.06243526563048363
1769860049.1159286,1711.0,5.7087402045473965,8.17442819930763,1.5774638652801514,0.38762428003824556,-17.13363247645951,0.029914498329162598,0.020911062427923455,0.3382090565451137,-0.1361775867908042,0.4060475160276258,-0.016199102625250816,0.057453274726867676
1769860049.1713324,1712.0,5.707294926502952,8.189591404936195,1.5774638652801514,0.38762428003824556,-17.13363247645951,0.029962658882141113,0.02002180288272816,0.3382320656559037,-0.13286474522774264,0.40386219387866784,-0.012219417840242386,0.04068562015891075
1769860049.2329128,1714.0,5.705564200207648,8.204068881476088,1.5932934284210205,0.38762428003824556,-17.121579215678565,0.014215826988220215,0.01882314372499205,0.3382288964328738,-0.09761144038591688,0.40536525295604675,-0.012219417840242386,0.04068562015891075
1769860049.303504,1714.0,5.705564200207648,8.204068881476088,1.6162028312683105,0.38762428003824556,-16.994363303754145,-0.008693575859069824,0.01882314372499205,0.3382098156590262,-0.05228550890270728,0.4037893600980077,-0.00794585607945919,0.026392675936222076
1769860049.3716936,1716.0,5.703203556954992,8.220647710154513,1.6162028312683105,0.38762428003824556,-15.597299491415061,-0.008629202842712402,0.017073016298892203,0.33821800756319637,-0.045839474641221706,0.40869992765719254,-0.006680512800812721,0.01917130872607231
1769860049.4282367,1717.0,5.700052587362586,8.238880583315213,1.6437889337539673,0.38762428003824556,-15.597299491415061,-0.036190032958984375,0.014594796255072151,0.33821401281727287,0.017983138866786597,0.4097874651733397,-0.0026087183505296707,0.0033529475331306458
1769860049.4926634,1719.0,5.696635071065031,8.256719885190552,1.662916660308838,0.3868635315056484,-13.14740544282353,-0.05528104305267334,0.011836429151474342,0.3402834326252764,0.06617949564466605,0.4052687400477099,0.0015831124037504196,-0.013393104076385498
1769860049.5551493,1721.0,5.693005327470017,8.274008070741463,1.6752713918685913,0.3865663745502736,-11.918708088708222,-0.06761741638183594,0.008846088653350423,0.3412720122722244,0.10155598351778544,0.4076348545101718,0.0015831124037504196,-0.013393104076385498
1769860049.609973,1721.0,5.693005327470017,8.274008070741463,1.6945714950561523,0.3858902970741487,-11.895685017993225,-0.08691751956939697,0.008846088653350423,0.34317138631063693,0.13954657413291133,0.4057644038608254,0.005378618836402893,-0.026699621230363846
1769860049.6754963,1723.0,5.688957241670193,8.292464745907425,1.6945714950561523,0.3858902970741487,-11.895685017993225,-0.08691751956939697,0.005480897853395864,0.343350580668984,0.15164593949119692,0.4038944307658012,0.00831390731036663,-0.03977295383810997
1769860049.7567053,1725.0,5.684725357924486,8.310868442645145,1.7096997499465942,0.3858902970741487,-7.802400987389548,-0.10206413269042969,0.0019299528742385643,0.34333856740472524,0.19407405494517538,0.40734748408766297,0.011216890066862106,-0.049386389553546906
1769860049.816033,1726.0,5.6808252554618095,8.327285181008802,1.7228072881698608,0.3858902970741487,-7.612589147630599,-0.11518776416778564,-0.0013629937176545598,0.3433335124085006,0.23099937200431114,0.4097197958731749,0.011216890066862106,-0.049386389553546906
1769860049.8873684,1726.0,5.6808252554618095,8.327285181008802,1.7294059991836548,0.38543723736152846,-5.592723566305873,-0.12178647518157959,-0.0013629937176545598,0.3445768555278876,0.24338787747662724,0.40172811692044197,0.012851489707827568,-0.05759704113006592
1769860049.935877,1728.0,5.676949749003635,8.343698930155062,1.7361340522766113,0.38543723736152846,-2.995738989818819,-0.12856042385101318,-0.004632019733918904,0.34469065728440373,0.26775010071307015,0.40726006421668765,0.015840811654925346,-0.07374600321054459
1769860049.9893656,1730.0,5.673344495782068,8.359082582619626,1.7361340522766113,0.38543723736152846,-2.995738989818819,-0.1286247968673706,-0.007669557563793115,0.3446954913202351,0.27836037175592415,0.40104405603148197,0.01879875920712948,-0.07740382850170135
1769860050.0474243,1731.0,5.670017497866333,8.373415483777084,1.740460991859436,0.38543723736152846,1.0303579594645464,-0.13299071788787842,-0.010468390347089544,0.3447065372017126,0.2962569819279436,0.4027699363494514,0.01879875920712948,-0.07740382850170135
1769860050.13534,1731.0,5.670017497866333,8.373415483777084,1.7423940896987915,0.38543723736152846,3.7918057907437777,-0.1349238157272339,-0.010468390347089544,0.34473057936614127,0.2997926268405337,0.4044685367412083,0.020508620887994766,-0.0816505029797554
1769860050.2175663,1732.0,5.667216436882548,8.385969655482159,1.741520881652832,0.38543723736152846,5.818729239869257,-0.13409435749053955,-0.012807616892961378,0.3447228952151148,0.30630685123646045,0.4142466349962395,0.021287163719534874,-0.08827308565378189
1769860050.2992828,1734.0,5.664721882035234,8.39848873922501,1.7377448081970215,0.3846987635203505,7.9954297433252846,-0.13041925430297852,-0.01484258427732095,0.3467643436500562,0.3064854280729575,0.41162619659518496,0.021820301190018654,-0.09036971628665924
1769860050.3816047,1735.0,5.66240618250451,8.411466022849634,1.7327712774276733,0.3846987635203505,8.688672313141842,-0.12550318241119385,-0.016682950494803388,0.346969747302425,0.30371622757488204,0.41210085165814075,0.022523948922753334,-0.09005770832300186
1769860050.4364288,1736.0,5.6603016941017295,8.42479142987826,1.7327712774276733,0.38543723736152846,11.119624261348592,-0.1255652904510498,-0.018300590047579033,0.3449647223440465,0.3094074059355406,0.4130015726767549,0.022447260096669197,-0.0922679528594017
1769860050.5158641,1738.0,5.658543126728803,8.438170162701843,1.7238678932189941,0.38543723736152846,11.119624261348592,-0.11679971218109131,-0.019571778178125568,0.3448059577930927,0.2975655720181334,0.40349294141491326,0.022811241447925568,-0.09215229749679565
1769860050.5754604,1739.0,5.656890291621967,8.453929562478127,1.7123125791549683,0.3857690437936337,13.94509816405793,-0.10532021522521973,-0.020652453871892875,0.3439233348184397,0.27993373542637173,0.41223888946037845,0.021103844046592712,-0.08958647400140762
1769860050.6426322,1741.0,5.655618955171695,8.469655830751236,1.6996372938156128,0.3857690437936337,15.340950735061654,-0.09281027317047119,-0.02135505233639984,0.34387411518920036,0.258883346772649,0.4033600372049625,0.021103844046592712,-0.08958647400140762
1769860050.720384,1741.0,5.655618955171695,8.469655830751236,1.6888667345046997,0.3857121513905548,15.948874485307059,-0.0820397138595581,-0.02135505233639984,0.3440407897472102,0.23844637190833906,0.4079186454465658,0.022440437227487564,-0.08218707889318466
1769860050.7839274,1742.0,5.65480526969945,8.485686987194166,1.6645996570587158,0.3856501630795427,16.97427471575467,-0.057862281799316406,-0.021591498025292182,0.3442382904503177,0.1931675860546773,0.41056204959362147,0.019324373453855515,-0.08136280626058578
1769860050.8295212,1744.0,5.654322956095889,8.502607209475954,1.6645996570587158,0.3856501630795427,16.97427471575467,-0.05805516242980957,-0.021467429056062703,0.3442902758051135,0.19275041659729358,0.40658525415344005,0.01686267927289009,-0.0677054226398468
1769860050.8775702,1746.0,5.654283981770563,8.519769301209326,1.6519373655319214,0.3856501630795427,17.550089811790745,-0.04560422897338867,-0.020894618052084177,0.3443399503490949,0.16663725337178148,0.40077408009969917,0.01686267927289009,-0.0677054226398468
1769860050.9386287,1746.0,5.654283981770563,8.519769301209326,1.6325310468673706,0.3856501630795427,17.560321510840822,-0.02619791030883789,-0.020894618052084177,0.3443288172855295,0.1401270917645341,0.40089287426401005,0.01577076129615307,-0.06198872998356819
1769860051.0034454,1747.0,5.654809157600694,8.535765338477768,1.6325310468673706,0.3856501630795427,17.727738510197494,-0.026310443878173828,-0.01980247898021584,0.34435603318574054,0.12486007775915739,0.4055253894774632,0.018889814615249634,-0.06111004948616028
1769860051.0598028,1749.0,5.655652048130658,8.551103332480286,1.6166934967041016,0.3856501630795427,17.727738510197494,-0.010711908340454102,-0.018418963084654513,0.34441346822661073,0.08914945137215453,0.4064172662195113,0.015101144090294838,-0.04928331449627876
1769860051.1398113,1750.0,5.6566503220276685,8.564969250561614,1.6051208972930908,0.3856501630795427,17.04925140503519,0.0007344484329223633,-0.016934593804284574,0.34442336909165877,0.06097191408225922,0.4032891260519442,0.015101144090294838,-0.04928331449627876
1769860051.2263126,1752.0,5.657989225203506,8.578636713403899,1.5878928899765015,0.3856501630795427,16.039021583262915,0.017695903778076172,-0.015119211425780373,0.34449795761688534,0.020631066219111135,0.41201885578976116,0.012133676558732986,-0.026151280850172043
1769860051.2876718,1753.0,5.659610080769008,8.5924486350529,1.5756474733352661,0.3856501630795427,14.83292315629453,0.029801249504089355,-0.013019581609546223,0.34449915927825464,-0.01123086016676221,0.4143664482044028,0.012133676558732986,-0.026151280850172043
1769860051.3510606,1753.0,5.659610080769008,8.5924486350529,1.5547610521316528,0.38447656761052684,13.661970750554621,0.05068767070770264,-0.013019581609546223,0.34766231501484673,-0.052752657683871614,0.40474139115148733,0.009151922538876534,-0.013858906924724579
1769860051.4113307,1754.0,5.661269642236045,8.605340355970279,1.5429933071136475,0.3833165705470949,11.067687419663146,0.06231069564819336,-0.010915673392095562,0.35117991177359226,-0.08351084899378028,0.40437068332353543,0.008575979620218277,-0.012319672852754593
1769860051.5092704,1756.0,5.663096082669322,8.618586133129144,1.5429933071136475,0.3833165705470949,9.547611327855225,0.06200742721557617,-0.008635314613613637,0.35153873920146367,-0.0912264751726694,0.40266798734425796,0.007135637104511261,-0.006152428686618805
1769860051.5614958,1757.0,5.665170586644227,8.63303106798024,1.5300427675247192,0.3833165705470949,8.0286909535502,0.07149338722229004,-0.006089327553490568,0.35053738272493296,-0.11935167980611172,0.41668490950781106,0.0050433725118637085,0.0027192942798137665
1769860051.620362,1758.0,5.6671727278513435,8.64693521049016,1.5183683633804321,0.3833165705470949,8.0286909535502,0.07995140552520752,-0.0036961998227401254,0.350665350260804,-0.14458825217196997,0.4007034287485123,0.004576759412884712,0.016135312616825104
1769860051.6693017,1760.0,5.668876951545308,8.658889679945748,1.5146085023880005,0.3833165705470949,7.153955485274996,0.07802283763885498,-0.0017015645833286766,0.350803437395992,-0.1479008782612962,0.4020637064911185,0.004576759412884712,0.016135312616825104
1769860051.7213645,1760.0,5.668876951545308,8.658889679945748,1.5146085023880005,0.3833165705470949,7.153955485274996,0.07802283763885498,-0.0017015645833286766,0.3509352541767074,-0.1478980047604319,0.39945875688308863,0.004047675058245659,0.019658733159303665
1769860051.7839448,1761.0,5.670602092001807,8.671129126697632,1.5085257291793823,0.3833165705470949,3.4934333457477234,0.08163368701934814,0.0002816186403862018,0.35090152066408525,-0.16210427488138893,0.40062813076349674,0.003046030178666115,0.02449219673871994
1769860051.8413355,1762.0,5.672395096546376,8.68457901340459,1.4995208978652954,0.3833165705470949,1.1820730212099928,0.08841478824615479,0.0023176028534546253,0.35100102766100894,-0.18261401937175,0.40382228158088923,0.003046030178666115,0.02449219673871994
1769860051.8981698,1762.0,5.672395096546376,8.68457901340459,1.4973256587982178,0.38449016601611075,-0.6434808878570666,0.09061002731323242,0.0023176028534546253,0.34791614605922316,-0.18681920955803186,0.4035284432079711,-0.0010834801942110062,0.03810727968811989
1769860051.9511623,1764.0,5.673974480730304,8.697626072110035,1.4973256587982178,0.38449016601611075,-0.6434808878570666,0.08690690994262695,0.004097526084604151,0.34759466725411975,-0.18597112192784568,0.40288540887302565,-0.0006081433966755867,0.04119621962308884
1769860052.0115364,1765.0,5.675410891704293,8.710659557871868,1.495883822441101,0.3849916367120132,-4.784819190897948,0.08686935901641846,0.005705178511928607,0.3463151638853563,-0.19165007605483236,0.40203680315730783,-0.0006081433966755867,0.04119621962308884
1769860052.1040807,1765.0,5.675410891704293,8.710659557871868,1.4965708255767822,0.3836938292281048,-5.226892007248944,0.0861823558807373,0.005705178511928607,0.3498125378573897,-0.19032428033390478,0.40397331250594437,-0.0015222914516925812,0.04570996016263962
1769860052.1752913,1768.0,5.677976986799903,8.739507128577307,1.500124216079712,0.3836938292281048,-6.838347530686977,0.07967996597290039,0.008574153829626176,0.3501580731213591,-0.18796160186596714,0.4142065494084252,-0.0008919509127736092,0.04536515474319458
1769860052.236376,1768.0,5.677976986799903,8.739507128577307,1.5048251152038574,0.3827155846907564,-8.284296616627138,0.07497906684875488,0.008574153829626176,0.352922805948615,-0.17887960236643674,0.40697848908225853,-0.001651751808822155,0.04748771712183952
1769860052.3111107,1769.0,5.67870511247798,8.751881314618597,1.5083832740783691,0.38210728696177815,-8.474096110650457,0.07093429565429688,0.009411468910026468,0.3548394628944054,-0.17401074910950143,0.4032512758768098,-0.004493456333875656,0.0512133352458477
1769860052.408371,1770.0,5.679184592992951,8.763955452653628,1.5181210041046143,0.3823863390487511,-8.473931471178506,0.060958027839660645,0.009991990698406464,0.35425879633928786,-0.1567010849728719,0.4115023757760042,-0.003120182082056999,0.04807307571172714
1769860052.4946108,1771.0,5.679422036782272,8.776584822514312,1.5269089937210083,0.38299463677772927,-9.28789079173215,0.052179694175720215,0.010334090315912186,0.3525343928006065,-0.14075385753203432,0.41232187627662253,-0.002608073875308037,0.047541648149490356
1769860052.574396,1773.0,5.679386484561975,8.79015283272434,1.5350183248519897,0.3836938292281048,-10.463012589921533,0.044834017753601074,0.010415421386749996,0.3504602312329599,-0.12658955310067985,0.4130206456293094,-0.003175901249051094,0.0492260605096817
1769860052.647377,1774.0,5.679203895819974,8.804147826162595,1.5350183248519897,0.3840674444886717,-10.703952239645314,0.045588135719299316,0.010364624147639693,0.349242977296046,-0.12784061849986764,0.40781649385214197,-0.0015340019017457962,0.04643264412879944
1769860052.723317,1776.0,5.678803086087251,8.819102248485244,1.5452154874801636,0.3840674444886717,-10.980740501303133,0.0376436710357666,0.010124850038076246,0.3491217547063194,-0.11132794320515335,0.40806795032474497,-0.0010146629065275192,0.0454837791621685
1769860052.7796965,1777.0,5.678281228389049,8.833392875249798,1.5515745878219604,0.38427497795703935,-10.980740501303133,0.0327831506729126,0.009783855341726355,0.3485243511310081,-0.10046580049987655,0.4099447528708494,-0.0007048025727272034,0.04332062229514122
1769860052.8688688,1779.0,5.677382751290352,8.849479885190348,1.5650132894515991,0.3846391422383605,-10.904778001997478,0.023086071014404297,0.009129690937413299,0.3474204395135509,-0.07890011233354918,0.40323530817993963,0.0007902961224317551,0.04013409838080406
1769860052.9274185,1780.0,5.67644789094952,8.863342292374512,1.5743273496627808,0.3854215575333808,-10.769406497438217,0.016015052795410156,0.008447553488309797,0.34514286587981147,-0.062360856755970806,0.41314421448515276,0.0007902961224317551,0.04013409838080406
1769860052.9866657,1780.0,5.67644789094952,8.863342292374512,1.5804657936096191,0.386300035266084,-10.249046256575198,0.009876608848571777,0.008447553488309797,0.3425483207693248,-0.05018344168909622,0.40454843579714195,0.0012924578040838242,0.03724679350852966
1769860053.0423746,1781.0,5.675422965579115,8.87634994453688,1.5804657936096191,0.3866394413942782,-10.249046256575198,0.012367725372314453,0.007701523733488061,0.3413463044930787,-0.05235754475950237,0.4058501323380439,0.0016437694430351257,0.03364530950784683
1769860053.1002674,1783.0,5.674216011875437,8.889420005142043,1.5893785953521729,0.3866394413942782,-8.978310814066447,0.009181857109069824,0.006821224753041747,0.3412023076568257,-0.04277968806409174,0.40446153630348664,0.001221662387251854,0.03209289163351059
1769860053.1564417,1784.0,5.6728795146439985,8.903098091065715,1.5991634130477905,0.3866394413942782,-8.06460198677124,0.002632737159729004,0.00588245661950032,0.34115780806417473,-0.026317259235461056,0.4051065026141827,0.001221662387251854,0.03209289163351059
1769860053.237219,1784.0,5.6728795146439985,8.903098091065715,1.6059532165527344,0.3866394413942782,-7.253047123116179,-0.004157066345214844,0.00588245661950032,0.34119432141427974,-0.012826760900021373,0.4051529759467836,0.0017947591841220856,0.029470086097717285
1769860053.2930984,1785.0,5.67173604387032,8.914060121182187,1.6111077070236206,0.3866394413942782,-7.324727890384489,-0.005827784538269043,0.005103272852521707,0.34112756758238033,-0.0066261641553141265,0.4111546019384236,0.002839367836713791,0.024848058819770813
1769860053.3616507,1786.0,5.670540920428891,8.925251089961261,1.6111077070236206,0.3866394413942782,-7.324727890384489,-0.002095818519592285,0.00432556153528835,0.34109623048089205,-0.011173525675904964,0.4045683848749461,0.0029751360416412354,0.022725939750671387
1769860053.4450862,1788.0,5.669149937103349,8.938129853931212,1.6174250841140747,0.38699386620609644,-5.756266354046243,-0.0002046823501586914,0.0034764245012124024,0.3400709685002296,-0.011802270436120477,0.40764109933069254,0.0029751360416412354,0.022725939750671387
1769860053.5066981,1789.0,5.6677461925648505,8.951165021520866,1.626424789428711,0.38694456488643525,-4.520643439820462,-0.004727959632873535,0.002693381942507597,0.3400988412918502,6.64416164842304e-05,0.4144899256852446,0.0027100928127765656,0.025156211107969284
1769860053.571076,1789.0,5.6677461925648505,8.951165021520866,1.6312196254730225,0.38737645440259716,-3.5730138989370133,-0.009522795677185059,0.002693381942507597,0.33898647050537917,0.00959311957716371,0.40627305505014016,0.003383493050932884,0.022837430238723755
1769860053.6752248,1790.0,5.666280695806603,8.964814167479705,1.6312196254730225,0.38743903242682876,-2.8752994102260807,-0.004798173904418945,0.001961827220370379,0.3386353996229829,0.0028968401558291884,0.40765718465747,0.005889205262064934,0.01836220547556877
1769860053.7471442,1792.0,5.664769122154573,8.979096215625042,1.6393747329711914,0.38748569327641547,-2.9998663403867867,-0.002759575843811035,0.001317128486346692,0.3384794008484697,0.001206374783334821,0.42189010674909766,0.005140947178006172,0.01830962672829628
1769860053.8093064,1793.0,5.663063648141078,8.995555920606268,1.6393747329711914,0.38774761173772343,-2.45109557495864,0.002709507942199707,0.000745620555261038,0.33775801615093964,-0.007565888709175056,0.4091890206433167,0.004760129377245903,0.02003096416592598
1769860053.8719604,1795.0,5.6614549779921415,9.011494030735381,1.6428351402282715,0.38774761173772343,-2.45109557495864,0.010931730270385742,0.00038279729360026567,0.3377114390812375,-0.022592035620033597,0.40690993778986984,0.0043432749807834625,0.02093571424484253
1769860053.9596252,1796.0,5.6599494730135875,9.026777557758257,1.645913004875183,0.38798256096375555,-0.7349192643946498,0.014067411422729492,0.00021811944308098536,0.3370987471725409,-0.028227097668316048,0.4076228862821035,0.0043432749807834625,0.02093571424484253
1769860054.0470667,1798.0,5.658488982362913,9.041942759363888,1.6480836868286133,0.388076149900042,-0.3796512404603676,0.02506840229034424,0.00023845117361592945,0.33680018109417265,-0.050185540432236386,0.4167192744320301,0.003109728917479515,0.022067829966545105
1769860054.1134765,1800.0,5.65706861693016,9.057189807537865,1.6486153602600098,0.38820681667433393,-0.6401958635104149,0.029642105102539062,0.0004136437942331861,0.33644813393303513,-0.0599011667504919,0.4168017924891644,0.0030150488018989563,0.025620251893997192
1769860054.1787949,1800.0,5.65706861693016,9.057189807537865,1.649100661277771,0.38826163047278395,-0.6762202846617288,0.029156804084777832,0.0004136437942331861,0.3362591513120364,-0.05893570232943103,0.4081260990458282,0.0030150488018989563,0.025620251893997192
1769860054.2337594,1801.0,5.655783715670228,9.071459439139494,1.6496400833129883,0.38848284829290447,0.003806824208573256,0.031264543533325195,0.0006768130469034238,0.33565044690026924,-0.06407211969599647,0.4094440358600148,0.0025704968720674515,0.028015755116939545
1769860054.3123088,1802.0,5.654538942532001,9.085625461630084,1.6496400833129883,0.38848284829290447,0.16597671485303223,0.03397488594055176,0.0010231663738663704,0.3355994246036057,-0.0707025969165681,0.40144369643242667,-0.0001515522599220276,0.035349372774362564
1769860054.3703291,1804.0,5.6531888629556155,9.101586021923618,1.6504180431365967,0.3887128997157505,0.16597671485303223,0.03880655765533447,0.0015326890994332685,0.33497666675164356,-0.08211699633541121,0.413135193566169,0.0009797103703022003,0.03617751970887184
1769860054.434062,1806.0,5.6517775434772926,9.118851658888193,1.6503136157989502,0.38884680257264,0.06912018359609436,0.04477274417877197,0.0022157232761412884,0.33456011565709093,-0.0963923624827113,0.40636877667043486,0.0009797103703022003,0.03617751970887184
1769860054.5033522,1806.0,5.6517775434772926,9.118851658888193,1.6500362157821655,0.38884680257264,0.06912018359609436,0.04505014419555664,0.0022157232761412884,0.33449683899580623,-0.09692604222442408,0.40933352813718576,0.00037048570811748505,0.03954232111573219
1769860054.5908628,1808.0,5.650264769136846,9.137518562875526,1.6500362157821655,0.38884680257264,-1.294428291637147,0.05116403102874756,0.0030678707983300326,0.3345385298383107,-0.11209237328878269,0.40912902406936125,-0.0008950578048825264,0.044925589114427567
1769860054.6806314,1810.0,5.6486293847721605,9.157798708648674,1.649931788444519,0.3888387592996674,-2.8754196593502943,0.05763447284698486,0.004124896341024847,0.33456983661584466,-0.12865571569995954,0.41507944946721237,-0.0045648980885744095,0.059008315205574036
1769860054.7489526,1812.0,5.646947829719009,9.178263280806522,1.6510181427001953,0.3889977983480928,-2.8754196593502943,0.06316626071929932,0.005295691437247606,0.3341411395453346,-0.14373553002333803,0.41821303292780454,-0.0045648980885744095,0.059008315205574036
1769860054.8223574,1814.0,5.645307390362797,9.197535154568463,1.6528518199920654,0.3889977983480928,-3.4320840427125616,0.06820285320281982,0.006470873249555461,0.3341021846414257,-0.15781769068385507,0.41026703077084065,-0.004118392243981361,0.059380870312452316
1769860054.8822508,1816.0,5.643421853336949,9.217722102834745,1.6581780910491943,0.38937524338075524,-3.3767670061157324,0.06999897956848145,0.007675725598890754,0.33306787915032726,-0.1656433626215643,0.41261850407315614,-0.004118392243981361,0.059380870312452316
1769860054.9346342,1816.0,5.643421853336949,9.217722102834745,1.661237359046936,0.38992853586961373,-3.6710620430376326,0.06693971157073975,0.007675725598890754,0.3313909260763155,-0.15967636127548218,0.4089585091121439,-0.006989629939198494,0.06638228893280029
1769860054.982233,1817.0,5.641610169466935,9.235842469016038,1.661237359046936,0.38992853586961373,-3.6710620430376326,0.07059550285339355,0.00876516430706751,0.3313159371691978,-0.170733772736778,0.4063379920091259,-0.00597805343568325,0.06806579977273941
1769860055.052368,1819.0,5.639748001223387,9.25274693525424,1.6643563508987427,0.39020186374165,-4.70495731631031,0.07497704029083252,0.009722547832351517,0.3305566258258915,-0.18267586338956016,0.40513880363350224,-0.00597805343568325,0.06806579977273941
1769860055.1241908,1821.0,5.637829626637573,9.269269396359284,1.668357491493225,0.39027505115735056,-5.522875547554535,0.07872867584228516,0.010667939324145361,0.33028353294553947,-0.1933134406789812,0.41263553133431186,-0.006900629960000515,0.07072434574365616
1769860055.1730096,1821.0,5.637829626637573,9.269269396359284,1.671608805656433,0.39070854538158073,-5.553453144366309,0.07547736167907715,0.010667939324145361,0.32902232811183685,-0.18701075333674724,0.4108908057886197,-0.009704938158392906,0.07864993065595627
1769860055.221369,1822.0,5.635963994315922,9.284446153424316,1.671608805656433,0.39070854538158073,-5.553453144366309,0.07944822311401367,0.011529792764991444,0.32896308264448854,-0.1977817797281655,0.4058805344789567,-0.009840506128966808,0.08067359030246735
1769860055.2786872,1824.0,5.634293601308539,9.297053610889646,1.6757513284683228,0.39070854538158073,-7.371429519842685,0.08343672752380371,0.012198362666605572,0.3289448862512929,-0.2078420938270111,0.40563892567237597,-0.009840506128966808,0.08067359030246735
1769860055.3301837,1824.0,5.634293601308539,9.297053610889646,1.6804214715957642,0.39070854538158073,-8.2354392364132,0.0787665843963623,0.012198362666605572,0.3289065949525752,-0.198838703009555,0.4086796276346724,-0.009411877021193504,0.08029293268918991
1769860055.3737054,1825.0,5.6324629858086634,9.310067484487693,1.6804214715957642,0.39070854538158073,-8.2354392364132,0.08292651176452637,0.012853393664707977,0.32893869926103697,-0.20919065796890393,0.40533490445113857,-0.010169154033064842,0.08275733143091202
1769860055.4323764,1825.0,5.6324629858086634,9.310067484487693,1.6860723495483398,0.39080908732227126,-9.490665582570688,0.07727563381195068,0.012853393664707977,0.3287181755709971,-0.20157002849247127,0.40283480196149163,-0.010169154033064842,0.08275733143091202
1769860055.4969292,1826.0,5.630701631003378,9.32160874930692,1.6860723495483398,0.39080908732227126,-9.490665582570688,0.08149874210357666,0.013359241885877777,0.3286288499432165,-0.2082316003671571,0.4082586099467648,-0.010854044929146767,0.08493556827306747
1769860055.5561576,1827.0,5.628708807354964,9.333460803877324,1.6946433782577515,0.39080908732227126,-9.782324598163138,0.07721376419067383,0.013758592314277774,0.32860726225464776,-0.20139999634368594,0.4109398766533605,-0.010854044929146767,0.08493556827306747
1769860055.6569614,1827.0,5.628708807354964,9.333460803877324,1.707291603088379,0.39080908732227126,-10.466555991130186,0.06456553936004639,0.013758592314277774,0.32860346266162743,-0.19730047782162274,0.4095323295862384,-0.011929051950573921,0.08348619937896729
1769860055.702071,1830.0,5.622769933927254,9.363766748030887,1.7178195714950562,0.39040463421583993,-11.076044274058226,0.06727397441864014,0.014242289767447907,0.32969213654839463,-0.183927334748735,0.42055324287575757,-0.011929051950573921,0.08348619937896729
1769860055.7847598,1830.0,5.622769933927254,9.363766748030887,1.7178195714950562,0.39027505115735056,-10.714926889757693,0.06727397441864014,0.014242289767447907,0.33011164917518826,-0.1838964040540401,0.40349524548166626,-0.011093107983469963,0.08369001746177673
1769860055.846508,1832.0,5.61951674016022,9.378761436186483,1.7272788286209106,0.39027505115735056,-11.332061243009985,0.06695413589477539,0.01433270008248309,0.33011314603777764,-0.18359383935009857,0.4158072240551885,-0.010546363890171051,0.07829004526138306
1769860055.9000194,1834.0,5.615962441235789,9.394281459903654,1.7372360229492188,0.39027505115735056,-11.332061243009985,0.06638848781585693,0.014358362412142263,0.33005957021739946,-0.18258185783165815,0.4074324980695534,-0.010142605751752853,0.0760638639330864
1769860055.9489925,1835.0,5.612437030782996,9.408891858254659,1.7452157735824585,0.39025223937973347,-11.392618486302721,0.06319916248321533,0.014317254340160158,0.3300879807495968,-0.17624875620270264,0.4071209995444169,-0.010142605751752853,0.0760638639330864
1769860056.0074563,1835.0,5.612437030782996,9.408891858254659,1.7452157735824585,0.39025223937973347,-11.985741815182937,0.06319916248321533,0.014317254340160158,0.33009623940164695,-0.17624333824503985,0.403500699873926,-0.010347140952944756,0.07479436695575714
1769860056.0638025,1836.0,5.6093917464499965,9.420725009187516,1.7518651485443115,0.39025223937973347,-11.985741815182937,0.06140315532684326,0.014178935944696379,0.33005213360312885,-0.1722552103867293,0.408457851436947,-0.009743019938468933,0.07443184405565262
1769860056.1365778,1837.0,5.606360697376796,9.431846100004016,1.7616519927978516,0.3898163497034292,-11.930791862292905,0.05653262138366699,0.013951512245881635,0.3312059814827622,-0.1619659999432053,0.40759223034670233,-0.009386799298226833,0.07199880480766296
1769860056.2319326,1838.0,5.603262106239741,9.442770022704208,1.7695976495742798,0.3892295016117491,-11.539369784443416,0.05356645584106445,0.013674772623570962,0.33287574505749284,-0.1551724466881229,0.4126475256380487,-0.009386799298226833,0.07199880480766296
1769860056.2831497,1840.0,5.599295481430162,9.455901736928451,1.786681890487671,0.3892295016117491,-11.304484675093486,0.046630144119262695,0.013194364415698512,0.33288294486202036,-0.13988939491690344,0.4164517814476237,-0.006796807050704956,0.06487105786800385
1769860056.3733158,1840.0,5.599295481430162,9.455901736928451,1.7999399900436401,0.38900214923077525,-10.538260018192405,0.03337204456329346,0.013194364415698512,0.3332103631780221,-0.12715699253269364,0.4052206276370034,-0.007330670952796936,0.06483671069145203
1769860056.4503276,1841.0,5.594809058916136,9.470166793088614,1.8157131671905518,0.3889478616015615,-10.536487819928979,0.021808385848999023,0.01260225530668638,0.33400554614432687,-0.08905067908320019,0.41831504607666176,-0.006006615236401558,0.061716459691524506
1769860056.5279324,1843.0,5.589564710407027,9.486277593969703,1.8278735876083374,0.3889478616015615,-10.461169869411629,0.018094182014465332,0.011877909410286634,0.3340440004765725,-0.0789354916211301,0.4138079653557864,-0.006226688623428345,0.05838288366794586
1769860056.6227493,1845.0,5.584127400089137,9.502524463472842,1.8278735876083374,0.3889478616015615,-10.09830987484505,0.026576638221740723,0.011129438954867357,0.3340433547458711,-0.09296259904503004,0.41047338045618065,-0.0051529668271541595,0.05349714681506157
1769860056.697285,1847.0,5.578139787859169,9.519961133543976,1.8385785818099976,0.3889478616015615,-10.097999448737392,0.024390220642089844,0.010321150683558322,0.33404541180480485,-0.08567666592263978,0.41902792816176626,-0.002887689508497715,0.04867827892303467
1769860056.775021,1848.0,5.572577446897161,9.535557849561735,1.8462384939193726,0.3889478616015615,-9.869496554297651,0.021003127098083496,0.00952531029551807,0.3340514643171333,-0.07606671045391822,0.41291292319842093,-0.0033262819051742554,0.04803887754678726
1769860056.8262985,1850.0,5.567240974753071,9.550175344293873,1.8561325073242188,0.3889478616015615,-9.869496554297651,0.019681930541992188,0.008769867790076102,0.3340587859914839,-0.07067785046268905,0.41225573326934994,-0.0025743022561073303,0.046585023403167725
1769860056.8949041,1851.0,5.5622054587183305,9.563563081719298,1.8658322095870972,0.3889478616015615,-9.279968221361795,0.0142822265625,0.008029641819639104,0.3340655220319658,-0.05727221222233136,0.40219099859861723,-0.0025743022561073303,0.046585023403167725
1769860056.9781835,1851.0,5.5622054587183305,9.563563081719298,1.8727421760559082,0.38910504935711904,-8.890726291948212,0.007372260093688965,0.008029641819639104,0.33368497469634917,-0.043569986298976904,0.4094720412661732,-0.0010624900460243225,0.04159800708293915
1769860057.0449631,1853.0,5.557430767741208,9.575968396505537,1.8785463571548462,0.3898225790436109,-8.015071927377399,0.010195255279541016,0.007320301535670594,0.331629672735616,-0.04655240185030098,0.4160267775252577,-0.0016688937321305275,0.04014088958501816
1769860057.09479,1854.0,5.55300908835074,9.587237750416735,1.8785463571548462,0.3898225790436109,-8.015071927377399,0.014522433280944824,0.006663181071769635,0.33146411240021845,-0.05272294031053257,0.4111225439061706,-0.0015692180022597313,0.04134003072977066
1769860057.1360362,1855.0,5.5482999111688045,9.599032630332724,1.8880641460418701,0.3898225790436109,-5.10222807424129,0.009340763092041016,0.005967448596101085,0.3314721227988435,-0.039890519728156194,0.405463072646095,-0.0015692180022597313,0.04134003072977066
1769860057.18862,1855.0,5.5482999111688045,9.599032630332724,1.8951690196990967,0.3900354453763023,-5.10222807424129,0.002235889434814453,0.005967448596101085,0.33093635951254496,-0.025786139247757384,0.4029179098392243,-0.001905900426208973,0.0397053137421608
1769860057.2509367,1857.0,5.5434598915177125,9.611035137969548,1.8951690196990967,0.3900354453763023,-5.3263645778471185,0.010935425758361816,0.0052871799140158104,0.33083932226861007,-0.04055367252567794,0.40402276611873017,-0.0016946885734796524,0.03913944214582443
1769860057.3108625,1858.0,5.5387047424284885,9.622890980049164,1.8995176553726196,0.39111784196040067,-4.908911360119583,0.010950088500976562,0.004712235682178878,0.32787933242615697,-0.038464396397422385,0.4101601999065623,-0.0016946885734796524,0.03913944214582443
1769860057.364499,1858.0,5.5387047424284885,9.622890980049164,1.904312252998352,0.39211361550417945,-4.358301470453172,0.006155490875244141,0.004712235682178878,0.32491493079362954,-0.028949433569476955,0.41070555190657965,-2.6362016797065735e-05,0.035443708300590515
1769860057.4227695,1859.0,5.533536763666561,9.635797403749956,1.904312252998352,0.39211361550417945,-4.358301470453172,0.010527968406677246,0.0041767367018240974,0.32464660799880396,-0.03565830822712507,0.408740756918791,-0.0002759229391813278,0.03633815795183182
1769860057.4661329,1861.0,5.528223537135925,9.649125855336205,1.9081043004989624,0.39211361550417945,-3.281456043717156,0.015507698059082031,0.003736427700353112,0.3246633674661215,-0.0439246925728912,0.4101347644798516,-0.0002759229391813278,0.03633815795183182
1769860057.5167658,1861.0,5.528223537135925,9.649125855336205,1.9119617938995361,0.39211361550417945,-2.496376328374198,0.0116502046585083,0.003736427700353112,0.324694821634121,-0.03626962823765261,0.4054186355967279,-0.0007828138768672943,0.03664330020546913
1769860057.576449,1862.0,5.523385021630764,9.661385915709081,1.9119617938995361,0.39211361550417945,-2.496376328374198,0.016049742698669434,0.0034584349366682627,0.3246759158346103,-0.043978843553889625,0.40774097550588817,4.621781408786774e-05,0.03545977547764778
1769860057.6544566,1864.0,5.518424182082453,9.674084443247427,1.9147748947143555,0.39211361550417945,-3.0208019633136742,0.02206289768218994,0.0033000864983727548,0.3246853604090162,-0.055328414887732644,0.4103013351897574,4.621781408786774e-05,0.03545977547764778
1769860057.7352374,1865.0,5.513445613904191,9.686834603299209,1.9173049926757812,0.3913662076100848,-2.285558423006698,0.02395939826965332,0.0032275720705451567,0.3267510299043774,-0.05881842648147351,0.41456400507083296,3.45427542924881e-05,0.037692852318286896
1769860057.8068523,1866.0,5.508416883109166,9.699752786280907,1.919769525527954,0.3913662076100848,-1.4774369488331456,0.02593052387237549,0.003254731787177679,0.3269347150724797,-0.06282583750670998,0.4128946311161774,-0.0004829205572605133,0.03927912935614586
1769860057.888058,1868.0,5.503177480586061,9.713284998262434,1.9220572710037231,0.3913662076100848,-2.3235542794769874,0.03254139423370361,0.0034028113205944207,0.32693581027388285,-0.07646994738753006,0.41353363947672567,-0.0004829205572605133,0.03927912935614586
1769860057.9508312,1869.0,5.497981867129528,9.726774219239156,1.9236507415771484,0.3913662076100848,-2.203847575090511,0.03541076183319092,0.003670687608254448,0.3269404227434879,-0.08312155734131615,0.41713486902629493,-0.0003786124289035797,0.040187347680330276
1769860058.0193155,1869.0,5.497981867129528,9.726774219239156,1.9252105951309204,0.39211361550417945,-1.6586803628253755,0.033850908279418945,0.003670687608254448,0.32486365692192665,-0.08003440887046301,0.41114464527184286,-0.0010165693238377571,0.04424488916993141
1769860058.0803003,1871.0,5.493011248570863,9.739617900283694,1.9252105951309204,0.39211361550417945,-1.6586803628253755,0.04280376434326172,0.003992326419715384,0.32470036950417697,-0.09892281872562793,0.41193724972795154,-0.002192768268287182,0.045201048254966736
1769860058.1400104,1872.0,5.488183578877377,9.752057425612431,1.9268580675125122,0.3924935110049177,-2.516699500836299,0.04564619064331055,0.00437397103097064,0.323655537863299,-0.10590408594402341,0.41074554233749255,-0.003525925800204277,0.049176156520843506
1769860058.234181,1872.0,5.488183578877377,9.752057425612431,1.9285142421722412,0.39282833175584114,-2.0780966225260085,0.04399001598358154,0.00437397103097064,0.3226145632864728,-0.10263545768103376,0.4112454883682079,-0.003525925800204277,0.049176156520843506
1769860058.2991486,1874.0,5.482661339128951,9.766206988413419,1.9330661296844482,0.3928707539769003,-2.5198021235040016,0.04844534397125244,0.0048787039935201055,0.322446793543328,-0.11326853282889289,0.41951235386142455,-0.0038039516657590866,0.051599688827991486
1769860058.3477275,1875.0,5.4767502432598345,9.781220040531068,1.9330661296844482,0.3927310901074922,-2.5198021235040016,0.052962422370910645,0.005482499605023143,0.3228190013962227,-0.12435421467942752,0.412299476816702,-0.005293300375342369,0.0586930587887764
1769860058.402937,1877.0,5.470301292950342,9.797443344258166,1.9358447790145874,0.3927310901074922,-3.3700475949889483,0.05924510955810547,0.006213625102861118,0.32284284626806997,-0.13935028845541325,0.4077006296508969,-0.005293300375342369,0.0586930587887764
1769860058.4712367,1877.0,5.470301292950342,9.797443344258166,1.9387476444244385,0.3924271598803484,-3.5996553335091925,0.056342244148254395,0.006213625102861118,0.323626430728939,-0.13363984457002157,0.4092760417923381,-0.005848490633070469,0.06288847327232361
1769860058.5198631,1879.0,5.463456118845007,9.814530960499209,1.9387476444244385,0.3924271598803484,-3.5996553335091925,0.06543993949890137,0.007087856804586656,0.32373727453085277,-0.15465902757595756,0.41356141108176736,-0.00557771697640419,0.06331668049097061
1769860058.5887256,1881.0,5.456531160953091,9.831650775323101,1.9420253038406372,0.3924271598803484,-4.76251442221208,0.0712958574295044,0.008060349012326697,0.32370289414580433,-0.1695633502173494,0.40738417498732327,-0.006752917543053627,0.06478960812091827
1769860058.6390188,1882.0,5.449939788287945,9.84760375160228,1.946019172668457,0.3924271598803484,-4.585633844101928,0.07188248634338379,0.008983748598184786,0.32366575944634823,-0.1740041776252961,0.4138708159034286,-0.006752917543053627,0.06478960812091827
1769860058.705246,1882.0,5.449939788287945,9.84760375160228,1.946019172668457,0.3920531804744807,-6.067857157783286,0.07188248634338379,0.008983748598184786,0.3246260935276933,-0.1739951733580814,0.40770523133207204,-0.006355525925755501,0.0652482807636261
1769860058.7694035,1884.0,5.443264618013126,9.863341247437585,1.951945424079895,0.3920531804744807,-6.067857157783286,0.07439863681793213,0.009867238824563104,0.32485159956417864,-0.182080957452172,0.41278633404306625,-0.0070963408797979355,0.06637753546237946
1769860058.8299315,1886.0,5.437028653500264,9.877729713463374,1.956144094467163,0.39177363592262193,-5.880578553516802,0.07859516143798828,0.010665001764302726,0.32560479632380734,-0.19307247803960928,0.41178670996119365,-0.00834013894200325,0.0701034665107727
1769860058.8916855,1886.0,5.437028653500264,9.877729713463374,1.962817907333374,0.3917858903305993,-6.4898088827345735,0.07192134857177734,0.010665001764302726,0.32559342222864496,-0.18402981698095872,0.41032636984082727,-0.00834013894200325,0.0701034665107727
1769860058.954614,1887.0,5.430520736447403,9.8923022816075,1.9690418243408203,0.391582311052335,-7.124971665794984,0.06987738609313965,0.011407944848784095,0.3261873620619986,-0.1788433669835998,0.4111351805974018,-0.00899684801697731,0.07307152450084686
1769860059.0233505,1889.0,5.4236793902905776,9.907326588649621,1.9690418243408203,0.391582311052335,-7.124971665794984,0.0782020092010498,0.012169577388936363,0.3262261035620563,-0.1977288435471849,0.4112210368683476,-0.009216206148266792,0.07278935611248016
1769860059.0866423,1891.0,5.417291866878168,9.92100965510507,1.974730372428894,0.391582311052335,-7.656999068646548,0.08079111576080322,0.012823904790559355,0.32621363129904835,-0.20501672890979708,0.4121537462776634,-0.009216206148266792,0.07278935611248016
1769860059.1820624,1891.0,5.417291866878168,9.92100965510507,1.979902982711792,0.391582311052335,-8.861309543699784,0.07561850547790527,0.012823904790559355,0.3261946357078431,-0.20013029603307486,0.41123345235030906,-0.008775273337960243,0.07475665956735611
1769860059.2599568,1893.0,5.4050989379204255,9.946030293256527,1.9858285188674927,0.391582311052335,-9.715264327552811,0.07792341709136963,0.013815496565064164,0.32622723798118747,-0.20302720153659876,0.421991112685348,-0.009954683482646942,0.07502181828022003
1769860059.3686924,1893.0,5.4050989379204255,9.946030293256527,1.99502694606781,0.391582311052335,-9.969189089065168,0.06872498989105225,0.013815496565064164,0.32621719357847084,-0.20004716819589544,0.4161379032492259,-0.009007246233522892,0.0746619701385498
1769860059.43453,1896.0,5.392443202139531,9.970286237970566,2.004098892211914,0.391582311052335,-9.969189089065168,0.07191085815429688,0.01435309649379803,0.32619569805991916,-0.19335305375583317,0.4261898349874335,-0.008159351535141468,0.07104471325874329
1769860059.504011,1898.0,5.384975693745112,9.983832770251103,2.0171446800231934,0.391582311052335,-10.432470391710572,0.06697797775268555,0.014439595873456335,0.32617020641541783,-0.18412360572654102,0.41284747152356494,-0.008159351535141468,0.07104471325874329
1769860059.5744057,1899.0,5.377069520416741,9.997739952161425,2.0289013385772705,0.3918155844311355,-11.062238131801882,0.05926012992858887,0.014422291346433198,0.32552417125019756,-0.16909773010492857,0.4128071896286566,-0.007744781672954559,0.06968072056770325
1769860059.626696,1899.0,5.377069520416741,9.997739952161425,2.038602828979492,0.39208287457501695,-10.544131817573904,0.04955863952636719,0.014422291346433198,0.3249710252126403,-0.15586694750138938,0.4139714261348938,-0.007121570408344269,0.0669090747833252
1769860059.6966195,1901.0,5.369084511120876,10.011464809034623,2.038602828979492,0.39208287457501695,-11.329028223256255,0.057600975036621094,0.014349921771247416,0.3246848771971932,-0.1655901733178496,0.40832941128692046,-0.00843522883951664,0.06698820739984512
1769860059.7533028,1903.0,5.360901497452628,10.025105795031148,2.048433542251587,0.39208287457501695,-11.329028223256255,0.055765628814697266,0.014166880437198512,0.3246651104923643,-0.16134890707969324,0.414170654720158,-0.0068254414945840836,0.06353634595870972
1769860059.8388116,1904.0,5.352767260160535,10.038310324117736,2.060107469558716,0.39208287457501695,-11.746593296109104,0.04807162284851074,0.01390436600045817,0.32466523065639974,-0.14540639716954323,0.40972785532124284,-0.006384745240211487,0.06305227428674698
1769860059.9184272,1906.0,5.345289244702632,10.050086940744816,2.0687735080718994,0.39208287457501695,-11.466621315398951,0.047330379486083984,0.013560838960894838,0.32466413353147666,-0.14268397016182632,0.41739477876533315,-0.004119084216654301,0.05660630017518997
1769860059.9925113,1907.0,5.338249607356626,10.060862725859977,2.076258897781372,0.3918155844311355,-11.632601774399092,0.04378962516784668,0.013146774490550574,0.3254015638320006,-0.13425415486672387,0.4160918539008256,-0.005112260580062866,0.05520442873239517
1769860060.0582132,1908.0,5.330898162743713,10.071859903229736,2.086658477783203,0.391582311052335,-11.46185844116852,0.037322998046875,0.012650287043657804,0.3261086658241793,-0.11976712103781788,0.4109604232079368,-0.005112260580062866,0.05520442873239517
1769860060.1246665,1908.0,5.330898162743713,10.071859903229736,2.097259283065796,0.39137919381134834,-11.078313936175372,0.026722192764282227,0.012650287043657804,0.3265591364856291,-0.10516642148667446,0.4087127459608664,-0.004547342658042908,0.051841095089912415
1769860060.1789424,1910.0,5.3234082913785645,10.08276129712239,2.097259283065796,0.39137919381134834,-11.078313936175372,0.034552812576293945,0.012055270820438321,0.3267548803133947,-0.11213384077765029,0.409552272813306,-0.0032676123082637787,0.04866926744580269
1769860060.2346961,1911.0,5.316246174697433,10.09293816958181,2.1080000400543213,0.39137919381134834,-9.68858626025469,0.0277099609375,0.011418716596087581,0.3267752203493125,-0.09634058600340029,0.4081814215758151,-0.002626802772283554,0.04652269929647446
1769860060.296055,1911.0,5.316246174697433,10.09293816958181,2.117445945739746,0.39137919381134834,-8.930518257416784,0.018264055252075195,0.011418716596087581,0.32681299155608257,-0.07768359589768303,0.4087460895909506,-0.002626802772283554,0.04652269929647446
1769860060.348452,1912.0,5.308108576737001,10.104270525188912,2.117445945739746,0.391582311052335,-8.930518257416784,0.02214980125427246,0.01064512542550408,0.32621341643995166,-0.08250895229579208,0.4096369227508522,-0.0028187688440084457,0.04587215557694435
1769860060.399142,1914.0,5.300069690530745,10.115385181662734,2.127645969390869,0.391582311052335,-9.244611404714911,0.019686460494995117,0.009912339063757011,0.32617888787598726,-0.07495600669418717,0.4074357579471292,-0.0028187688440084457,0.04587215557694435
1769860060.444836,1914.0,5.300069690530745,10.115385181662734,2.1338796615600586,0.39149855733132044,-8.331172872017827,0.013452768325805664,0.009912339063757011,0.32645457111330994,-0.06262153285982416,0.40586299619217003,-0.000380086712539196,0.03801167011260986
1769860060.538788,1915.0,5.2918308176787985,10.126635802255489,2.1338796615600586,0.39149855733132044,-8.331172872017827,0.017303466796875,0.009160609152110272,0.3264359818936308,-0.0674806558839617,0.4047229260788934,-0.0017510969191789627,0.03948139399290085
1769860060.6025307,1917.0,5.282863806199199,10.138750533904794,2.1481122970581055,0.3912954400903338,-7.692196455959019,0.010736703872680664,0.008356471928238433,0.3270055929576526,-0.051524858180472484,0.4183108960566512,-0.0016082804650068283,0.04029271751642227
1769860060.6478653,1917.0,5.282863806199199,10.138750533904794,2.154559850692749,0.3912954400903338,-6.862150559899456,0.004289150238037109,0.008356471928238433,0.3271023559308748,-0.03873026632599039,0.40874563966004185,-0.0016082804650068283,0.04029271751642227
1769860060.7195256,1918.0,5.273304834732052,10.151541408249694,2.154559850692749,0.3912954400903338,-6.862150559899456,0.008104562759399414,0.007527263223034943,0.32705887679475987,-0.043244726903890876,0.4027378502350777,-0.0010509341955184937,0.03610415756702423
1769860060.7897167,1920.0,5.262946077294986,10.165280289145146,2.167705774307251,0.3910183200976014,-6.424795817151331,0.0025539398193359375,0.006670936344980885,0.3278355393398112,-0.02908026464581659,0.4105715032222213,0.0011227373033761978,0.028580836951732635
1769860060.8767927,1922.0,5.251825481755309,10.179904226202847,2.175245523452759,0.39075509529974395,-5.519908973811968,0.0025625228881835938,0.005806833497146221,0.3286392392399751,-0.025910143537731523,0.4115923216917748,0.0011227373033761978,0.028580836951732635
1769860060.9336195,1922.0,5.251825481755309,10.179904226202847,2.182016134262085,0.39071485833508296,-4.450942182337034,-0.004208087921142578,0.005806833497146221,0.32886383711504,-0.012465959211448479,0.4140539520380784,0.001683611422777176,0.027827579528093338
1769860061.0130858,1924.0,5.240330052853585,10.194911855226271,2.182016134262085,0.39071485833508296,-4.29466283273127,0.003293275833129883,0.004986383402057157,0.3288348069577878,-0.024340773866939135,0.4058266782486437,0.0013407114893198013,0.02727513015270233
1769860061.084594,1926.0,5.229925335747966,10.208427033066275,2.1865198612213135,0.39056413787174626,-3.5879495395077248,0.00624394416809082,0.0043211992724400345,0.32927404319906123,-0.0277477326076437,0.4144181326818898,0.0010982081294059753,0.02873321622610092
1769860061.166614,1927.0,5.22016041387316,10.221104419657417,2.1893808841705322,0.3906851951682102,-3.8663567809256505,0.007246971130371094,0.003794097602380548,0.3289715557561551,-0.02779642577248626,0.41235064523453036,0.0009048748761415482,0.029172450304031372
1769860061.2169273,1929.0,5.211955027745921,10.23172450794252,2.1930136680603027,0.3909623151609427,-3.8663567809256505,0.011383533477783203,0.0034094929407789383,0.3281893892653781,-0.03459269240069239,0.41569914718893985,0.0006991028785705566,0.028686363250017166
1769860061.2655299,1929.0,5.211955027745921,10.23172450794252,2.1955387592315674,0.3905241687742465,-2.9521569137511876,0.008858442306518555,0.0034094929407789383,0.3293533375449383,-0.02957940649004373,0.4062942131326162,0.0006991028785705566,0.028686363250017166
1769860061.3120122,1930.0,5.204270738899614,10.241691624733521,2.1955387592315674,0.3905241687742465,-2.9521569137511876,0.012763261795043945,0.0031265176313204114,0.3294433054017267,-0.03628901650948725,0.4057896252817949,0.0016816388815641403,0.026174835860729218
1769860061.3718634,1930.0,5.204270738899614,10.241691624733521,2.199214220046997,0.3905241687742465,-2.477740337788791,0.009087800979614258,0.0031265176313204114,0.32945976492184476,-0.028992066394589205,0.4049596502649246,0.0016816388815641403,0.026174835860729218
1769860061.4237025,1931.0,5.1963289351356865,10.252013147673395,2.199214220046997,0.3905241687742465,-2.477740337788791,0.013006448745727539,0.0029122495211672296,0.3294467421368021,-0.03598148631477705,0.40930535643072796,0.0012690350413322449,0.02851162478327751
1769860061.4803085,1932.0,5.188158235956012,10.262643854570078,2.2023215293884277,0.3905241687742465,-1.4845418712901801,0.013831377029418945,0.0027693744266711773,0.3294526430289383,-0.03709019282520686,0.40777464240627925,0.0009125880897045135,0.031786028295755386
1769860061.554291,1934.0,5.18005119074523,10.273197666489965,2.2042229175567627,0.3905241687742465,-0.7142468503982297,0.01983499526977539,0.002702344948046766,0.32945701446282505,-0.04875730415113248,0.4074958664115481,0.0009125880897045135,0.031786028295755386
1769860061.6068106,1934.0,5.18005119074523,10.273197666489965,2.2053565979003906,0.39040102382309283,-1.3946236126579408,0.01870131492614746,0.002702344948046766,0.32979988879072586,-0.04650441778504101,0.4102888589137445,0.001366661861538887,0.03316868469119072
1769860061.663327,1935.0,5.1717872980043955,10.284011791925403,2.2053565979003906,0.39040102382309283,-1.3946236126579408,0.0226743221282959,0.002741660012214437,0.32983135630827615,-0.054529052727814706,0.40660680569759833,0.00012794509530067444,0.035850077867507935
1769860061.7193108,1937.0,5.162996932832259,10.29556871061359,2.2060234546661377,0.39040102382309283,-1.5926178823121317,0.02999401092529297,0.0028988335052274852,0.32983594695776625,-0.06961354818482905,0.40832938302053595,-0.0006931796669960022,0.03698617219924927
1769860061.7804685,1938.0,5.155056399734363,10.306061499198734,2.2074759006500244,0.39037052903861036,-1.9820152765539496,0.032555341720581055,0.0031473834591060667,0.32992301149905595,-0.07558519955075371,0.40732021614780134,-0.0006931796669960022,0.03698617219924927
1769860061.8336782,1938.0,5.155056399734363,10.306061499198734,2.2087604999542236,0.3903625476118402,-1.6947751523813819,0.031270742416381836,0.0031473834591060667,0.32993583552411104,-0.07304090938266758,0.40942184410655597,0.0003605857491493225,0.037285350263118744
1769860061.8901608,1939.0,5.147028032332396,10.316674000691997,2.2087604999542236,0.3903625476118402,-1.6947751523813819,0.03529810905456543,0.0034727279030628572,0.32995629075592303,-0.08220420292601456,0.4070720412237249,-0.00028861314058303833,0.042421020567417145
1769860061.9608474,1941.0,5.139324238018435,10.326853277793662,2.2100586891174316,0.3900817794072984,-1.6611230437730267,0.04209542274475098,0.0038504530280887845,0.33072718965324893,-0.09701937653931962,0.4078962271905827,-0.0006591528654098511,0.04254916310310364
1769860062.0294695,1942.0,5.131641200254784,10.336952001724773,2.2111570835113525,0.3899001843139043,-2.061587306444455,0.04506516456604004,0.004260247049890745,0.3312926862169209,-0.10436208297758783,0.4125308741014721,-0.0006591528654098511,0.04254916310310364
1769860062.0825922,1943.0,5.123682218661083,10.34732745578888,2.213002920150757,0.38963710909160304,-2.1251115102107603,0.04730105400085449,0.004700041771626131,0.33205634441527276,-0.11037009071402376,0.41134524320666876,-0.0012123873457312584,0.04572659358382225
1769860062.1391232,1943.0,5.123682218661083,10.34732745578888,2.213002920150757,0.3893660034088847,-2.79358774829558,0.04730105400085449,0.004700041771626131,0.3328352807522961,-0.11036576326093195,0.4060743296779198,-0.001867535524070263,0.04608166962862015
1769860062.2130578,1945.0,5.115264410978142,10.358242852263663,2.2153830528259277,0.3893660034088847,-2.79358774829558,0.05312514305114746,0.005204962185728667,0.332929317411775,-0.12367528630683382,0.40733653338114145,-0.003785506822168827,0.05326448380947113
1769860062.2539544,1946.0,5.1068082500255105,10.369149578453616,2.2178053855895996,0.38928997423437794,-3.1242845821501115,0.0548253059387207,0.005754060751362927,0.33313372230817334,-0.1289978199481836,0.4131833983992085,-0.003785506822168827,0.05326448380947113
1769860062.31614,1946.0,5.1068082500255105,10.369149578453616,2.2201154232025146,0.3893660034088847,-3.9885625079212974,0.052515268325805664,0.005754060751362927,0.33290724018129353,-0.12445947088751219,0.4021308087245977,-0.0036418884992599487,0.05568305402994156
1769860062.3585546,1948.0,5.097552005998537,10.381012080676564,2.2201154232025146,0.3895956848597585,-3.9885625079212974,0.060801029205322266,0.006396766850824697,0.3322942302318443,-0.1430718231643926,0.40936995746588034,-0.004079896956682205,0.05669668689370155
1769860062.4096112,1949.0,5.088038695595651,10.39308056152937,2.2233948707580566,0.3895956848597585,-4.184935839424347,0.06168484687805176,0.007075390746992806,0.3322338373111598,-0.14722708174237337,0.40232104535621094,-0.004079896956682205,0.05669668689370155
1769860062.4713814,1949.0,5.088038695595651,10.39308056152937,2.227027654647827,0.3895956848597585,-4.709953885897607,0.05805206298828125,0.007075390746992806,0.33221271891642673,-0.14374432718335145,0.405736219227508,-0.004599757492542267,0.05879952386021614
1769860062.5328798,1951.0,5.079078692925044,10.404299169057728,2.227027654647827,0.3895956848597585,-5.558800806693569,0.06641936302185059,0.007707885429500665,0.3322262872404498,-0.15878061769254084,0.4091315351000183,-0.0052565718069672585,0.061710961163043976
1769860062.595325,1952.0,5.070699176510422,10.414661749842633,2.2300617694854736,0.38951242061232516,-5.558800806693569,0.06758928298950195,0.008292554454656003,0.3324464108246959,-0.16314761676271838,0.40911867926082046,-0.005298572592437267,0.06455002725124359
1769860062.660148,1953.0,5.062201376953216,10.424978296437084,2.233651638031006,0.38951242061232516,-6.3237403823896,0.06821703910827637,0.00883399084588197,0.33245918163694893,-0.166320513293788,0.4093858402303502,-0.005298572592437267,0.06455002725124359
1769860062.7341912,1953.0,5.062201376953216,10.424978296437084,2.239629030227661,0.3893660034088847,-6.323492437591399,0.062239646911621094,0.00883399084588197,0.3325473438960486,-0.16352608897198234,0.4099561215835397,-0.00619928352534771,0.06511322408914566
1769860062.7847486,1955.0,5.053781198561187,10.435043490180831,2.2454912662506104,0.38928997423437794,-7.086071935453679,0.06485342979431152,0.009340024460767218,0.33307144525294935,-0.16159283131283578,0.4129854084928194,-0.00625962670892477,0.06529556959867477
1769860062.8302882,1956.0,5.045001011430626,10.44529233100457,2.2454912662506104,0.38928997423437794,-7.086071935453679,0.06911182403564453,0.009779327293998124,0.33310698886607176,-0.17147466726203467,0.40509226944298415,-0.006987959146499634,0.06560114771127701
1769860062.8826468,1956.0,5.045001011430626,10.44529233100457,2.251398801803589,0.38927258841725976,-7.1310024022857865,0.06320428848266602,0.009779327293998124,0.33312038275806233,-0.16342614967306612,0.40369857827470124,-0.006987959146499634,0.06560114771127701
1769860062.9671175,1957.0,5.036082936494284,10.455530929540966,2.251398801803589,0.38927258841725976,-8.435490413865573,0.06747627258300781,0.010189180310012551,0.33315127013793444,-0.1697625588309875,0.40403717332742595,-0.006782008334994316,0.06566692888736725
1769860063.053162,1959.0,5.025806211081156,10.467067595018994,2.2601799964904785,0.38927258841725976,-8.235943276553671,0.06728005409240723,0.010580799811036247,0.3331443365282916,-0.17078585225911366,0.41352904406100305,-0.007097983732819557,0.0669657364487648
1769860063.126602,1960.0,5.016063850046616,10.477835218104342,2.2660980224609375,0.38927258841725976,-9.097459262262838,0.0656747817993164,0.010931000806923786,0.3331365686633759,-0.16892487204465903,0.4171529227330185,-0.007166387513279915,0.06822656840085983
1769860063.1863115,1962.0,5.006440937255609,10.488265497512137,2.2711281776428223,0.38919044159340555,-9.097459262262838,0.06931114196777344,0.011224587034468778,0.33334912466262673,-0.17705460511437146,0.4125608609772995,-0.007887270301580429,0.06963370740413666
1769860063.2677243,1963.0,4.9972925461874285,10.4979778682523,2.2775118350982666,0.38919044159340555,-9.347669878121566,0.06728100776672363,0.011443206860722949,0.33335917227573697,-0.17389113145182158,0.4061213803891787,-0.007887270301580429,0.06963370740413666
1769860063.3550794,1963.0,4.9972925461874285,10.4979778682523,2.288559913635254,0.38919044159340555,-9.529463458183555,0.05623292922973633,0.011443206860722949,0.33335690845807,-0.17028341203784275,0.41555408938593785,-0.007158223539590836,0.06625986099243164
1769860063.4106913,1966.0,4.9773393319945605,10.518248732725828,2.299879550933838,0.38927258841725976,-9.369354738375383,0.05805563926696777,0.011546063825405717,0.3331079217192343,-0.1563240773332462,0.4177333027420265,-0.007158223539590836,0.06625986099243164
1769860063.465892,1966.0,4.9773393319945605,10.518248732725828,2.299879550933838,0.38927258841725976,-9.258587233794945,0.05805563926696777,0.011546063825405717,0.33308024297930794,-0.15629830958648996,0.4066188236053759,-0.005889579653739929,0.06373176723718643
1769860063.5225468,1968.0,4.964821218387618,10.530396488370078,2.3147361278533936,0.38927258841725976,-9.258587233794945,0.05202841758728027,0.011387325612698593,0.3330543704988696,-0.14396599231636184,0.40660969438966904,-0.005311012268066406,0.061142392456531525
1769860063.5892434,1970.0,4.951477671055101,10.543134929851629,2.3266074657440186,0.38917825105785075,-9.363628638339987,0.04900956153869629,0.011216428335908009,0.3333227736276936,-0.13742930930954697,0.40703770050169774,-0.005311012268066406,0.061142392456531525
1769860063.6744459,1970.0,4.951477671055101,10.543134929851629,2.338088035583496,0.38927258841725976,-9.726678140356926,0.03752899169921875,0.011216428335908009,0.3332466209928062,-0.1297128297742706,0.41057228930899137,-0.0069286515936255455,0.0629189983010292
1769860063.732204,1972.0,4.93725477269842,10.556434424236528,2.349154233932495,0.38928658636725266,-9.785308534992028,0.035251617431640625,0.010998098483314036,0.3330420386584942,-0.10964455927239714,0.41659540402701756,-0.006171703338623047,0.060713931918144226
1769860063.8078916,1974.0,4.922379138088371,10.569998201948156,2.349154233932495,0.38928658636725266,-10.144481616408886,0.04397892951965332,0.010694534514247116,0.33301980206892917,-0.12569244530675833,0.411283752796628,-0.00529320165514946,0.0587766095995903
1769860063.8871372,1976.0,4.9079464955715135,10.582864400609635,2.3623650074005127,0.38928658636725266,-10.144481616408886,0.03943443298339844,0.010352278722144503,0.3330245145236108,-0.11550770564113826,0.40954220372942596,-0.005006734281778336,0.054154910147190094
1769860063.9511123,1977.0,4.8948649353176465,10.594213373174536,2.372279167175293,0.3888370458522295,-9.963227926943985,0.03383016586303711,0.009949694559939132,0.33426078829175293,-0.1030083187422521,0.4145501498191231,-0.004810050129890442,0.05139372497797012
1769860064.0073278,1979.0,4.881796532394629,10.605286815516903,2.3812084197998047,0.3888370458522295,-9.756520830855587,0.03347516059875488,0.009478977370626356,0.33437184344810994,-0.1005821636497632,0.40775295711418874,-0.004810050129890442,0.05139372497797012
1769860064.071407,1979.0,4.881796532394629,10.605286815516903,2.391706943511963,0.3888370458522295,-8.956709867471703,0.02297663688659668,0.009478977370626356,0.334393820268571,-0.08609047293824156,0.40520536976287114,-0.004289752803742886,0.051983095705509186
1769860064.1394665,1981.0,4.868334670973668,10.616379748032,2.391706943511963,0.3888370458522295,-8.248643753140373,0.03148984909057617,0.008889117280836514,0.3343681478815986,-0.09451863597665511,0.4085930721297406,-0.002093343995511532,0.04546796530485153
1769860064.1943893,1982.0,4.856328903836482,10.62609144284855,2.402493476867676,0.3888370458522295,-8.248643753140373,0.024936676025390625,0.008334930815825505,0.33437997230172917,-0.0795560504860422,0.4106883970533103,-0.0020664623007178307,0.044551342725753784
1769860064.248057,1984.0,4.845087768685891,10.635027497160323,2.408876895904541,0.3888370458522295,-7.874119404834995,0.02697443962097168,0.007787919788118141,0.33438666658865907,-0.08157219902441037,0.40636436591522845,-0.0020664623007178307,0.044551342725753784
1769860064.3048942,1984.0,4.845087768685891,10.635027497160323,2.408876895904541,0.3889990443554334,-7.431997694764588,0.02697443962097168,0.007787919788118141,0.3339793602594211,-0.08157517871689109,0.404703297401575,-0.001383274793624878,0.043370164930820465
1769860064.360032,1985.0,4.834666966684905,10.643221085480175,2.414761781692505,0.3889990443554334,-7.431997694764588,0.025277137756347656,0.007289240261217002,0.33391098506967193,-0.07639237176654512,0.40683404395565037,-0.0008573457598686218,0.04012223333120346
1769860064.4220634,1986.0,4.824343866888813,10.651267497022149,2.4213452339172363,0.3891036229899668,-7.2016466327561846,0.022866010665893555,0.006813728645111129,0.33363363465611245,-0.06987999183375773,0.40673886776577806,-0.0008573457598686218,0.04012223333120346
1769860064.4761958,1986.0,4.824343866888813,10.651267497022149,2.4283411502838135,0.3891690087610562,-6.618104034476673,0.015870094299316406,0.006813728645111129,0.33346131714709853,-0.056028677842226954,0.40820760209046164,-0.001111467368900776,0.04062633216381073
1769860064.5512514,1988.0,4.814819275054612,10.658645629371716,2.4283411502838135,0.3891690087610562,-6.618104034476673,0.024168729782104492,0.006402955203824595,0.33342131785779433,-0.07096394320966329,0.4063201220358905,-0.0002494305372238159,0.03884435445070267
1769860064.6431851,1989.0,4.80472269731662,10.666407217804062,2.4345526695251465,0.3891690087610562,-4.932620755646469,0.022083520889282227,0.005987108923763314,0.3334285925027891,-0.06530225591095638,0.40944896495312083,-0.0010927841067314148,0.039962299168109894
1769860064.7103379,1990.0,4.794364787290028,10.674339757261158,2.440277576446533,0.38896229993417997,-4.932620755646469,0.02046966552734375,0.0056068157672132446,0.3340038293930711,-0.060709732424145006,0.41678007892839786,0.0002956818789243698,0.03888741508126259
1769860064.784241,1992.0,4.782821137706938,10.683156208299247,2.445585012435913,0.38879233552855713,-5.4155189267957216,0.02333807945251465,0.005246546187142663,0.3345274759199505,-0.06507220085164875,0.4105178178197165,-0.0003515183925628662,0.038673482835292816
1769860064.846661,1993.0,4.771569417795707,10.691732454493,2.4502429962158203,0.38884102442066687,-4.55822592757992,0.022745370864868164,0.004964932844237951,0.3344438337160492,-0.06286470361792981,0.41229170005319676,-0.0003515183925628662,0.038673482835292816
1769860064.919118,1993.0,4.771569417795707,10.691732454493,2.4565155506134033,0.38896229993417997,-4.673742729699886,0.016472816467285156,0.004964932844237951,0.33411746571887635,-0.05043778865340788,0.40906795838017007,0.0006688013672828674,0.03653073310852051
1769860064.9850001,1995.0,4.75982391762959,10.700637906771377,2.460442066192627,0.38954653260500094,-4.673913453503277,0.020630359649658203,0.004720665351225081,0.3324698272530589,-0.057779065543966585,0.4124471605619981,0.00011103413999080658,0.03963824361562729
1769860065.0475373,1996.0,4.747471032146137,10.709976154034784,2.460442066192627,0.38954653260500094,-4.376960489217384,0.024649620056152344,0.004536705439257055,0.33233400733796625,-0.06506858517529956,0.4094465405550571,7.983669638633728e-05,0.03995887562632561
1769860065.1204102,1998.0,4.735087273507164,10.71930286822524,2.465711832046509,0.38954653260500094,-4.376960489217384,0.027372121810913086,0.004421402672120208,0.33234466957679243,-0.07003568448548728,0.40947966623402415,2.8114765882492065e-05,0.03765334561467171
1769860065.1841564,1999.0,4.723151524532727,10.728220385779318,2.4702179431915283,0.38954653260500094,-3.2102067720577567,0.026839256286621094,0.00434390487434815,0.3323489284417743,-0.06869480478062169,0.41294888904455573,-0.00029230862855911255,0.03790285065770149
1769860065.242158,1999.0,4.723151524532727,10.728220385779318,2.4732296466827393,0.39017289686720735,-4.0659344435197635,0.023827552795410156,0.00434390487434815,0.3306329957926307,-0.06273136825261572,0.4100872430443335,-0.00029230862855911255,0.03790285065770149
1769860065.3088534,2001.0,4.711249108032861,10.737067789474203,2.4756669998168945,0.39017289686720735,-3.7415436563810336,0.029290437698364258,0.004318264332397693,0.3304796104857106,-0.07345755076154073,0.4085427330421388,-0.0004524700343608856,0.04119294136762619
1769860065.3856485,2002.0,4.700102111339459,10.745336990480265,2.4756669998168945,0.39017289686720735,-3.7283624724270745,0.033217668533325195,0.004359727241648553,0.3304884749701525,-0.08137568424387873,0.40886005883480586,5.478225648403168e-05,0.04183593764901161
1769860065.4572487,2003.0,4.689125711698049,10.753419741033252,2.4796829223632812,0.39017289686720735,-3.7283624724270745,0.033113718032836914,0.004426119335003144,0.3304907808905463,-0.08140872470556339,0.4124288212195856,-0.000881759449839592,0.042261868715286255
1769860065.542831,2005.0,4.677757444780878,10.761749834008016,2.4837160110473633,0.39043759070656164,-2.8898724178131032,0.036858558654785156,0.004538041364290584,0.3297681548838349,-0.089220770638278,0.4132016590059246,-0.0010908469557762146,0.0418013259768486
1769860065.5964909,2006.0,4.666760474179165,10.769779536232404,2.4872031211853027,0.39063100129752626,-2.8898724178131032,0.03723740577697754,0.00469674802172837,0.32917586860614806,-0.0905447030808876,0.41575611444515986,-0.00122043676674366,0.04515427350997925
1769860065.687746,2008.0,4.65504447801773,10.778291180873621,2.4902212619781494,0.3904738248206469,-3.310496599879041,0.04190540313720703,0.004909479233347676,0.32957084127474434,-0.1005385438598542,0.4073526949297825,-0.00122043676674366,0.04515427350997925
1769860065.7953107,2009.0,4.643428648891504,10.78669117525116,2.4928441047668457,0.3904738248206469,-4.01274913632828,0.04310250282287598,0.005168073257542647,0.32961540741972295,-0.10383544614781512,0.4197164667522137,-0.0028190892189741135,0.047276489436626434
1769860065.8746867,2011.0,4.62981158484158,10.796453031534067,2.502249240875244,0.3911507515443538,-3.935922388404734,0.04129147529602051,0.005500749178189067,0.327767857983827,-0.10147509966505915,0.4232602959890795,-0.003195440396666527,0.04859459400177002
1769860065.9402623,2012.0,4.616868085111714,10.805676728453381,2.502249240875244,0.3911507515443538,-3.5942426439558424,0.04506564140319824,0.005870078500556472,0.32761262993169793,-0.1102639255615444,0.4136775254018428,-0.0035642776638269424,0.0491141602396965
1769860065.998858,2014.0,4.603999858647055,10.814781312867948,2.504591464996338,0.3911507515443538,-3.5942426439558424,0.050676584243774414,0.006281065681528676,0.32758607818477165,-0.12279843054705666,0.4118768404420333,-0.004360631108283997,0.0540652796626091
1769860066.0351188,2016.0,4.591307547443664,10.82367992593765,2.508228302001953,0.39155644508796006,-4.20880763200429,0.05505633354187012,0.00671575810971301,0.32646642277172266,-0.1329679144591204,0.40986191359331314,-0.004360631108283997,0.0540652796626091
1769860066.0914736,2016.0,4.591307547443664,10.82367992593765,2.508228302001953,0.3916592225857736,-4.662483262163483,0.05505633354187012,0.00671575810971301,0.32605859393057574,-0.13295642137120522,0.40275607203903546,-0.005471978336572647,0.05696038156747818
1769860066.147011,2017.0,4.5790213575285446,10.832227689586748,2.5106117725372314,0.3916592225857736,-4.662483262163483,0.05670523643493652,0.007173275419620286,0.32606198438039286,-0.13785123404889985,0.4089982593027563,-0.005797892808914185,0.05956915766000748
1769860066.2001073,2018.0,4.567936332075706,10.839793119972047,2.515984296798706,0.39173848559636115,-5.1119736024780655,0.055380821228027344,0.007540356683180049,0.3258353859901876,-0.13658334843984435,0.40900720855662936,-0.005797892808914185,0.05956915766000748
1769860066.3166432,2018.0,4.567936332075706,10.839793119972047,2.5226776599884033,0.3918897750645751,-5.187829343800042,0.04868745803833008,0.007540356683180049,0.32561113623107785,-0.13015547180167272,0.40845514722013,-0.0060926880687475204,0.060936711728572845
1769860066.38532,2022.0,4.541804377583641,10.857273960444338,2.527740240097046,0.3918897750645751,-5.760434241560563,0.05997633934020996,0.008396027862353802,0.3254056821966478,-0.14870669654151775,0.42905377927327504,-0.005406096577644348,0.059883445501327515
1769860066.4638321,2023.0,4.528279826795147,10.866139130847857,2.5332627296447754,0.3918897750645751,-5.949332828127749,0.05858159065246582,0.008843358896905382,0.3253580958627942,-0.14756101757990633,0.41111080810923817,-0.0062019117176532745,0.0633610188961029
1769860066.5259593,2025.0,4.514138714860728,10.875289294169916,2.5379912853240967,0.3918897750645751,-5.814094936477282,0.062155961990356445,0.009324989585994462,0.32535695932961367,-0.15628879165005577,0.4165756280576485,-0.006189724430441856,0.06347155570983887
1769860066.5684876,2025.0,4.514138714860728,10.875289294169916,2.5423474311828613,0.39173848559636115,-6.317657567221169,0.0577998161315918,0.009324989585994462,0.3257442525342572,-0.1477782515878538,0.411075216968296,-0.006189724430441856,0.06347155570983887
1769860066.6329973,2026.0,4.50149448376838,10.883333037273088,2.5423474311828613,0.39173848559636115,-7.035831801176712,0.06197524070739746,0.009737343384657053,0.3258030392289244,-0.15742562412613267,0.4047884605615849,-0.006910983473062515,0.06527817249298096
1769860066.713418,2028.0,4.490265812883137,10.890353950067368,2.5473904609680176,0.39173848559636115,-7.617841803733041,0.06533050537109375,0.010077020609763615,0.32579370279248926,-0.16518338463623483,0.41179711473435976,-0.00639733113348484,0.06452618539333344
1769860066.77338,2029.0,4.4792896101019135,10.897094524563794,2.5524375438690186,0.39181701740243347,-7.617841803733041,0.06450653076171875,0.01037456949231027,0.3255727286037464,-0.16464306840462983,0.41671469516204207,-0.0071163298562169075,0.06581757962703705
1769860066.852159,2030.0,4.4675066432440556,10.904136304251214,2.5600483417510986,0.3920216046464112,-7.898293911672072,0.06113481521606445,0.010603580111502066,0.32498437795538304,-0.15890143650299052,0.4104152085595292,-0.007836585864424706,0.06694985926151276
1769860066.9091446,2032.0,4.455535474621325,10.91115921020593,2.568502187728882,0.39181701740243347,-7.825649417367818,0.06120657920837402,0.01080404401853848,0.3254947801919624,-0.159758335437078,0.41619654775637194,-0.007836585864424706,0.06694985926151276
1769860066.9885185,2032.0,4.455535474621325,10.91115921020593,2.575843334197998,0.3916592225857736,-7.457359214769844,0.05386543273925781,0.01080404401853848,0.3255742330652315,-0.1573527175569064,0.40902137979526526,-0.007774781435728073,0.0673862174153328
1769860067.0393627,2033.0,4.442913006240976,10.918408010662324,2.5845139026641846,0.39181701740243347,-8.520266097161642,0.04948139190673828,0.010968224860014034,0.3255481701904625,-0.13747886786201416,0.41680541385632397,-0.00762055441737175,0.06682047247886658
1769860067.0973616,2035.0,4.429546934242752,10.925919537108191,2.5845139026641846,0.39181701740243347,-8.520266097161642,0.05810260772705078,0.011097351310550651,0.32553312839607906,-0.15479086578167006,0.40709407859327007,-0.007640387862920761,0.06654801219701767
1769860067.1546524,2036.0,4.416047316860093,10.9333667164586,2.591212511062622,0.3921526282522709,-8.954688146747657,0.055738210678100586,0.011208344172074516,0.3246067880290607,-0.1505446636436185,0.41028223634375294,-0.007640387862920761,0.06654801219701767
1769860067.2675495,2036.0,4.416047316860093,10.9333667164586,2.6009061336517334,0.3923935192412286,-8.467070119806479,0.04604458808898926,0.011208344172074516,0.3243494718844587,-0.14404766008393563,0.4102022161261506,-0.007308111526072025,0.06583148241043091
1769860067.3434887,2040.0,4.386506892944334,10.94888939857597,2.6162030696868896,0.3923935192412286,-9.01982384964027,0.04824423789978027,0.011126519430160485,0.32382522102627265,-0.135585618487331,0.4229127992924654,-0.007308111526072025,0.06583148241043091
1769860067.4060936,2040.0,4.386506892944334,10.94888939857597,2.6241931915283203,0.39200133878405685,-9.46431078534238,0.04025411605834961,0.011126519430160485,0.32434000480269076,-0.12790825720519214,0.4145226991048026,-0.007425319403409958,0.06489041447639465
1769860067.4645565,2041.0,4.370877341275678,10.956812865145082,2.6333582401275635,0.3919734842495337,-9.433352945669002,0.03550314903259277,0.011023545000370887,0.3249903178112951,-0.11019829213912155,0.41149086094742854,-0.005508368834853172,0.062389977276325226
1769860067.527175,2043.0,4.3550902418937145,10.964591288698779,2.6333582401275635,0.3919734842495337,-9.433352945669002,0.04437851905822754,0.010856638134123634,0.3250324913130461,-0.12703795853943428,0.41007975206662817,-0.00708516500890255,0.06246013939380646
1769860067.606424,2045.0,4.338705129897479,10.972426461760424,2.643700361251831,0.3919734842495337,-9.153478362579866,0.042975664138793945,0.010615980151547574,0.3250212616326053,-0.12338563501046551,0.4106852619476751,-0.00708516500890255,0.06246013939380646
1769860067.6754944,2045.0,4.338705129897479,10.972426461760424,2.6566293239593506,0.3919734842495337,-9.015646610924827,0.030046701431274414,0.010615980151547574,0.32502745768165875,-0.11467322073185203,0.41673445733842934,-0.006944593042135239,0.06358156353235245
1769860067.7431943,2047.0,4.322270229343444,10.980015447556964,2.6658082008361816,0.3919734842495337,-7.876958900730143,0.02987051010131836,0.010280028593069193,0.32500805882200295,-0.09638077687658432,0.4134832119736763,-0.005897920578718185,0.05930786579847336
1769860067.7965791,2048.0,4.307597421388942,10.986609067523986,2.6658082008361816,0.3913979379412678,-7.876958900730143,0.034395694732666016,0.00994087508528713,0.32658884905570196,-0.10404558724627454,0.41287267406562056,-0.006235633045434952,0.05781014636158943
1769860067.8454826,2050.0,4.293353137265051,10.992858841423288,2.6725316047668457,0.3913979379412678,-8.625573854995904,0.03677058219909668,0.009586894344806652,0.32671194997873204,-0.10743376692576359,0.40805335344200466,-0.004228026606142521,0.05478320270776749
1769860067.9088042,2050.0,4.293353137265051,10.992858841423288,2.67879319190979,0.3913979379412678,-8.253322971544605,0.030508995056152344,0.009586894344806652,0.32673571105905846,-0.09509971727963665,0.40595968161377194,-0.004228026606142521,0.05478320270776749
1769860067.9520135,2051.0,4.279637034554803,10.998767168801887,2.6828229427337646,0.391720146212847,-8.253322971544605,0.031052112579345703,0.00925068210631369,0.32581732729620844,-0.09493063903811667,0.41150842439220203,-0.004916997626423836,0.05459044501185417
1769860068.0120564,2053.0,4.267937192507631,11.003740452326516,2.6828229427337646,0.391720146212847,-7.328603302731312,0.040245771408081055,0.008984201116113241,0.3257216831747171,-0.11210776774054866,0.4048981823263398,-0.0040011927485466,0.05239208787679672
1769860068.059232,2054.0,4.258458439548879,11.007697322905631,2.6871325969696045,0.3920836115972076,-6.3138970491213415,0.04055666923522949,0.008756882760814088,0.32471424630999435,-0.11187206518631214,0.4103050778005996,-0.0040011927485466,0.05239208787679672
1769860068.1045804,2054.0,4.258458439548879,11.007697322905631,2.6871325969696045,0.3920836115972076,-6.3138970491213415,0.04055666923522949,0.008756882760814088,0.32464470956195013,-0.11187368013628643,0.40657732031367483,-0.004118627868592739,0.0500042550265789
1769860068.1653304,2055.0,4.2498353596802065,11.011270406226803,2.691403388977051,0.3920836115972076,-7.069476138641283,0.0405879020690918,0.00856750803752635,0.3247095402036116,-0.11125505827400473,0.4061015466715866,-0.004118627868592739,0.0500042550265789
1769860068.2494266,2055.0,4.2498353596802065,11.011270406226803,2.6945080757141113,0.3920836115972076,-6.570291571107215,0.03748321533203125,0.00856750803752635,0.3247236655449366,-0.10514355104107967,0.41098891665213055,-0.0039450498297810555,0.04977530241012573
1769860068.2975373,2056.0,4.241217254067886,11.014825009403888,2.703901767730713,0.391720146212847,-5.522211741220358,0.03238487243652344,0.008400915693990957,0.3257158890040302,-0.09448473065703707,0.4180806419724603,-0.004161922261118889,0.04925810918211937
1769860068.367715,2057.0,4.2308908967695675,11.019017757532163,2.703901767730713,0.391720146212847,-6.1555014220384265,0.03667402267456055,0.008189587100609528,0.3258011157921038,-0.10217086336452155,0.4056062374610748,-0.004633191041648388,0.05155719816684723
1769860068.4344668,2058.0,4.218461482193881,11.024037272352857,2.711329698562622,0.3913979379412678,-6.1555014220384265,0.03352856636047363,0.007981193460759843,0.3266898902076645,-0.09520506156133789,0.413548383981113,-0.0035753920674324036,0.04977191984653473
1769860068.494521,2060.0,4.204409245123992,11.029691321708587,2.718134880065918,0.3911722621366655,-5.448812433010526,0.03526878356933594,0.007819405242998925,0.32739286429834386,-0.09804880291851491,0.4121326291163374,-0.0032554510980844498,0.04978824406862259
1769860068.5411043,2060.0,4.204409245123992,11.029691321708587,2.724900245666504,0.3913979379412678,-5.4391249633639385,0.02850341796875,0.007819405242998925,0.326835947376865,-0.08470163471947549,0.4103060609087611,-0.0032554510980844498,0.04978824406862259
1769860068.5957913,2061.0,4.18926137314297,11.03573675647938,2.724900245666504,0.3913979379412678,-5.4391249633639385,0.03276634216308594,0.007709464187270823,0.3267729787400731,-0.09271324780489087,0.40455727105590367,-0.00269403588026762,0.04698873311281204
1769860068.653323,2061.0,4.18926137314297,11.03573675647938,2.728013515472412,0.3913979379412678,-6.4097971805881135,0.029653072357177734,0.007709464187270823,0.32678272709688044,-0.08656284838908528,0.4064974935349994,-0.00269403588026762,0.04698873311281204
1769860068.7165434,2063.0,4.174230820596739,11.04167920924596,2.728013515472412,0.3913979379412678,-6.409889710405765,0.03815937042236328,0.007660737135061711,0.3267785460786608,-0.10319281926560796,0.40794331136627343,-0.0030630826950073242,0.050355084240436554
1769860068.7915103,2064.0,4.1598078189191785,11.047292554912339,2.735269784927368,0.3913979379412678,-6.409889710405765,0.03514671325683594,0.007635993339299665,0.32678184876034333,-0.09714548843749388,0.41117833766253736,-0.004242594353854656,0.05112471431493759
1769860068.8519082,2066.0,4.143913700191376,11.053310382560543,2.7444908618927,0.3911722621366655,-6.024281717672218,0.0343928337097168,0.0075698184664745845,0.3274012537720754,-0.0954141624338037,0.41443199028142935,-0.004242594353854656,0.05112471431493759
1769860068.927134,2066.0,4.143913700191376,11.053310382560543,2.751047134399414,0.39109041481639106,-5.413576295078566,0.02783656120300293,0.0075698184664745845,0.3275408525780239,-0.0890736821843707,0.4069397753676364,-0.0017688702791929245,0.04633236676454544
1769860068.9806104,2068.0,4.128963275341199,11.058849667955565,2.751047134399414,0.39091398567305224,-5.413576295078566,0.03627800941467285,0.007505972224914676,0.32817613515070904,-0.0989075732377234,0.4106996788417163,-0.0033424012362957,0.049325861036777496
1769860069.0562565,2069.0,4.11360298707856,11.064455630795223,2.75697660446167,0.39091398567305224,-5.454848215747845,0.03455924987792969,0.007472588827843155,0.32823110584188336,-0.09538876048314367,0.4066603459659577,-0.002608157694339752,0.04901827126741409
1769860069.1192203,2071.0,4.097997457681778,11.070066302556034,2.760751247406006,0.39109041481639106,-5.617782593540893,0.039186954498291016,0.007474607121089729,0.32774643631830835,-0.10452868773004378,0.4140404575632028,-0.002608157694339752,0.04901827126741409
1769860069.1796498,2071.0,4.097997457681778,11.070066302556034,2.7652714252471924,0.3911722621366655,-4.853046187284706,0.03466677665710449,0.007474607121089729,0.3274795237749589,-0.0956135250372682,0.4109488272055251,-0.0018250122666358948,0.048062264919281006
1769860069.2314475,2073.0,4.08411853370929,11.074974214947286,2.7682690620422363,0.3911722621366655,-5.312077804170791,0.04004549980163574,0.007496450409499623,0.32746163817096136,-0.10630209146470043,0.4102450125704292,-0.0030045248568058014,0.04965558648109436
1769860069.2891185,2074.0,4.073130941408187,11.078809914259622,2.7682690620422363,0.3911722621366655,-5.312077804170791,0.044223785400390625,0.007531394265153414,0.32746286607641883,-0.11465384652708029,0.40645900081315695,-0.0027497150003910065,0.051001060754060745
1769860069.36392,2075.0,4.061818989644809,11.082729155365808,2.7725656032562256,0.3909822381126296,-5.912513019975627,0.04409909248352051,0.007598686593851286,0.3279880824583127,-0.11464769772044986,0.40986051754270275,-0.0028507690876722336,0.04935833811759949
1769860069.431275,2076.0,4.05124231877412,11.086348551679158,2.7763500213623047,0.3909822381126296,-5.566026486205337,0.044480085372924805,0.007673179422568211,0.32803391611476923,-0.11566820185775817,0.4137562621545703,-0.0028507690876722336,0.04935833811759949
1769860069.5184262,2076.0,4.05124231877412,11.086348551679158,2.7821381092071533,0.39080382715640316,-5.466828813232639,0.03869199752807617,0.007673179422568211,0.32820058183457745,-0.11176223366659953,0.410654297747362,-0.0022521158680319786,0.04915924742817879
1769860069.597486,2077.0,4.038950505635012,11.090450520601923,2.7906341552734375,0.39071469034480383,-5.103546054854073,0.03435468673706055,0.007726247296637085,0.3287838665949932,-0.09592848437579984,0.4179407089875567,-0.0036876946687698364,0.05373593792319298
1769860069.6810207,2079.0,4.023787928674873,11.09540163529638,2.7986888885498047,0.39071469034480383,-5.666986508402641,0.03459811210632324,0.007784616583750405,0.328833953851483,-0.09660032808391741,0.4152956380345667,-0.0027391044422984123,0.05239001661539078
1769860069.7527797,2081.0,4.006341000285888,11.101012569591829,2.8062827587127686,0.39071469034480383,-5.46537338866842,0.03527641296386719,0.007900699508583768,0.328837344109161,-0.09836143408257128,0.41528899218056775,-0.0029577314853668213,0.05258742347359657
1769860069.844669,2083.0,3.9880720605582582,11.106762590891432,2.8062827587127686,0.3907166721576914,-5.989052644972422,0.04352259635925293,0.008051873913199364,0.32883432330045953,-0.11517998817249621,0.41347429373114936,-0.002577384002506733,0.05221966281533241
1769860069.9387865,2087.0,3.9495787382179457,11.118525374019761,2.818528652191162,0.3908931013010303,-5.478251449003895,0.047690629959106445,0.008527741451221852,0.32837392186977715,-0.12509001406105053,0.4202078619405146,-0.00373217836022377,0.053965646773576736
1769860070.0096447,2087.0,3.9495787382179457,11.118525374019761,2.8257641792297363,0.3910105542688584,-6.090661194340986,0.04045510292053223,0.008527741451221852,0.3280971582760172,-0.1151347441839792,0.4159450696934509,-0.005027368664741516,0.059087298810482025
1769860070.0680969,2089.0,3.931761352282808,11.123741424708001,2.8319733142852783,0.39139753885298234,-6.5691815109423715,0.042414188385009766,0.00875353091742855,0.3269146540037998,-0.11552740044433307,0.4137735134164314,-0.004586540162563324,0.05847224220633507
1769860070.127139,2090.0,3.9155552231147226,11.128376505363914,2.8319733142852783,0.39139753885298234,-6.5691815109423715,0.046488285064697266,0.008976141661626965,0.3268154482680493,-0.12435262105026028,0.40985722156404364,-0.0038187475875020027,0.0577559731900692
1769860070.186797,2092.0,3.898528190110961,11.133046778591368,2.837510347366333,0.3915518082806865,-6.627299790316811,0.04908037185668945,0.009142051168786303,0.3264017010242347,-0.1300383168655175,0.4101990917392596,-0.0052368249744176865,0.05712328851222992
1769860070.2382362,2094.0,3.8820898972410696,11.137432974881003,2.8453354835510254,0.3915518082806865,-6.403504298051073,0.04935812950134277,0.009303989902653582,0.32638255984846715,-0.1311664561211404,0.4091169051565722,-0.0052368249744176865,0.05712328851222992
1769860070.2894282,2094.0,3.8820898972410696,11.137432974881003,2.8453354835510254,0.3917755396270894,-5.49629728981999,0.04935812950134277,0.009303989902653582,0.325756960327444,-0.13116545057605283,0.40770921281720074,-0.005473143421113491,0.058944202959537506
1769860070.3409708,2096.0,3.864732533965828,11.141884307126855,2.8553600311279297,0.3917755396270894,-5.49629728981999,0.04741048812866211,0.009427835366801737,0.3257391233402226,-0.12779315898089053,0.40768084792119513,-0.006617238745093346,0.06074702739715576
1769860070.3996408,2096.0,3.864732533965828,11.141884307126855,2.861067533493042,0.39181901306771727,-5.635695039785585,0.041702985763549805,0.009427835366801737,0.3256772499203653,-0.12230231230985485,0.40781478778262703,-0.006617238745093346,0.06074702739715576
1769860070.4530203,2097.0,3.848440532549229,11.145944415059407,2.861067533493042,0.39181901306771727,-5.635695039785585,0.045731544494628906,0.009547953821835308,0.3256329360379504,-0.12493153091654043,0.4101007272399395,-0.005027482286095619,0.06158691644668579
1769860070.5303457,2099.0,3.831863099949595,11.149974518568527,2.8658573627471924,0.39181901306771727,-7.167129864930319,0.04988670349121094,0.009697913018967807,0.32550181953444157,-0.13362173051696175,0.4083594999533777,-0.005747129209339619,0.05774376168847084
1769860070.6117036,2100.0,3.8180806154606826,11.15325894320321,2.869631052017212,0.39181901306771727,-6.5967349170604095,0.05057168006896973,0.009858141816857955,0.325500436600509,-0.1355405861373182,0.41537929936265083,-0.005911444313824177,0.06012959033250809
1769860070.6804307,2102.0,3.8018051659805225,11.156950609388952,2.878920078277588,0.39181901306771727,-6.619232463578077,0.05017280578613281,0.009981210152803415,0.32549703367407934,-0.1352063780862432,0.41605584224863,-0.007438750937581062,0.06276178359985352
1769860070.743415,2104.0,3.7864350376191673,11.160302280248795,2.8883798122406006,0.39181901306771727,-7.124880357569593,0.04956626892089844,0.010080442584472708,0.3254950621509413,-0.13437963008845868,0.4133181342659061,-0.007438750937581062,0.06276178359985352
1769860070.8142881,2104.0,3.7864350376191673,11.160302280248795,2.8962388038635254,0.3915518082806865,-7.450646731379026,0.04170727729797363,0.010080442584472708,0.3256704853448429,-0.130680107932145,0.4106609287608133,-0.006475498899817467,0.06115734577178955
1769860070.9156585,2105.0,3.770097396075573,11.163741460096121,2.90413236618042,0.39201007563180645,-7.515284349429247,0.03822684288024902,0.010186306676354227,0.32498555634314263,-0.11251946513001354,0.4138583852013966,-0.006815016269683838,0.06203543022274971
1769860070.9893732,2109.0,3.7323135757109127,11.171099006181308,2.9151177406311035,0.39259190910708885,-7.51522673593962,0.044801950454711914,0.010320168821499574,0.32332052625803726,-0.12592517154414617,0.42433006327858347,-0.006160099059343338,0.06122966855764389
1769860071.0861602,2109.0,3.7323135757109127,11.171099006181308,2.922501564025879,0.39274177287745327,-7.32200866024938,0.03741812705993652,0.010320168821499574,0.32276321796871305,-0.11140894271281221,0.41567323000964224,-0.005104426294565201,0.05758490040898323
1769860071.1509726,2113.0,3.697004633145032,11.177301015227949,2.928905725479126,0.3927919587098698,-7.007406320045577,0.04842829704284668,0.010373433055115032,0.3225938348043657,-0.13326840181672128,0.4231215802196015,-0.005875905975699425,0.05882449448108673
1769860071.2012086,2113.0,3.697004633145032,11.177301015227949,2.9380486011505127,0.3930938786356765,-7.158049449625928,0.03928542137145996,0.010373433055115032,0.3217498732724531,-0.11529774916456573,0.41106223758536153,-0.00543631985783577,0.057875219732522964
1769860071.2828448,2115.0,3.6795593335715573,11.18011354565069,2.9380486011505127,0.3930938786356765,-7.765903538397726,0.047937631607055664,0.010359669539142831,0.3216756933280607,-0.1322433769040744,0.40871802404721064,-0.005344223231077194,0.05743926391005516
1769860071.357415,2116.0,3.663853307185634,11.182535193949864,2.944976568222046,0.39372049651531504,-7.746754827591835,0.04532217979431152,0.010354917043046577,0.3199514990275618,-0.1270730135337815,0.41898194121829085,-0.005170978605747223,0.05627311021089554
1769860071.4323976,2118.0,3.6477789459826413,11.18485276214083,2.9537949562072754,0.3943519966841744,-7.699385656597892,0.045101165771484375,0.010304850464484885,0.31805834358802854,-0.12645821704105742,0.41699339464995916,-0.0049982741475105286,0.056377314031124115
1769860071.5263636,2120.0,3.6327930331115135,11.186901883085312,2.960905075073242,0.3943519966841744,-7.48741865082598,0.04655194282531738,0.010250897089695208,0.31791338754773424,-0.1291148461248379,0.41487585843254204,-0.0052167512476444244,0.05702148377895355
1769860071.581566,2121.0,3.6178881663498594,11.18886067004977,2.966068744659424,0.3933007371938833,-7.48741865082598,0.0456547737121582,0.010216979006089777,0.3208213874604992,-0.12723256406127992,0.4221437326581528,-0.005010263994336128,0.057046566158533096
1769860071.6409397,2123.0,3.603605580804897,11.190585468856527,2.9730782508850098,0.3933007371938833,-6.4468904650192105,0.04715132713317871,0.01012493001782969,0.3210623631187945,-0.12983949929959224,0.40896857781961793,-0.005071038380265236,0.05644853785634041
1769860071.7269685,2123.0,3.603605580804897,11.190585468856527,2.981858730316162,0.3933007371938833,-7.214980863940467,0.03837084770202637,0.01012493001782969,0.32106296541172386,-0.1257027235252266,0.4111870267158158,-0.003635188564658165,0.05336981266736984
1769860071.779073,2126.0,3.5724278607705964,11.193973568140212,2.9921164512634277,0.3933007371938833,-6.383262217458908,0.04080343246459961,0.009858418712668172,0.32104808094909426,-0.1164106198709288,0.4202950660427012,-0.003635188564658165,0.05336981266736984
1769860071.8355079,2126.0,3.5724278607705964,11.193973568140212,2.9980151653289795,0.3933007371938833,-6.383262217458908,0.03490471839904785,0.009858418712668172,0.32106679176877656,-0.10480076221704407,0.4080834364353353,-0.0023659076541662216,0.04950232058763504
1769860071.9118948,2127.0,3.5566250236191737,11.195539692930074,2.9980151653289795,0.3933007371938833,-6.6060744144876296,0.039116621017456055,0.009733705609864564,0.32105749325118266,-0.11263653144376115,0.4082993275065128,-0.003396041691303253,0.04987054318189621
1769860071.9600465,2129.0,3.538930123345137,11.197210012401175,3.0060977935791016,0.3929988172680766,-7.57698736516129,0.03943037986755371,0.009638620328149114,0.32189167611953146,-0.11290700436557584,0.41311390048234947,-0.003396041691303253,0.04987054318189621
1769860072.0392177,2129.0,3.538930123345137,11.197210012401175,3.012333393096924,0.3933007371938833,-7.280747365494471,0.033194780349731445,0.009638620328149114,0.32136385191384637,-0.10431596997662823,0.410239614065293,-0.0030203480273485184,0.04820133373141289
1769860072.1014173,2131.0,3.521971192264701,11.198728086450501,3.0195248126983643,0.3933007371938833,-7.245522121201936,0.0343630313873291,0.00959086135995934,0.321080017075179,-0.10275441923276342,0.41532359173001304,-0.002264810726046562,0.04815494269132614
1769860072.1512015,2132.0,3.505526018096087,11.20006495485454,3.0195248126983643,0.3933007371938833,-7.245522121201936,0.038529157638549805,0.009526838875301483,0.32105676274792483,-0.11073588568894656,0.40894067145268254,-0.001966448500752449,0.04769209027290344
1769860072.208419,2134.0,3.489897598994766,11.201176965244631,3.02805495262146,0.3933007371938833,-7.289888937339216,0.03830361366271973,0.009414307340414542,0.3210504752237305,-0.10987992566044341,0.4084975558195763,-0.0020119231194257736,0.04662797227501869
1769860072.310031,2134.0,3.489897598994766,11.201176965244631,3.0355417728424072,0.3933007371938833,-7.439255323958443,0.03081679344177246,0.009414307340414542,0.32105352872436393,-0.10482304491235736,0.4105301265451343,-0.0025043627247214317,0.04517516866326332
1769860072.3808398,2137.0,3.4584887331664973,11.203049271654404,3.042276382446289,0.3933007371938833,-7.2022355312953295,0.036470890045166016,0.009137608238688508,0.32103026669438145,-0.10526393512588637,0.4248503520838446,-0.0025578532367944717,0.04569209739565849
1769860072.4433439,2139.0,3.442020542143061,11.203802772227572,3.05155348777771,0.3933007371938833,-6.669837209105976,0.035407304763793945,0.00892983649855505,0.32102493160066525,-0.10241334341889725,0.4138991858857189,-0.0025578532367944717,0.04569209739565849
1769860072.559234,2139.0,3.442020542143061,11.203802772227572,3.0613346099853516,0.3929988172680766,-6.004641364790726,0.025626182556152344,0.00892983649855505,0.32144064937884576,-0.09296410370715483,0.4107875893197019,-0.002170287072658539,0.046770934015512466
1769860072.625941,2143.0,3.4047384933003393,11.205043616815104,3.071410655975342,0.3928248686820029,-6.453597870720103,0.030798912048339844,0.008392732628830583,0.3224285326275633,-0.09136297545003846,0.4288571433945308,-0.0011519528925418854,0.04470117390155792
1769860072.6979432,2145.0,3.385069971046221,11.205503446264911,3.0796093940734863,0.3931055475279376,-6.469094827612657,0.030243635177612305,0.008131835255338752,0.3217500534297147,-0.08931705253998011,0.4136966721440402,-0.001152941957116127,0.0464981310069561
1769860072.781071,2147.0,3.3645490742638957,11.205865460057272,3.0870442390441895,0.39368652890218403,-5.976864815474206,0.030464887619018555,0.007902078561252654,0.3200821681618135,-0.08891715552675276,0.4159749654013057,-0.0013750018551945686,0.045456528663635254
1769860072.851017,2149.0,3.3444944410722286,11.206090672028745,3.0945138931274414,0.39368652890218403,-5.887394548355238,0.03066396713256836,0.007707246812308856,0.3199501204898282,-0.08859714883678262,0.4173922448550336,-0.0007798438891768456,0.04366326704621315
1769860072.9237428,2149.0,3.3444944410722286,11.206090672028745,3.101284980773926,0.39368652890218403,-6.34469889061977,0.023892879486083984,0.007707246812308856,0.31995764839285706,-0.08204333274616907,0.4150949042613902,6.584171205759048e-05,0.042293474078178406
1769860072.9645343,2151.0,3.3250608897117337,11.206159955040858,3.108785390853882,0.39368652890218403,-6.34469889061977,0.02407383918762207,0.0075189888625032085,0.31995558940530516,-0.07487657118680889,0.41611765002850915,2.625584602355957e-05,0.0422600656747818
1769860073.0147612,2153.0,3.3068946989091637,11.206120801076715,3.108785390853882,0.39368652890218403,-6.005918069188353,0.031767845153808594,0.007372351235312854,0.31995834230773657,-0.08955497958477072,0.4054624157581923,2.625584602355957e-05,0.0422600656747818
1769860073.0610921,2153.0,3.3068946989091637,11.206120801076715,3.115239381790161,0.39368652890218403,-6.031179217652187,0.025313854217529297,0.007372351235312854,0.31996813884551334,-0.0767949780048549,0.4082564587017657,-0.0008588423952460289,0.04328468441963196
1769860073.1228244,2154.0,3.2900474204507417,11.20596505591115,3.115239381790161,0.39368652890218403,-6.031179217652187,0.02916574478149414,0.0072322010823115184,0.3199600308804362,-0.08388664539348094,0.4078633010433667,-0.0004323776811361313,0.04444216936826706
1769860073.204073,2156.0,3.2727756219659803,11.205686147255374,3.1216747760772705,0.39429409683898486,-5.326450788636462,0.030443429946899414,0.007084633562240201,0.31828468928274956,-0.08585967342758528,0.4133050305274305,-0.0006757890805602074,0.04340444877743721
1769860073.2921493,2158.0,3.2561288362420284,11.205325166921318,3.128358840942383,0.39429478288886766,-5.234712897044557,0.03148484230041504,0.006960941209184467,0.3181433924157287,-0.08745478034522568,0.4171380073602307,-0.0014470592141151428,0.04466750845313072
1769860073.3533993,2159.0,3.241583322889201,11.204932668708507,3.132251024246216,0.3940942477402396,-5.11749014908909,0.03146028518676758,0.006864887540255524,0.3187033495194959,-0.08704960247921859,0.4211136826823987,-0.0014470592141151428,0.04466750845313072
1769860073.393058,2159.0,3.241583322889201,11.204932668708507,3.136984348297119,0.39351258031611036,-5.076242705240035,0.026726961135864258,0.006864887540255524,0.3203622328184262,-0.07769745840927557,0.41143842764253735,0.0003941524773836136,0.041051045060157776
1769860073.4562893,2161.0,3.226907431452419,11.204467895898109,3.136984348297119,0.39351258031611036,-5.076242705240035,0.034471750259399414,0.006783590420366602,0.3204927414910486,-0.09270367119081441,0.40539341058276146,-0.001155405305325985,0.04445157200098038
1769860073.5268204,2162.0,3.212154095823734,11.203952607042472,-3.1414592266082764,0.39263586599075573,-4.70073670354295,0.0336071809185583,0.006739346217722689,0.3229132534649031,-0.09081599297259924,0.41022681873468864,-0.0005050431936979294,0.04394802451133728
1769860073.5944064,2164.0,3.1988937169532656,11.203445243407225,-3.1368589401245117,0.39351258031611036,-4.290111513415015,0.03677051862607783,0.006728665728922844,0.3207054447641494,-0.09701412687324093,0.41699157916964913,-0.0005050431936979294,0.04394802451133728
1769860073.671891,2164.0,3.1988937169532656,11.203445243407225,-3.132847547531128,0.39342215312749007,-5.131122364587612,0.03275912603269404,0.006728665728922844,0.3207433591899713,-0.08909624192623494,0.41260196523977277,-0.0004556030035018921,0.04399056360125542
1769860073.7282543,2165.0,3.185320172350121,11.202885421495369,-3.1284775733947754,0.39342215312749007,-4.400028127478173,0.03227561315427607,0.0067492525785200815,0.32077242425732483,-0.08820732518751577,0.41478707670969256,-0.0008284002542495728,0.0452573299407959
1769860073.7987137,2166.0,3.171185452780599,11.202261325692898,-3.1284775733947754,0.39342215312749007,-4.91939691777218,0.036165412272318065,0.006807060428031467,0.3207748472070115,-0.09609930502835629,0.40918609228306957,-0.0009711310267448425,0.04715989530086517
1769860073.8518891,2168.0,3.1578372729641515,11.201624809691197,-3.124321699142456,0.39342215312749007,-4.91939691777218,0.039798434580667674,0.006887248816981604,0.3207802907167155,-0.1035500806837203,0.41139158357069033,-0.0015640677884221077,0.04664216190576553
1769860073.9277992,2169.0,3.1434887830070357,11.200871471304692,-3.1205084323883057,0.3937028685631895,-5.010789812025096,0.03988450368772334,0.00698326445827073,0.3200089891391086,-0.10406292534848322,0.40962929555509164,-0.0015640677884221077,0.04664216190576553
1769860073.9732146,2169.0,3.1434887830070357,11.200871471304692,-3.1153995990753174,0.3940038205516193,-4.9875748303507725,0.03477567037473506,0.00698326445827073,0.3191069830076958,-0.09399230944322884,0.41195453175061725,-0.0028280597180128098,0.047249533236026764
1769860074.021881,2171.0,3.1279800437924896,11.199977491767054,-3.1153995990753174,0.3940038205516193,-4.9875748303507725,0.04258364042173213,0.007099491625844814,0.31905159585623694,-0.10981800965154417,0.40691245491985,-0.002569703385233879,0.04834352433681488
1769860074.0920167,2171.0,3.1279800437924896,11.199977491767054,-3.1100661754608154,0.3940038205516193,-5.311529104602184,0.037250216807230174,0.007099491625844814,0.3190467357450296,-0.0992958209332183,0.40874394368192557,-0.002569703385233879,0.04834352433681488
1769860074.1624982,2172.0,3.1133253846704134,11.199066285105856,-3.105466842651367,0.3940038205516193,-5.20337310961968,0.03655951818357295,0.007230994454826438,0.3190593000166043,-0.09840349781274155,0.41560349763809534,-0.0025702305138111115,0.04831893742084503
1769860074.2175384,2174.0,3.0990803266820484,11.198104487983905,-3.1013541221618652,0.3940038205516193,-5.558500022983407,0.04027384122739619,0.00736506929712992,0.31907238648302166,-0.10621843655869155,0.4148974391745711,-0.003025682643055916,0.05154518038034439
1769860074.2743685,2175.0,3.0850142317227274,11.197113135006644,-3.1013541221618652,0.3940038205516193,-5.558500022983407,0.04419201215635127,0.007535488838378202,0.31908246101432847,-0.11455619103181604,0.4103627244571724,-0.0042610978707671165,0.05408378690481186
1769860074.3301103,2176.0,3.0726183742030626,11.196166251628256,-3.098294734954834,0.3937028685631895,-5.053907455382657,0.04505413373838252,0.007678304604724789,0.31992308936148234,-0.11676771367786479,0.41073277109661566,-0.0042610978707671165,0.05408378690481186
1769860074.4072564,2176.0,3.0726183742030626,11.196166251628256,-3.0922293663024902,0.39291658142645525,-5.506084592265145,0.03898876508603877,0.007678304604724789,0.320689126945945,-0.11267518816132097,0.40997969172351517,-0.004645844921469688,0.05309860408306122
1769860074.4513724,2178.0,3.060613263995846,11.195171103433559,-3.0880074501037598,0.3923970314835521,-5.932982591416323,0.04261892637143916,0.007797561849259663,0.32369032344266013,-0.11241218444430659,0.41645873783218423,-0.003169179894030094,0.05053035914897919
1769860074.5153778,2179.0,3.0479087141674674,11.194050760569322,-3.0880074501037598,0.3923970314835521,-5.932982591416323,0.04654997190366572,0.007919904569524088,0.323950038859434,-0.1205984000656547,0.4059590811522086,-0.004047578200697899,0.05377494916319847
1769860074.5854928,2180.0,3.033572471515729,11.192676094447283,-3.0810813903808594,0.39215344836053806,-5.385362637784645,0.04355781873594111,0.008026096132130947,0.32464173525662,-0.11510072332155952,0.41203766795631025,-0.0035484405234456062,0.05469336733222008
1769860074.6356244,2182.0,3.017738466270707,11.191075643420373,-3.073559284210205,0.3919648304750035,-6.292108467560421,0.04391330083738154,0.00815808697439356,0.32529157975155765,-0.11628624604893688,0.41383262777855817,-0.0035484405234456062,0.05469336733222008
1769860074.696309,2182.0,3.017738466270707,11.191075643420373,-3.070247173309326,0.3919648304750035,-5.68923146276018,0.040601189936502635,0.00815808697439356,0.3253156521467698,-0.11172487225849977,0.40744769385285845,-0.004347187466919422,0.056178465485572815
1769860074.7437146,2184.0,3.002067700001424,11.18942983323007,-3.070247173309326,0.3919648304750035,-5.68923146276018,0.05068159103393555,0.008331849418408605,0.32488943937217524,-0.13020552908731528,0.4106360212194099,-0.004246912896633148,0.05474988371133804
1769860074.784053,2185.0,2.986732248431749,11.187709409039037,-3.0642285346984863,0.39191265602979247,-6.085868121291114,0.050661325454711914,0.008531973241774675,0.3250259550002387,-0.130882597278705,0.4064250902140158,-0.004246912896633148,0.05474988371133804
1769860074.8434827,2185.0,2.986732248431749,11.187709409039037,-3.0642285346984863,0.39191265602979247,-6.085868121291114,0.050661325454711914,0.008531973241774675,0.32501887703492555,-0.13088052361141309,0.4037446864058603,-0.0036735422909259796,0.05575355887413025
1769860074.8960671,2187.0,2.9716511189613812,11.18591738714535,-3.0599212646484375,0.3918023238674364,-6.690297177133668,0.05793499946594238,0.008768017773259546,0.32534230657699204,-0.14605090196981163,0.41041662078554575,-0.0036735422909259796,0.05575355887413025
1769860074.9468968,2187.0,2.9716511189613812,11.18591738714535,-3.0521745681762695,0.3918023238674364,-6.455812737486109,0.050188302993774414,0.008768017773259546,0.3253501102114415,-0.13087575434191506,0.4080874997126114,-0.00498581025749445,0.06057411804795265
1769860074.9875762,2188.0,2.9576218257196096,11.184146508613399,-3.0521745681762695,0.3918023238674364,-6.455812737486109,0.0557711124420166,0.009003923440271998,0.32536611497645884,-0.14268241699961245,0.40743203047520776,-0.00547436811029911,0.060993604362010956
1769860075.043831,2188.0,2.9576218257196096,11.184146508613399,-3.0492095947265625,0.3918023238674364,-6.9097793397922445,0.05280613899230957,0.009003923440271998,0.32534540604276213,-0.1368637162417008,0.40398358617449603,-0.00547436811029911,0.060993604362010956
1769860075.090458,2189.0,2.944963532298568,11.182456024701638,-3.0492095947265625,0.3915446600610037,-6.9097793397922445,0.05825042724609375,0.009220420606911977,0.32607009718146807,-0.14833538486444775,0.40900587086442614,-0.0049680061638355255,0.05989975482225418
1769860075.1591392,2191.0,2.9324809034712107,11.180727389045616,-3.043640375137329,0.3915446600610037,-6.662711114023928,0.06315398216247559,0.009458814465848595,0.32613142689413877,-0.15881071837964786,0.40593220292278887,-0.00503222830593586,0.061301130801439285
1769860075.219381,2192.0,2.9199662313032757,11.178899680925351,-3.0374362468719482,0.3912361157716424,-6.401363647050291,0.06197834014892578,0.009687137343206273,0.32697776660255456,-0.15735004310907105,0.41287542338930766,-0.00503222830593586,0.061301130801439285
1769860075.2987487,2192.0,2.9199662313032757,11.178899680925351,-3.0304148197174072,0.3910851992413372,-7.460227285971043,0.054956912994384766,0.009687137343206273,0.3270910853467499,-0.15406096787079715,0.4087880915040676,-0.005366241559386253,0.05948272719979286
1769860075.3478475,2193.0,2.9066441502165206,11.176838580575591,-3.0232367515563965,0.3910851992413372,-7.4990204357802295,0.05266904830932617,0.00990435350639315,0.32747265044579715,-0.13998224744484394,0.41655789852982333,-0.005459235981106758,0.05942044034600258
1769860075.4069867,2195.0,2.893556747803842,11.174716002347497,-3.0232367515563965,0.3910851992413372,-7.4990204357802295,0.062033653259277344,0.01010680745050095,0.3274956206047506,-0.15907190526583234,0.40629671331360184,-0.00422227568924427,0.057210177183151245
1769860075.4676573,2196.0,2.879617999623531,11.172353502251312,-3.0187196731567383,0.39101234002639634,-8.368100276949129,0.061990976333618164,0.010311750842075047,0.32769751918881446,-0.15970912205399662,0.40938879120836225,-0.005872168578207493,0.06068933755159378
1769860075.5776412,2196.0,2.879617999623531,11.172353502251312,-3.007000684738159,0.3908166748936345,-8.175100304803465,0.05027198791503906,0.010311750842075047,0.32778882759102235,-0.1558689661377525,0.410005311245436,-0.00708632729947567,0.06204903870820999
1769860075.644296,2200.0,2.8448574904491855,11.165874606671604,-2.994668960571289,0.3908166748936345,-8.175100304803465,0.054453134536743164,0.010624349740597212,0.32827177554961595,-0.14621230156754728,0.4258148442205946,-0.005347941070795059,0.05904697999358177
1769860075.69501,2202.0,2.826292053597323,11.162093738688261,-2.9833319187164307,0.3904734024937059,-7.841713309125553,0.05054116249084473,0.010683024311046476,0.32924982407125986,-0.138801913938198,0.41166757881012156,-0.005347941070795059,0.05904697999358177
1769860075.777393,2202.0,2.826292053597323,11.162093738688261,-2.9775309562683105,0.3900430130317333,-8.498991505181607,0.04474020004272461,0.010683024311046476,0.32987037515651985,-0.13323116789042758,0.40516931268102635,-0.007217681035399437,0.06019050255417824
1769860075.8391805,2203.0,2.8089722045165337,11.158428939352987,-2.9728713035583496,0.38962115062863345,-9.099183904594515,0.04358553886413574,0.01072210066574865,0.33172977102058127,-0.12532090612284996,0.41545844844896396,-0.006441392004489899,0.05599135160446167
1769860075.8923664,2205.0,2.792573550136477,11.154856709099935,-2.9728713035583496,0.3900430130317333,-9.099183904594515,0.050179481506347656,0.010757970783147969,0.33073056877228385,-0.13843471505975458,0.40960745449113517,-0.006830701604485512,0.05399470403790474
1769860075.9424648,2207.0,2.7788104365770927,11.1517105340355,-2.9674277305603027,0.3900430130317333,-8.827043246697253,0.050775766372680664,0.010713036330060289,0.33063347665650356,-0.139462524373841,0.40652209204653256,-0.006830701604485512,0.05399470403790474
1769860076.0115907,2207.0,2.7788104365770927,11.1517105340355,-2.962085247039795,0.39022353439003404,-8.02039198534551,0.04543328285217285,0.010713036330060289,0.3302934769948758,-0.13213873869414122,0.4060076463528052,-0.006715090945363045,0.05137551575899124
1769860076.071237,2208.0,2.76764152165856,11.14906164995632,-2.9574291706085205,0.38962115062863345,-9.11414881083705,0.04358935356140137,0.01062711605394214,0.331773546777795,-0.1250799892204248,0.41192730990968485,-0.008478272706270218,0.05466344952583313
1769860076.1389475,2209.0,2.7589916861615036,11.146902390656622,-2.9574291706085205,0.38962115062863345,-8.930633916760762,0.04626321792602539,0.010481175524225454,0.3319137136305682,-0.12981487503289169,0.40850966047264253,-0.008821405470371246,0.0532560758292675
1769860076.1867146,2210.0,2.749675373670804,11.1445192774334,-2.9517784118652344,0.38962115062863345,-8.930633916760762,0.04314756393432617,0.010291920399930474,0.33192065325949527,-0.12303073793930006,0.4108243891898893,-0.009208237752318382,0.05155598372220993
1769860076.2824957,2210.0,2.749675373670804,11.1445192774334,-2.944725513458252,0.38962115062863345,-8.37734779271449,0.03609466552734375,0.010291920399930474,0.33192602138278726,-0.11623884835239223,0.40483569808178604,-0.009208237752318382,0.05155598372220993
1769860076.3761973,2212.0,2.729809850923172,11.13918751153678,-2.9362645149230957,0.3893452394208057,-7.95276385699682,0.032288312911987305,0.009722410226233514,0.3326883581482097,-0.09963005656679672,0.4196074535670611,-0.008408777415752411,0.04938049614429474
1769860076.4649258,2213.0,2.718849314909518,11.136155788121084,-2.9307308197021484,0.3893452394208057,-7.633583619720392,0.02887415885925293,0.009362475586045891,0.3327815485846594,-0.09157690040537118,0.41833353691998276,-0.010747479274868965,0.04965308681130409
1769860076.5471408,2214.0,2.7071416488559885,11.132866446695619,-2.9238317012786865,0.3893452394208057,-7.931724911020075,0.0239560604095459,0.008958444702101932,0.3327946028887116,-0.08040036603689904,0.41803356200845376,-0.009977543726563454,0.046862293034791946
1769860076.6247556,2215.0,2.6959462450493143,11.129660263082604,-2.9190711975097656,0.3893452394208057,-7.931724911020075,0.021038055419921875,0.008539790776691045,0.332810719128133,-0.07310546874365648,0.4139458974785363,-0.00954636000096798,0.0423697791993618
1769860076.6825287,2217.0,2.6838709051811582,11.126147378122104,-2.9125075340270996,0.38948433652794306,-7.990614046861463,0.017743825912475586,0.00806186280018283,0.3324522752890929,-0.0648641422401013,0.41388879752924024,-0.010022278875112534,0.04121425747871399
1769860076.7576425,2218.0,2.6718524197973013,11.122583953615708,-2.9041810035705566,0.38965633082737106,-7.570992037356315,0.010843992233276367,0.0075459921684226045,0.3319656028011255,-0.049315559157870115,0.4075760295654229,-0.010022278875112534,0.04121425747871399
1769860076.8134978,2218.0,2.6718524197973013,11.122583953615708,-2.8976118564605713,0.38986359293093525,-7.166555483872172,0.004274845123291016,0.0075459921684226045,0.3313692436638097,-0.03627520447693496,0.4140457110956742,-0.010859528556466103,0.039632320404052734
1769860076.89439,2219.0,2.6591435953775675,11.118727416751474,-2.887927293777466,0.3899490563568587,-7.437844457402897,-0.004121303558349609,0.006938716803584061,0.33108781073105925,-0.01738237180122993,0.40757982265672466,-0.01080290600657463,0.0386231429874897
1769860076.9661534,2221.0,2.645261561739809,11.11440595785454,-2.887927293777466,0.39010488944996036,-7.049142034301949,-0.0019600391387939453,0.006194233902867117,0.3306693328249268,-0.018957984229633393,0.4113579599815536,-0.012995114549994469,0.037738263607025146
1769860077.026023,2222.0,2.6291058178369915,11.10925329907579,-2.877936840057373,0.3903523447670555,-6.659995426053277,-0.011077642440795898,0.005234821024429066,0.3299751450831698,0.0026739792787320305,0.4132430456172643,-0.012585330754518509,0.03403106704354286
1769860077.0846183,2224.0,2.6145187338554594,11.104508454522382,-2.8721399307250977,0.3903523447670555,-6.659995426053277,-0.015544652938842773,0.004298123565595906,0.3299515364801753,0.014977088861295737,0.4077510314915562,-0.012004218995571136,0.023775044828653336
1769860077.1392522,2225.0,2.599837071116233,11.099645946178303,-2.8670413494110107,0.3909603605740306,-5.246969894117647,-0.02018594741821289,0.0032846252738246923,0.3283019216547229,0.027918575467666653,0.40959073130693224,-0.012004218995571136,0.023775044828653336
1769860077.2023046,2225.0,2.599837071116233,11.099645946178303,-2.861499547958374,0.3906328689632618,-4.6066016452212795,-0.02572774887084961,0.0032846252738246923,0.3290634024942152,0.03892200152972795,0.40712901664322043,-0.014514541253447533,0.025316786020994186
1769860077.2692263,2227.0,2.5849745004402935,11.094656024279308,-2.861499547958374,0.3906328689632618,-4.6066016452212795,-0.024430274963378906,0.002208474217922542,0.32911522188867165,0.04027799137221642,0.4063794279592128,-0.010600429028272629,0.017337962985038757
1769860077.333188,2229.0,2.5708070536041516,11.089847372230555,-2.8562748432159424,0.3911342471231936,-3.716441592094054,-0.028791427612304688,0.0011446040743525536,0.3277563883295906,0.05281875594264415,0.40983962230430093,-0.013298425823450089,0.017900459468364716
1769860077.3933313,2230.0,2.5566036317431875,11.085017582170645,-2.850121259689331,0.39143727795407024,-2.825573404073694,-0.03467583656311035,7.779194457622095e-05,0.3268202550772642,0.06839110820406616,0.41026150826798785,-0.013298425823450089,0.017900459468364716
1769860077.4619813,2230.0,2.5566036317431875,11.085017582170645,-2.845144510269165,0.39143727795407024,-2.0784161175024423,-0.03965258598327637,7.779194457622095e-05,0.3267624114220076,0.07823566157049242,0.40751603310480383,-0.011120630428195,0.008849896490573883
1769860077.5240068,2232.0,2.5401921738393125,11.079458921022086,-2.845144510269165,0.39110978634330146,-1.0862124844335668,-0.03943991661071777,-0.0011279834478089379,0.32767512001758203,0.08220355315991339,0.4101560651919034,-0.010886451229453087,0.002113334834575653
1769860077.585207,2234.0,2.523182730128377,11.073733012984373,-2.8419950008392334,0.39110978634330146,-1.0862124844335668,-0.04281044006347656,-0.0023429779492948654,0.3277759568872055,0.09329314979539347,0.40897087457781073,-0.010268094018101692,-0.0011241771280765533
1769860077.6594577,2235.0,2.5066906539519844,11.068229493098132,-2.8402111530303955,0.3906328689632618,0.15320772717678133,-0.044867753982543945,-0.0034797056844811905,0.32910652703836374,0.10149637600885093,0.40915110584361575,-0.010268094018101692,-0.0011241771280765533
1769860077.7114427,2235.0,2.5066906539519844,11.068229493098132,-2.839367151260376,0.39069416906774485,0.8581239811446417,-0.04571175575256348,-0.0034797056844811905,0.3290577947905898,0.10315664679925107,0.41421327067637936,-0.01094159297645092,-0.0006774291396141052
1769860077.7718236,2237.0,2.4912232157302463,11.063113103868492,-2.839367151260376,0.39069416906774485,0.8581239811446417,-0.04658365249633789,-0.004512014180861894,0.32905363870862114,0.10862075445869804,0.4068835487193563,-0.00934835709631443,-0.003016658127307892
1769860077.8761876,2238.0,2.4777971260719425,11.058743398900509,-2.8395421504974365,0.3906949798726297,2.307758912892344,-0.04700756072998047,-0.00535048499818254,0.32906465978943616,0.11250387642878829,0.4082755189142099,-0.007134782150387764,-0.0058841221034526825
1769860077.937163,2240.0,2.4656549381887642,11.054891176394841,-2.8404414653778076,0.3906949798726297,2.307758912892344,-0.047631025314331055,-0.006024255080377459,0.32907473903355716,0.11616094050356371,0.4222720180279596,-0.006506150588393211,-0.004941429942846298
1769860078.001469,2241.0,2.454228637303909,11.051385589435688,-2.842362880706787,0.39110978634330146,3.026291794645046,-0.04663372039794922,-0.0065549687254281815,0.3279389550138733,0.11612096490899487,0.4085101670737832,-0.005359457805752754,-0.014741387218236923
1769860078.0491197,2242.0,2.4424658970890887,11.047893995558642,-2.844353437423706,0.39110978634330146,3.91852185631553,-0.04567599296569824,-0.007002275752943652,0.3278438924375039,0.11585507339401094,0.4102004236936583,-0.005359457805752754,-0.014741387218236923
1769860078.110272,2242.0,2.4424658970890887,11.047893995558642,-2.844353437423706,0.39110978634330146,4.482573215403061,-0.04567599296569824,-0.007002275752943652,0.32784300770537234,0.1158556007366447,0.40367236073977225,-0.004933072254061699,-0.013915453106164932
1769860078.1877203,2243.0,2.430046335099311,11.044307290286415,-2.8472325801849365,0.39110978634330146,4.482573215403061,-0.04393792152404785,-0.007395902839284881,0.3278506465455166,0.1138579381032352,0.40907249532388545,-0.003930201753973961,-0.02206581085920334
1769860078.2476873,2245.0,2.416762970017692,11.040586534958745,-2.8510825634002686,0.39143727795407024,5.345303740757825,-0.04269552230834961,-0.007728158713686254,0.3269503802597691,0.11259512492518842,0.4145474242943483,-0.001974092796444893,-0.027950607240200043
1769860078.3082867,2245.0,2.416762970017692,11.040586534958745,-2.8545711040496826,0.39143727795407024,5.815313981180021,-0.03920698165893555,-0.007728158713686254,0.32689130321920257,0.10778884890417884,0.410017916847979,-0.001974092796444893,-0.027950607240200043
1769860078.3566954,2246.0,2.4034725441925002,11.036984011947633,-2.8545711040496826,0.39110978634330146,5.815313981180021,-0.04067349433898926,-0.007970641688383589,0.3277743292206507,0.10948512722499165,0.4101193976890482,-0.0027954522520303726,-0.02793210744857788
1769860078.4108303,2248.0,2.389853188647193,11.033407193205846,-2.860419273376465,0.39110978634330146,6.223510798010216,-0.03808403015136719,-0.008138172712985838,0.3278514309990671,0.10496630670054455,0.40584702358163754,-0.0006980281323194504,-0.03720436617732048
1769860078.4729002,2248.0,2.389853188647193,11.033407193205846,-2.8661344051361084,0.3906949798726297,6.445997298230913,-0.03236889839172363,-0.008138172712985838,0.32864639232279114,0.09708121630448012,0.40629475763016576,-0.0006980281323194504,-0.03720436617732048
1769860078.5365427,2249.0,2.3761991503430266,11.029976412418232,-2.873368501663208,0.3906949798726297,6.65553163512446,-0.026926755905151367,-0.008189412923959537,0.3290573350263456,0.08312656126128597,0.40860729920345196,-0.0002665594220161438,-0.03540510684251785
1769860078.595346,2251.0,2.3614153196003635,11.026437984502843,-2.873368501663208,0.3906949798726297,6.65553163512446,-0.030836105346679688,-0.008115282969381105,0.32907700455165695,0.09053800754770824,0.410479281100143,5.614757537841797e-05,-0.03228238970041275
1769860078.6538832,2252.0,2.3467082953935114,11.023055633530523,-2.88028621673584,0.39058239342794965,6.638006740655221,-0.026035785675048828,-0.007954080512510316,0.3293786338418963,0.08044820606657628,0.4092593370266697,0.000472433865070343,-0.03452814370393753
1769860078.700736,2254.0,2.3319752245614516,11.019794069871844,-2.885556936264038,0.390509015606334,6.638036955162493,-0.025325298309326172,-0.007719226582740814,0.3295978264417198,0.07814383084031817,0.4086467408443392,0.000472433865070343,-0.03452814370393753
1769860078.7493079,2254.0,2.3319752245614516,11.019794069871844,-2.885556936264038,0.39030585663004247,6.638036955162493,-0.025325298309326172,-0.007719226582740814,0.3301774326433875,0.07814490890877807,0.4047934079255193,0.0003682635724544525,-0.037175197154283524
1769860078.796572,2255.0,2.316606806847447,11.016527653454947,-2.8914756774902344,0.39030585663004247,6.451225451961555,-0.021849393844604492,-0.007399186634070108,0.330211961523112,0.07007881026369261,0.4055853587997666,0.0003682635724544525,-0.037175197154283524
1769860078.8894522,2255.0,2.316606806847447,11.016527653454947,-2.8914756774902344,0.39006081621289457,6.175846120782776,-0.021849393844604492,-0.007399186634070108,0.3308929359043732,0.07007626895961099,0.40490163779293714,0.002437254413962364,-0.038683343678712845
1769860078.9714844,2257.0,2.3010784216717854,11.013343815887294,-2.906299591064453,0.3899013274589893,6.273035709444889,-0.012236833572387695,-0.007025528877895428,0.3313727522406516,0.049640941669471556,0.41985781284180557,0.0008012671023607254,-0.0419163778424263
1769860079.0434513,2258.0,2.28637987423431,11.010441439003102,-2.912590742111206,0.38974206216704027,6.014126365016976,-0.008713960647583008,-0.006625647826192397,0.33183844578752797,0.04114853697497738,0.4143396831666449,0.0027881935238838196,-0.04358898103237152
1769860079.1157343,2260.0,2.27121400547984,11.007546619769318,-2.912590742111206,0.3896882915204499,5.562343964243346,-0.014575958251953125,-0.006182963298880749,0.33201179296151867,0.0510980673169282,0.4126998539329213,0.003219064325094223,-0.04676193743944168
1769860079.1767912,2261.0,2.2556235996821448,11.004657293679681,-2.92460036277771,0.3896882915204499,5.187445718007274,-0.005660057067871094,-0.005718677483852076,0.3320152749866792,0.03167302516561905,0.41282484923977153,0.004573041573166847,-0.047641173005104065
1769860079.2480996,2263.0,2.240362858680894,11.001904458675671,-2.92460036277771,0.3896882915204499,5.187445718007274,-0.012172937393188477,-0.005268467104406351,0.3320049537497758,0.04288634601020556,0.40538361027759456,0.004031024873256683,-0.04579562693834305
1769860079.3197162,2264.0,2.225744664043693,10.999330380132417,-2.929875373840332,0.3896882915204499,4.609342677013566,-0.010317087173461914,-0.0048517092348475226,0.33199880734455406,0.03764975655108988,0.41297211672082756,0.005819227546453476,-0.046799205243587494
1769860079.3670173,2266.0,2.211229248882126,10.99682601075261,-2.934019088745117,0.3896882915204499,4.477311702134473,-0.013337135314941406,-0.004464429818564567,0.3319913047775419,0.042195170845330504,0.4090766348838898,0.005819227546453476,-0.046799205243587494
1769860079.4355226,2266.0,2.211229248882126,10.99682601075261,-2.934019088745117,0.3896882915204499,4.477373470907251,-0.013337135314941406,-0.004464429818564567,0.3320093646404744,0.0421962539191772,0.404343693178897,0.003954403102397919,-0.047105319797992706
1769860079.4934924,2267.0,2.197367861586952,10.994468576159752,-2.938307046890259,0.3896882915204499,4.477373470907251,-0.012793540954589844,-0.004136040274369335,0.33198715932493766,0.03990187079878983,0.411464564120976,0.004411255940794945,-0.04960433393716812
1769860079.5574892,2269.0,2.1827433205824915,10.992019211055407,-2.9426887035369873,0.3896882915204499,4.015074455409326,-0.016226530075073242,-0.003835083736360877,0.3319813511206904,0.045605278086447806,0.40818307739933885,0.007172750309109688,-0.05528370290994644
1769860079.6468031,2270.0,2.1677048279364697,10.989536050577287,-2.949044704437256,0.3896882915204499,2.844216448715823,-0.013940572738647461,-0.00358285163874311,0.33197884593536287,0.04014444090947522,0.41014514361889487,0.007172750309109688,-0.05528370290994644
1769860079.728223,2272.0,2.151145428340443,10.986837983788412,-2.9541831016540527,0.38937421084726265,2.3576375018042195,-0.017267704010009766,-0.003382133472710213,0.33283795574120273,0.04602301600589135,0.41626999645968404,0.009172135964035988,-0.05501117184758186
1769860079.8064144,2272.0,2.151145428340443,10.986837983788412,-2.9567511081695557,0.38937421084726265,2.9277035985353566,-0.014699697494506836,-0.003382133472710213,0.3329261968980623,0.04092766894126559,0.4078794064619899,0.006348935887217522,-0.04719794541597366
1769860079.876378,2274.0,2.134602695347175,10.984147178735459,-2.9588375091552734,0.38937421084726265,1.8147306664016167,-0.021512746810913086,-0.003300037693669043,0.33291170589916547,0.054170767926558554,0.41361515720576514,0.0059102363884449005,-0.0455998033285141
1769860079.9388695,2275.0,2.1176534879179796,10.981405450546973,-2.962157964706421,0.38937421084726265,2.4572066251224953,-0.022804737091064453,-0.0033337220135002702,0.33291515359049934,0.05686670312800291,0.4106507414292158,0.007295297458767891,-0.045737508684396744
1769860080.0038345,2277.0,2.101303795913651,10.978767204027507,-2.962157964706421,0.38937421084726265,2.4572066251224953,-0.03235483169555664,-0.003492280000863543,0.3329142145695062,0.076419744737698,0.40910187735545167,0.004016309976577759,-0.03794737532734871
1769860080.0640304,2279.0,2.0862373469253948,10.976322300041076,-2.963179349899292,0.38985390948803555,2.417605205270896,-0.04131770133972168,-0.0037714625187317864,0.3315913831038105,0.09520597561290857,0.4105662751274242,0.004016309976577759,-0.03794737532734871
1769860080.1263995,2280.0,2.0732438000849274,10.974216554374538,-2.9649550914764404,0.3902928981706488,2.417667260831213,-0.044696807861328125,-0.004104582855676864,0.33026057565248185,0.10309875227157808,0.4093537097068054,0.006305014714598656,-0.04372548311948776
1769860080.2031543,2280.0,2.0732438000849274,10.974216554374538,-2.9649550914764404,0.3902928981706488,2.28620879144696,-0.044696807861328125,-0.004104582855676864,0.33012811855457935,0.1030928581062196,0.4081090794497217,0.006071019917726517,-0.048265937715768814
1769860080.2696533,2281.0,2.059775899013268,10.972061995100974,-2.9672722816467285,0.3902928981706488,2.28620879144696,-0.04764270782470703,-0.004517704066098193,0.33015347359183156,0.11043953483713753,0.41325059786227175,0.00666850246489048,-0.049149878323078156
1769860080.3266633,2283.0,2.046550312839213,10.96997236403344,-2.9696736335754395,0.3904433758499435,2.3001070350252544,-0.056093454360961914,-0.004994753307397493,0.32971265962763413,0.12887814429009803,0.4107627058534886,0.005966247990727425,-0.049142517149448395
1769860080.38738,2284.0,2.0336437582810545,10.967954351173862,-2.97189998626709,0.3905125167796976,2.6369245776006096,-0.05945587158203125,-0.005534602276532122,0.32946490213500723,0.13744321094316608,0.40819063312154885,0.005966247990727425,-0.049142517149448395
1769860080.4708693,2284.0,2.0336437582810545,10.967954351173862,-2.974337339401245,0.3905125167796976,2.3449826956431803,-0.05701851844787598,-0.005534602276532122,0.32939839364429596,0.13265722879247469,0.40944597566425667,0.006719285622239113,-0.050095587968826294
1769860080.5313177,2286.0,2.018407069088996,10.965635108218283,-2.9785330295562744,0.39072111814930677,3.1037563751744504,-0.06432557106018066,-0.006233554304492222,0.32882736271987284,0.14959787454165327,0.4151033815988162,0.005975030362606049,-0.04807981848716736
1769860080.5787559,2287.0,2.001398217429597,10.963078564792294,-2.9785330295562744,0.39072111814930677,3.1037563751744504,-0.07023978233337402,-0.007144983768830958,0.328733896035597,0.1644582263550853,0.4091897020339818,0.005033940076828003,-0.04248647391796112
1769860080.6558144,2289.0,1.9842363156497913,10.960551558156443,-2.9811415672302246,0.39082907072264494,4.378528844937177,-0.07978487014770508,-0.008192090707262342,0.3283059455189936,0.18686592397385982,0.4040729933557846,0.005033940076828003,-0.04248647391796112
1769860080.7352288,2291.0,1.9672143382593077,10.95810993602334,-2.9842779636383057,0.39082907072264494,5.454900587045102,-0.08923602104187012,-0.009349549159754868,0.32805911427624085,0.2093104718215279,0.4152599599907192,0.006964897736907005,-0.05376878008246422
1769860080.7871501,2292.0,1.9504195318175683,10.955807418788178,-2.9876904487609863,0.3911986898891344,5.907123378226233,-0.09228014945983887,-0.010569190664462134,0.32684194846333114,0.21944828411140382,0.4153596297368186,0.00875096209347248,-0.059959910809993744
1769860080.858442,2292.0,1.9504195318175683,10.955807418788178,-2.9876904487609863,0.3911986898891344,5.90678566742744,-0.09228014945983887,-0.010569190664462134,0.32659124010546264,0.2194106290344756,0.4067350212937638,0.00877305492758751,-0.06185903400182724
1769860080.9326165,2294.0,1.936185835489828,10.953957615894813,-2.9918806552886963,0.3911986898891344,5.90678566742744,-0.10132837295532227,-0.011647958172964483,0.3262637910864339,0.2406408409087162,0.41568933678774833,0.009718792513012886,-0.06328751146793365
1769860080.9912298,2295.0,1.9216015221841818,10.952262341954377,-2.9986581802368164,0.39082907072264494,7.384173739300667,-0.1013329029083252,-0.012695779763450847,0.3268825252125024,0.24425614908557636,0.41029361554388905,0.00952778197824955,-0.06337079405784607
1769860081.0484984,2295.0,1.9216015221841818,10.952262341954377,-3.0027248859405518,0.39082907072264494,7.874915909769707,-0.09726619720458984,-0.012695779763450847,0.32680501298983067,0.2364998470416175,0.40641772432139756,0.00952778197824955,-0.06337079405784607
1769860081.113463,2297.0,1.9087875701560921,10.950895427830805,-3.0027248859405518,0.3906606642896332,7.600699331710145,-0.11115550994873047,-0.013615173158929957,0.32648093970988085,0.26622655915840115,0.4085709013303116,0.00968167744576931,-0.0628943219780922
1769860081.1990767,2298.0,1.8969823756774757,10.949751063422704,-3.0067269802093506,0.3906606642896332,8.571326835364317,-0.11426091194152832,-0.01444949754634893,0.32579816125140787,0.27478958632230943,0.4099344932136482,0.011147120967507362,-0.0681276023387909
1769860081.262974,2299.0,1.8855547926173848,10.948765857676724,-3.0115976333618164,0.3906606642896332,8.571326835364317,-0.10777878761291504,-0.015190465014398037,0.3290223528480325,0.2658133763451716,0.4171027621092736,0.011985359713435173,-0.06550124287605286
1769860081.3464272,2300.0,1.871719243312274,10.947748013720135,-3.0218331813812256,0.3906606642896332,10.706628778514677,-0.09586906433105469,-0.015885818521964423,0.32905692863635283,0.2458046143777591,0.41003564455093305,0.011985359713435173,-0.06550124287605286
1769860081.4015262,2302.0,1.857965859521509,10.946984932023032,-3.032485246658325,0.3906606642896332,11.992606643265493,-0.0816800594329834,-0.016295384438994115,0.3290701019829017,0.22025372533637746,0.41388588475045157,0.011904461309313774,-0.0667639672756195
1769860081.4539938,2302.0,1.857965859521509,10.946984932023032,-3.043952465057373,0.3906606642896332,12.57346050097124,-0.07021284103393555,-0.016295384438994115,0.32908587225880015,0.19816915577037184,0.4080473630617484,0.011842083185911179,-0.06358341872692108
1769860081.5152924,2303.0,1.8433566891092457,10.946353884599032,-3.043952465057373,0.3906606642896332,12.57346050097124,-0.06835031509399414,-0.016513085705939713,0.32907505358577005,0.19528699810759548,0.40695889830093346,0.012438401579856873,-0.06278803944587708
1769860081.5822592,2305.0,1.8268025349639547,10.945903251884816,-3.0572757720947266,0.3906606642896332,13.787704562548525,-0.05111336708068848,-0.016445841822532784,0.3290913334103694,0.16178397592927446,0.410071722601189,0.012438401579856873,-0.06278803944587708
1769860081.648658,2305.0,1.8268025349639547,10.945903251884816,-3.070894479751587,0.39036138390906994,13.994846462721748,-0.037494659423828125,-0.016445841822532784,0.3299110291768838,0.13509094453582213,0.4117984619036165,0.013701552525162697,-0.06101666018366814
1769860081.724907,2307.0,1.8096352639114386,10.945683313970846,-3.0786209106445312,0.3901468671599049,13.55044309097421,-0.025603532791137695,-0.016070253427010635,0.3305881089586096,0.11035599335319815,0.40942354915437074,0.01661471091210842,-0.05807866156101227
1769860081.80937,2308.0,1.7944280006639886,10.94583231635487,-3.0786209106445312,0.389986741862003,15.25365823406632,-0.02342677116394043,-0.015341640364956445,0.33109362574927287,0.10335315740599482,0.4143699331559139,0.016456952318549156,-0.054617419838905334
1769860081.8838947,2310.0,1.7797971781490716,10.946338422659851,-3.110973358154297,0.3898004041187524,15.744283550414144,0.013467073440551758,-0.014229716097979569,0.33166331835012736,0.026566649772527123,0.41717218959501134,0.014357967302203178,-0.047769807279109955
1769860081.9532282,2311.0,1.7641022609754837,10.947172815535303,-3.110973358154297,0.3895594122350312,14.08356698868631,0.015832185745239258,-0.012690756980952404,0.3323816593650243,0.01584688718360685,0.41068424631522965,0.015059128403663635,-0.045584842562675476
1769860082.0092065,2313.0,1.7493746377746167,10.948237052780508,-3.1268184185028076,0.3895594122350312,14.08356698868631,0.03659558296203613,-0.01091194699829489,0.33244976169050733,-0.03196111058586592,0.4107345466995107,0.014085028320550919,-0.04027394950389862
1769860082.0732195,2314.0,1.7351143704071013,10.949512501539925,-3.1406657695770264,0.38929241557135996,12.619608883808077,0.05299639701843262,-0.008893574290351987,0.33318820006044664,-0.0719700426344361,0.4066449879193357,0.014085028320550919,-0.04027394950389862
1769860082.1257296,2314.0,1.7351143704071013,10.949512501539925,3.128082275390625,0.3892239020456535,11.35425625531289,0.06743365923036748,-0.008893574290351987,0.33334404180488636,-0.10050687196900207,0.4069664700513998,0.011769620701670647,-0.030134286731481552
1769860082.19444,2316.0,1.7199708382220755,10.951048095510277,3.128082275390625,0.3892239020456535,11.189120785344516,0.07272869745363408,-0.00651211859750448,0.33347247116952733,-0.11959658684071073,0.4059371037072307,0.01089644618332386,-0.018044255673885345
1769860082.251689,2317.0,1.7062080591566766,10.95261306967253,3.1221859455108643,0.3892239020456535,11.189120785344516,0.0813668409930628,-0.004125998447893613,0.33346782801126773,-0.14525727487955806,0.4108185529430258,0.010287541896104813,-0.012316994369029999
1769860082.309321,2318.0,1.6928320644584898,10.954256785306919,3.1091065406799316,0.3892239020456535,7.740140972338498,0.09725076356996709,-0.0016349355101766291,0.33347183921790396,-0.1853017066876021,0.40692572767827045,0.010287541896104813,-0.012316994369029999
1769860082.3715749,2318.0,1.6928320644584898,10.954256785306919,3.0989856719970703,0.3892239020456535,6.322932663112019,0.10737163225282842,-0.0016349355101766291,0.3333566357939654,-0.2047162675775429,0.4062447610610535,0.010415080934762955,-0.010013900697231293
1769860082.4519005,2320.0,1.679833913875837,10.955885643922901,3.0989856719970703,0.38893634792521486,1.5221569077679922,0.11316901842226201,0.0008652942308058567,0.3342674854040553,-0.22474168422500876,0.40889626505435395,0.008513959124684334,-0.0020028352737426758
1769860082.5048866,2321.0,1.6665806240783556,10.95749444457756,3.0947113037109375,0.38893634792521486,1.5221569077679922,0.12043649355043584,0.003412742728501708,0.3343392113823511,-0.2476183258083483,0.4165075290106465,0.009707590565085411,-0.0008389316499233246
1769860082.5555036,2322.0,1.6536529762313503,10.958987698977458,3.087857246398926,0.38893634792521486,0.9079597540406281,0.1303463617907923,0.005871740221392032,0.33433757529582325,-0.27498189003217083,0.40387068452656716,0.009707590565085411,-0.0008389316499233246
1769860082.6352303,2322.0,1.6536529762313503,10.958987698977458,3.086472749710083,0.3892239020456535,-1.8312367451210152,0.13173085847963506,0.005871740221392032,0.3334402108754101,-0.2774339747767224,0.4034339125582763,0.009807337075471878,0.004147715866565704
1769860082.700886,2323.0,1.6404931955793969,10.960359959967459,3.0859792232513428,0.38893634792521486,-4.123579694329785,0.13534289995302373,0.008279506771858373,0.3342746140015328,-0.2925778647721326,0.4143100486649209,0.009807337075471878,0.004147715866565704
1769860082.7820275,2325.0,1.6260246005676184,10.96158342231637,3.0859792232513428,0.3886479315257797,-4.123579694329785,0.14176828065981084,0.010704606319623493,0.33514458341736164,-0.31286499716137894,0.40977840859811104,0.009365156292915344,0.010416995733976364
1769860082.8686528,2327.0,1.6087103325192682,10.962653301005384,3.090691328048706,0.3886479315257797,-6.8523796701425645,0.14373284975160772,0.013302109314612107,0.3352317465887478,-0.3252758058878725,0.41454914098073953,0.008330423384904861,0.012436006218194962
1769860082.9283657,2328.0,1.5914766234990743,10.963475870217488,3.0950756072998047,0.3885742139518795,-8.32262879417035,0.14278108278383428,0.015744685264892935,0.335434113067564,-0.33179567282884326,0.4147186641884996,0.008085353299975395,0.013834979385137558
1769860082.993481,2330.0,1.574951347980868,10.96397165447807,3.1003806591033936,0.3885742139518795,-10.617005729770701,0.14452940622438604,0.017890453028156086,0.33544893820012006,-0.3422422312010147,0.40701273113022973,0.008085353299975395,0.013834979385137558
1769860083.051171,2330.0,1.574951347980868,10.96397165447807,3.1054747104644775,0.38837551812162674,-11.729378129864061,0.13943535486330205,0.017890453028156086,0.33576468214759997,-0.3357302795821892,0.40935320576470086,0.009817877784371376,0.01308818906545639
1769860083.1087656,2332.0,1.5583515350083939,10.96424098725441,3.1054747104644775,0.38837551812162674,-11.729378129864061,0.14674002328981572,0.019915085761880124,0.3360329807800444,-0.3530955445519439,0.4068815496819051,0.009807668626308441,0.011803418397903442
1769860083.1635032,2333.0,1.5432309814644067,10.964066529971191,3.1154420375823975,0.38837551812162674,-14.187484998913707,0.14051920572389776,0.021428918639253662,0.3360298026673611,-0.346833507834868,0.40712084062769777,0.009807668626308441,0.011803418397903442
1769860083.2723618,2333.0,1.5432309814644067,10.964066529971191,3.128408193588257,0.38810234074624206,-15.75530174137391,0.12755304971803838,0.021428918639253662,0.3360860862253207,-0.34489384190709454,0.4042409159111283,0.011243171989917755,0.007600165903568268
1769860083.322755,2336.0,1.5150515406110094,10.962314378742914,-3.13720703125,0.38804902997295915,-15.895795848245129,0.12159943580627441,0.023062870086557847,0.3369463319700545,-0.31791967914241553,0.42293860323857235,0.011243171989917755,0.007600165903568268
1769860083.370229,2336.0,1.5150515406110094,10.962314378742914,-3.121915102005005,0.38778220872195157,-16.763476830392527,0.1063075065612793,0.023062870086557847,0.33767138568887634,-0.2895597622241248,0.40384619930142074,0.01139979436993599,0.005762629210948944
1769860083.4213524,2337.0,1.5001020513559524,10.960852715510265,-3.121915102005005,0.38778220872195157,-16.763476830392527,0.1103050708770752,0.023528050359492306,0.3377559642831608,-0.29842511151123613,0.40304068202867943,0.010881774127483368,0.006707519292831421
1769860083.4564903,2339.0,1.484066585023644,10.958877527346633,-3.1061065196990967,0.38778220872195157,-18.63693085509171,0.10268020629882812,0.023724451848432505,0.33773747384154457,-0.28488862020548267,0.4042284450629079,0.010881774127483368,0.006707519292831421
1769860083.5125592,2339.0,1.484066585023644,10.958877527346633,-3.1061065196990967,0.38778220872195157,-18.63693085509171,0.10268020629882812,0.023724451848432505,0.33772132355217527,-0.2848451162315405,0.398757436728339,0.014528973028063774,-0.004501368850469589
1769860083.571661,2340.0,1.469748405286119,10.956878291225202,-3.0930845737457275,0.38778220872195157,-19.609035418958683,0.09384441375732422,0.02375746859280353,0.3377231483475215,-0.2684272708850963,0.40586470836762534,0.014528973028063774,-0.004501368850469589
1769860083.631388,2340.0,1.469748405286119,10.956878291225202,-3.081698417663574,0.3873973168407198,-19.235928074806598,0.0824582576751709,0.02375746859280353,0.3384598256618893,-0.25338166582906146,0.406503175424805,0.016163617372512817,-0.007770057767629623
1769860083.7092094,2342.0,1.4558744883140453,10.954487012475369,-3.081698417663574,0.3873973168407198,-19.87209619265551,0.0910189151763916,0.02342448234712866,0.33881408691303105,-0.26186314761552604,0.40689790970457523,0.015591444447636604,-0.008857984095811844
1769860083.7816253,2343.0,1.4425010352364533,10.951720171512239,-3.0558114051818848,0.3873973168407198,-19.76096152132876,0.06950640678405762,0.022727844080753453,0.3388170186652722,-0.21879537717250475,0.412819030051779,0.016985168680548668,-0.013596944510936737
1769860083.8415444,2345.0,1.4280474013712936,10.9483484641874,-3.034184455871582,0.38659751698520095,-19.76096152132876,0.056816816329956055,0.02169028809316341,0.3409762934968463,-0.19040287510016665,0.4103225115353176,0.021893158555030823,-0.02366117760539055
1769860083.9117422,2346.0,1.4147620946653288,10.944907976279408,-3.0131144523620605,0.3851179258284357,-18.215455839013718,0.04030966758728027,0.020486692101882635,0.3452053423640418,-0.15402445421629585,0.40494143255481047,0.021893158555030823,-0.02366117760539055
1769860083.9802792,2348.0,1.3992450702543688,10.94055092009631,-2.995814800262451,0.38428783935983696,-16.590552292253996,0.03232407569885254,0.018855563064693406,0.3477974532620808,-0.13233198373328034,0.40779372726665264,0.022577650845050812,-0.030702129006385803
1769860084.0467489,2348.0,1.3992450702543688,10.94055092009631,-2.9716081619262695,0.3841752521875129,-17.098499390314792,0.008117437362670898,0.018855563064693406,0.3480981902907707,-0.1090497376958755,0.40459603048918236,0.025284532457590103,-0.04031582176685333
1769860084.1140008,2349.0,1.3836585224409261,10.935948748801067,-2.9716081619262695,0.3841752521875129,-16.32042297498065,0.012868642807006836,0.017116204011970983,0.34829610651399573,-0.08765333671492374,0.4064303747847727,0.025584587827324867,-0.0460265576839447
1769860084.207759,2351.0,1.368152144290713,10.931048244733592,-2.9548282623291016,0.3841752521875129,-15.379749727930902,0.005779743194580078,0.015193236167233594,0.3482830054734917,-0.06655917641126657,0.40676783097131514,0.026029223576188087,-0.05021068453788757
1769860084.2638433,2352.0,1.3522593022642155,10.925749731100797,-2.929398536682129,0.3840870929852087,-15.379749727930902,-0.014710426330566406,0.013083879791100393,0.3485023373440922,-0.01820898471443365,0.4147710231803317,0.02707371488213539,-0.052400171756744385
1769860084.3375623,2354.0,1.336528931020673,10.92033769985369,-2.9161784648895264,0.3840870929852087,-14.517700057999411,-0.017862796783447266,0.010967614521050219,0.34851244703528,-0.004061964551924131,0.4021847455401082,0.03190607950091362,-0.07184123247861862
1769860084.3995628,2356.0,1.3205361500999155,10.914614954623485,-2.8987584114074707,0.38402051704834295,-15.00365316838091,-0.024963855743408203,0.008742864830636111,0.34867736309344705,0.018246848145893814,0.4077608647484947,0.03240779787302017,-0.07821233570575714
1769860084.44834,2356.0,1.3205361500999155,10.914614954623485,-2.881873607635498,0.38402051704834295,-12.536051688957517,-0.04184865951538086,0.008742864830636111,0.3488758752269169,0.0517706233832433,0.4042157554597323,0.03240779787302017,-0.07821233570575714
1769860084.5232832,2357.0,1.3042953225412728,10.908556449612744,-2.881873607635498,0.38402051704834295,-8.82495116839973,-0.03659510612487793,0.006393870194662977,0.3486764305251325,0.049972882140097694,0.4000238878787673,0.03613825514912605,-0.08232580125331879
1769860084.580101,2359.0,1.2891999698525254,10.902707967818392,-2.8674168586730957,0.38402051704834295,-8.82495116839973,-0.04035615921020508,0.00413978068277185,0.3486912870636839,0.06572310229311187,0.40605805473009005,0.03668184578418732,-0.09092177450656891
1769860084.6433294,2361.0,1.2734518033081395,10.896455758610282,-2.8489902019500732,0.38402051704834295,-7.582064162510827,-0.0478360652923584,0.001790443245138158,0.34868536290352975,0.08916070216222093,0.40205839777929525,0.03755875676870346,-0.09092487394809723
1769860084.7028995,2361.0,1.2734518033081395,10.896455758610282,-2.840104818344116,0.38402051704834295,-6.248089726982345,-0.05672144889831543,0.001790443245138158,0.3489037333106574,0.10667235999279076,0.4050156957845552,0.03755875676870346,-0.09092487394809723
1769860084.7684495,2363.0,1.2568947565754665,10.889877306168898,-2.840104818344116,0.38402051704834295,-5.022166254004234,-0.04552340507507324,-0.0005163140297197652,0.3486884982433045,0.09303101655898499,0.40400339247242834,0.037677813321352005,-0.09332882612943649
1769860084.828596,2364.0,1.241003345514594,10.883571007064162,-2.8320939540863037,0.38402051704834295,-5.022166254004234,-0.04784107208251953,-0.002556962706661068,0.3487314779243976,0.10507225088976219,0.40600147939199493,0.03621869534254074,-0.08686374872922897
1769860084.899609,2366.0,1.225108248445134,10.877337408673949,-2.824418067932129,0.38402051704834295,-1.0432979733552763,-0.04394197463989258,-0.004360375018986956,0.3487635016285804,0.10398987248513152,0.40398166433534266,0.03621869534254074,-0.08686374872922897
1769860084.9591327,2366.0,1.225108248445134,10.877337408673949,-2.819934844970703,0.38402051704834295,-0.23273342535700126,-0.04842519760131836,-0.004360375018986956,0.34894925896567924,0.11283367394186306,0.4078221400224407,0.034405000507831573,-0.07925774157047272
1769860085.0305223,2368.0,1.2085931583943126,10.870986856488013,-2.819934844970703,0.3843047959824398,1.045467388175827,-0.03659939765930176,-0.0059332913985541596,0.3480142435406615,0.09531168790807446,0.4035092429477671,0.031340084969997406,-0.06766008585691452
1769860085.0870621,2369.0,1.1944123071962516,10.86570526818485,-2.8188557624816895,0.3843047959824398,1.045467388175827,-0.03167128562927246,-0.006971244764565311,0.3480113527613789,0.08938275040609554,0.40698637257414816,0.033167432993650436,-0.07044017314910889
1769860085.1600509,2371.0,1.179744433161908,10.860404845798787,-2.818582534790039,0.3847944453965197,2.863235236732287,-0.019741535186767578,-0.007743389891772677,0.34670706162425213,0.06867377858868881,0.4037712721258804,0.028675228357315063,-0.056619659066200256
1769860085.2272456,2372.0,1.1661205962950585,10.855629707995211,-2.8195767402648926,0.3851569809266545,3.7656563779018932,-0.01255178451538086,-0.008184964443799883,0.34562887278654364,0.05605157269498766,0.41032837688153123,0.028675228357315063,-0.056619659066200256
1769860085.2784348,2372.0,1.1661205962950585,10.855629707995211,-2.8222568035125732,0.38542588280711665,5.108531932318212,-0.009871721267700195,-0.008184964443799883,0.3448511186849306,0.05073659604233567,0.40484426363022535,0.027817577123641968,-0.05859702080488205
1769860085.336114,2374.0,1.1529390896351188,10.851228510351563,-2.8222568035125732,0.38556793946372303,5.108531932318212,0.0027077198028564453,-0.008279702807560196,0.3443836229676539,0.026154011351808896,0.4005791526436543,0.026546578854322433,-0.05708395317196846
1769860085.3979616,2375.0,1.1393743702034234,10.846976178800256,-2.826685667037964,0.38556793946372303,5.330284612641514,0.01352071762084961,-0.007986587081959975,0.34438870539141625,0.003589138404516478,0.40240350029895483,0.029631463810801506,-0.06635485589504242
1769860085.45605,2377.0,1.125398737319136,10.842731889917093,-2.8308637142181396,0.3856431259206946,6.020196519923082,0.0306549072265625,-0.007418758930053683,0.3442051793558976,-0.032544695156009426,0.40550111072469563,0.029631463810801506,-0.06635485589504242
1769860085.5234652,2377.0,1.125398737319136,10.842731889917093,-2.8348889350891113,0.38580950001707526,5.958180805501642,0.03468012809753418,-0.007418758930053683,0.3436610337047925,-0.04053387300803827,0.40417182829407033,0.02605879120528698,-0.04927626997232437
1769860085.5719695,2378.0,1.1122751344982196,10.838946345447052,-2.8348889350891113,0.38580950001707526,5.958180805501642,0.04125261306762695,-0.006570408711939424,0.3437092330796245,-0.056693289782981396,0.40826755772822415,0.02879580482840538,-0.06061987578868866
1769860085.6249342,2378.0,1.1122751344982196,10.838946345447052,-2.8412163257598877,0.38580950001707526,5.460957455400749,0.04758000373840332,-0.006570408711939424,0.3436065600291754,-0.06923545352753266,0.4015732950846369,0.02879580482840538,-0.06061987578868866
1769860085.6776035,2379.0,1.098307230277259,10.835074235284402,-2.8412163257598877,0.38580950001707526,5.460957455400749,0.054215192794799805,-0.005384741807626437,0.3437331382389587,-0.08671522216420006,0.4030449021965633,0.026721913367509842,-0.04878509044647217
1769860085.7374787,2381.0,1.0842318543304603,10.831298233479874,-2.847074270248413,0.38580950001707526,3.934717676347748,0.0735318660736084,-0.00393046198222579,0.34374197802537343,-0.13019474994807245,0.4031887657689284,0.026721913367509842,-0.04878509044647217
1769860085.802832,2381.0,1.0842318543304603,10.831298233479874,-2.8517401218414307,0.38580950001707526,3.211518550493518,0.07819771766662598,-0.00393046198222579,0.3435665095218428,-0.13921516623830357,0.4041821773002935,0.023049049079418182,-0.027767278254032135
1769860085.8442986,2382.0,1.070515793729923,10.827723370352397,-2.8517401218414307,0.38580950001707526,3.211518550493518,0.0850212574005127,-0.002278131076957813,0.3437474344599717,-0.15856931589377907,0.4065756181712044,0.023049049079418182,-0.027767278254032135
1769860085.9082432,2382.0,1.070515793729923,10.827723370352397,-2.8556909561157227,0.38580950001707526,1.4985144677958946,0.08897209167480469,-0.002278131076957813,0.3435447515563254,-0.16623966289222028,0.39874932111626593,0.02466200850903988,-0.029869716614484787
1769860085.968024,2384.0,1.0563595284525022,10.824057893362165,-2.8583433628082275,0.38580950001707526,0.20564248266711216,0.10545992851257324,-0.00040720239347777305,0.34375033498239327,-0.2050666929101495,0.4070445843825881,0.02363460324704647,-0.024987690150737762
1769860086.0413926,2385.0,1.0418959117625435,10.820305066742774,-2.8583433628082275,0.38580950001707526,-2.3224198506798395,0.1124718189239502,0.0016486708588436265,0.34374090228897364,-0.2257086806502938,0.40528829647892944,0.02362915314733982,-0.021254077553749084
1769860086.1007524,2387.0,1.0272327179313134,10.816413220917108,-2.8599565029144287,0.38580950001707526,-2.3224198506798395,0.1282973289489746,0.0038105844667720608,0.34372898865448115,-0.2635650919757777,0.4054248899245318,0.024052642285823822,-0.01587480679154396
1769860086.1684399,2388.0,1.013335555730544,10.812645404949013,-2.8600151538848877,0.3856431259206946,-3.248286231276985,0.13555622100830078,0.0059356318444383025,0.3441567540624142,-0.2844246981642659,0.4033658320740733,0.024052642285823822,-0.01587480679154396
1769860086.2263997,2388.0,1.013335555730544,10.812645404949013,-2.857593059539795,0.38556793946372303,-3.966899279801769,0.133134126663208,0.0059356318444383025,0.34415284915910804,-0.27979525692564666,0.4055655123479275,0.026445802301168442,-0.02175920456647873
1769860086.3162844,2390.0,0.999555841610755,10.808727572228573,-2.857593059539795,0.38556793946372303,-4.968416249547956,0.14772319793701172,0.008021718406932016,0.3444050285177256,-0.3143617349020848,0.40475928641071657,0.02879513055086136,-0.021238069981336594
1769860086.3877058,2391.0,0.9862543393145217,10.804785884178619,-2.854984998703003,0.38556793946372303,-7.459609686785646,0.15250396728515625,0.010029728340175877,0.34436781027816105,-0.32977138343195056,0.4149370019616178,0.02893078327178955,-0.01302633062005043
1769860086.4571042,2392.0,0.973516869007975,10.800838937893001,-2.851998805999756,0.38556793946372303,-7.459609686785646,0.15696930885314941,0.011927258912888124,0.34433705188862573,-0.34430840768515875,0.40943589358260235,0.0273528303951025,-0.004049859941005707
1769860086.5291312,2394.0,0.9601207579858683,10.796409230013126,-2.8461499214172363,0.38556793946372303,-9.085352560990266,0.16621184349060059,0.013812824625026258,0.34431820136091906,-0.36737327204026854,0.4085705701577637,0.0273528303951025,-0.004049859941005707
1769860086.598163,2394.0,0.9601207579858683,10.796409230013126,-2.834780216217041,0.3855103141163649,-9.524831071401787,0.15484213829040527,0.013812824625026258,0.3442722550393884,-0.3529713179986484,0.4094161305434662,0.026825446635484695,0.0011312514543533325
1769860086.642059,2395.0,0.9445982751830295,10.790945146209655,-2.8239364624023438,0.3855103141163649,-9.524831071401787,0.15163826942443848,0.015886384100053857,0.3444999425056925,-0.34784645758175725,0.4081620487411977,0.026281656697392464,0.009957611560821533
1769860086.6927207,2397.0,0.9295803703603065,10.785404889789088,-2.8239364624023438,0.3855103141163649,-12.932154800727945,0.16710638999938965,0.01786049422081543,0.3444641087975475,-0.3824940797514829,0.39992000858230997,0.02640456147491932,0.01678714156150818
1769860086.7771971,2397.0,0.9295803703603065,10.785404889789088,-2.8172242641448975,0.3855103141163649,-15.101167397189423,0.16039419174194336,0.01786049422081543,0.34423049105983133,-0.3701952650269222,0.40162871934454736,0.02640456147491932,0.01678714156150818
1769860086.8426638,2400.0,0.8976468958791752,10.772474295079155,-2.800671339035034,0.3855855005733365,-16.29633479409477,0.16751456260681152,0.02170057165999037,0.3444672324025848,-0.3956502371521106,0.41356556255131166,0.02625983953475952,0.016047358512878418
1769860086.928555,2400.0,0.8976468958791752,10.772474295079155,-2.7770133018493652,0.3854238055693033,-16.031087349618073,0.14385652542114258,0.02170057165999037,0.3444534613857193,-0.3855565864040128,0.40453047130267783,0.025545960292220116,0.022700093686580658
1769860086.9871833,2402.0,0.8810231959159239,10.76485966122149,-2.7581522464752197,0.385375910845706,-18.011600650299886,0.14109182357788086,0.02329829012317787,0.3447360990554478,-0.35372018171495656,0.41049116472057373,0.02470044419169426,0.029311001300811768
1769860087.0519934,2404.0,0.865530069155232,10.757147273045202,-2.7581522464752197,0.385375910845706,-19.727418611229314,0.1574392318725586,0.024496517316340127,0.34471282650216617,-0.3869529143785923,0.4046275568980665,0.02263038419187069,0.04417024180293083
1769860087.119595,2405.0,0.8509467207254462,10.749540325083661,-2.7450456619262695,0.38535598678317673,-19.727418611229314,0.15260052680969238,0.025548147488532645,0.3447428302320951,-0.38148983745876786,0.40709038928263863,0.022893449291586876,0.042445071041584015
1769860087.1824405,2407.0,0.8372324496800518,10.742014304426608,-2.7333405017852783,0.38535598678317673,-21.048937993818836,0.15761947631835938,0.026422903796777066,0.34470916039197164,-0.39325684356718915,0.40544374334354194,0.02332320436835289,0.0435059517621994
1769860087.2525427,2408.0,0.8254414075795985,10.73510377452558,-2.7189011573791504,0.3852945759323513,-20.223766810492624,0.15163636207580566,0.026966634378785475,0.3448288128914089,-0.38438632268966605,0.4063368990861135,0.02332320436835289,0.0435059517621994
1769860087.3455033,2408.0,0.8254414075795985,10.73510377452558,-2.7013039588928223,0.3852945759323513,-19.930133938011107,0.13403916358947754,0.026966634378785475,0.3448229117949659,-0.38070074946273563,0.4079912237077351,0.023251883685588837,0.04709543660283089
1769860087.413331,2409.0,0.8149212561043851,10.728441891596287,-2.683241844177246,0.3852945759323513,-21.91529645850029,0.1244959831237793,0.02716917694397478,0.3448134059037956,-0.3591155235303207,0.4125507824083168,0.023251883685588837,0.04709543660283089
1769860087.4747312,2411.0,0.8047661800900308,10.721544449637202,-2.6488595008850098,0.3852195896994218,-21.21062628176961,0.10734033584594727,0.027102009667610116,0.344984370964473,-0.3050494791908646,0.40775520772983714,0.023591049015522003,0.04421031102538109
1769860087.5421197,2412.0,0.7930396448830764,10.713123377565381,-2.6488595008850098,0.38501131947193357,-22.66908875216606,0.11604785919189453,0.026809234853719124,0.3455156618226503,-0.31939519206437417,0.4047890510574397,0.02347094751894474,0.04442596063017845
1769860087.5851793,2414.0,0.7806617390780957,10.703805353633756,-2.6283271312713623,0.38501131947193357,-22.66908875216606,0.11311864852905273,0.026344438796601928,0.3455372243390303,-0.31235334035657475,0.4074074123928776,0.02347094751894474,0.04442596063017845
1769860087.6882849,2414.0,0.7806617390780957,10.703805353633756,-2.603182315826416,0.38500048521208013,-20.266673540867565,0.08797383308410645,0.026344438796601928,0.34554260544590054,-0.3096765012500644,0.3990551575698946,0.024462435394525528,0.039240460842847824
1769860087.7361002,2417.0,0.7548825336029874,10.68300319545872,-2.585115671157837,0.3835331120351986,-22.17076886418045,0.09678316116333008,0.024935685121256497,0.3494443563648385,-0.2772887013469522,0.41864789153112214,0.024462435394525528,0.039240460842847824
1769860087.815646,2417.0,0.7548825336029874,10.68300319545872,-2.555922508239746,0.38139999444180306,-21.857757613519176,0.06758999824523926,0.024935685121256497,0.35257915348828894,-0.25036083642487406,0.39738687951011387,0.02558686025440693,0.03659846633672714
1769860087.8871088,2418.0,0.741847635980161,10.671679631252719,-2.528618574142456,0.38085241575545714,-22.531957401036376,0.04937028884887695,0.023958277880133376,0.3574635627185813,-0.18389179028394792,0.40799705278057347,0.02463829517364502,0.03792496770620346
1769860087.966705,2420.0,0.729415862685625,10.660145454092604,-2.528618574142456,0.38031341387755113,-22.02371399267162,0.06772708892822266,0.022704345061117577,0.35929525627811637,-0.21419656553331,0.4042047310009563,0.02474663220345974,0.0346464142203331
1769860088.043144,2422.0,0.7166667812696851,10.647730532746772,-2.4961423873901367,0.3800000308917875,-20.575803855918384,0.05385899543762207,0.021238889044501448,0.3602540318135153,-0.18224362196010882,0.4057875916507432,0.024906322360038757,0.034427206963300705
1769860088.10413,2423.0,0.7051401002135496,10.63600237958034,-2.4841666221618652,0.3798079482840252,-17.478047700300372,0.05128145217895508,0.019782015315315385,0.360861277396559,-0.17189590065708,0.4046015541686507,0.02405366487801075,0.040934570133686066
1769860088.1912708,2425.0,0.6945286544714124,10.62479562234673,-2.4654080867767334,0.3798079482840252,-18.299996502058963,0.05150771141052246,0.01835593584338087,0.3609189392883911,-0.1672129245749715,0.3999875684001303,0.023902788758277893,0.038567762821912766
1769860088.2862637,2426.0,0.685065476770711,10.614328386128758,-2.4508159160614014,0.37963947491515726,-17.896528119245065,0.04650235176086426,0.016922295680941474,0.361383784068459,-0.15233666383672656,0.4075644727101964,0.023874469101428986,0.04437025636434555
1769860088.3516593,2428.0,0.676297097523087,10.60439154429253,-2.4317588806152344,0.37963947491515726,-17.743156536006452,0.04680681228637695,0.015587702122344052,0.36145160144929284,-0.14810073046920472,0.41217698216413234,0.023460451513528824,0.04821799695491791
1769860088.471513,2429.0,0.6680488015218288,10.594728852649972,-2.4149160385131836,0.37963947491515726,-15.887472293843908,0.03973889350891113,0.014257504755706727,0.36146276736218863,-0.12949466822522152,0.40210723037976565,0.023662596940994263,0.04630226269364357
1769860088.5747294,2430.0,0.6585372958253368,10.583372723760004,-2.37569522857666,0.378200592489332,-14.344619282510454,0.010355949401855469,0.012763882902425073,0.36536974829318264,-0.06639228616515505,0.42082911313423604,0.01999688893556595,0.05368233099579811
1769860088.6442466,2433.0,0.6389174053462068,10.55928950712255,-2.355890989303589,0.3797483551260853,-10.536223470375054,0.02044200897216797,0.009905128894230453,0.3613439872994547,-0.07557347075109194,0.41366010665021696,0.01821654476225376,0.055000267922878265
1769860088.7117617,2433.0,0.6389174053462068,10.55928950712255,-2.3409061431884766,0.3797483551260853,-12.272559191256018,0.005457162857055664,0.009905128894230453,0.361420546344002,-0.045979334057093244,0.40404268967469903,0.015740040689706802,0.06524674594402313
1769860088.7786286,2435.0,0.628462456254806,10.546038350041348,-2.3302721977233887,0.3797483551260853,-10.441790381491924,0.015064001083374023,0.008489536077679648,0.3611822072809099,-0.059782062536096074,0.40086917993510934,0.013401580974459648,0.0722871869802475
1769860088.8343284,2437.0,0.6179607479780319,10.532631639708546,-2.3302721977233887,0.3797483551260853,-10.441790381491924,0.03555583953857422,0.007292381561482325,0.3612367833635063,-0.0960033263161129,0.4028246655844715,0.011321235448122025,0.0759783536195755
1769860088.8899386,2438.0,0.6079154838078763,10.51967311398454,-2.315122365951538,0.3797483551260853,-9.848909623250758,0.0307462215423584,0.006336517391256569,0.36129276516408937,-0.082954620579993,0.39864748989440363,0.010206000879406929,0.08740358799695969
1769860088.9424403,2440.0,0.5970510539105897,10.505600626781575,-2.303628921508789,0.3800800945370407,-9.580594858185231,0.04012155532836914,0.005579014552379849,0.3604320559260046,-0.09870449330975177,0.39842719699703644,0.010206000879406929,0.08740358799695969
1769860089.0109668,2440.0,0.5970510539105897,10.505600626781575,-2.2959070205688477,0.3802466965694943,-8.728247902947626,0.032399654388427734,0.005579014552379849,0.36002931839402846,-0.08346517958531963,0.3983381890464342,0.0067819710820913315,0.09820474684238434
1769860089.0761137,2442.0,0.5876336093033763,10.49335469079237,-2.2959070205688477,0.38070563480214714,-7.419497958752039,0.053519487380981445,0.005159947125389173,0.35865591663156454,-0.12365257356478151,0.4040017864304873,0.004914548248052597,0.08823087066411972
1769860089.153228,2443.0,0.579364770517701,10.482542896897382,-2.2893757820129395,0.38070563480214714,-7.419497958752039,0.057642459869384766,0.004963473678147979,0.35857794777806173,-0.13091617330076344,0.4017890712944326,0.004914548248052597,0.08823087066411972
1769860089.2204406,2444.0,0.5714597432706288,10.472081669258825,-2.2825121879577637,0.3811003607713409,-3.80399778948819,0.06149578094482422,0.004884881130393466,0.3575256047122586,-0.13818135617155466,0.4059684962042409,0.009334109723567963,0.0870099812746048
1769860089.2731605,2444.0,0.5714597432706288,10.472081669258825,-2.2782211303710938,0.3811003607713409,-4.33004091719294,0.0572047233581543,0.004884881130393466,0.35743473554294586,-0.12977189662543234,0.40354357292712517,0.010400626808404922,0.08841389417648315
1769860089.3384633,2446.0,0.564596492504407,10.462988510857787,-2.2782211303710938,0.3811003607713409,-2.6344217862935713,0.0788271427154541,0.00496013840665414,0.35744163623807107,-0.17245562900809264,0.3990133314880704,0.008160969242453575,0.09774123132228851
1769860089.397619,2447.0,0.5585677563543285,10.455089063161772,-2.2754464149475098,0.3811003607713409,-2.6344217862935713,0.08695769309997559,0.005193376860316467,0.35746114139686985,-0.18889252704433784,0.4007084190295411,0.009684273973107338,0.09630721062421799
1769860089.4595394,2448.0,0.5515105286015953,10.445936304403116,-2.2717645168304443,0.3819864272984283,-5.500585417130498,0.09424400329589844,0.005656829764416464,0.355078282326181,-0.20460771701078154,0.4021421355937524,0.005414530634880066,0.10962361842393875
1769860089.508969,2449.0,0.5433748344636069,10.435491869604574,-2.268846273422241,0.3828206781115112,-4.75294965034268,0.1023566722869873,0.006432131093642051,0.3526074136008148,-0.22295275671533196,0.40344057976345477,0.005414530634880066,0.10962361842393875
1769860089.5727558,2449.0,0.5433748344636069,10.435491869604574,-2.268846273422241,0.3828206781115112,-4.75294965034268,0.1023566722869873,0.006432131093642051,0.352241714425186,-0.22289011154909727,0.39680779248834924,0.007260894402861595,0.1186172217130661
1769860089.6184115,2450.0,0.535003273836481,10.424756120284707,-2.2627360820770264,0.3828313446076102,-4.782202526540293,0.10734009742736816,0.007436720377851182,0.35239253483179206,-0.23599175278957746,0.4040296555701464,0.007260894402861595,0.1186172217130661
1769860089.6666553,2450.0,0.535003273836481,10.424756120284707,-2.257498264312744,0.3828313446076102,-7.084770591192914,0.10210227966308594,0.007436720377851182,0.35219137225510855,-0.22596695524655128,0.39778924043205116,0.005388354882597923,0.12827911972999573
1769860089.7385411,2452.0,0.525617249115464,10.412678405031345,-2.257498264312744,0.3828313446076102,-7.084770591192914,0.12447810173034668,0.008783871845244427,0.3524211983449617,-0.27350877236034454,0.398409097891483,0.007640087977051735,0.1338295042514801
1769860089.8031535,2453.0,0.5155333591708764,10.399527122885479,-2.2516732215881348,0.3828313446076102,-7.917208516024093,0.12993526458740234,0.010428128498621365,0.3524337987600179,-0.2890547801366839,0.40716852086799965,0.00821109488606453,0.15052205324172974
1769860089.8694913,2455.0,0.5054203783503651,10.385985273898164,-2.2444281578063965,0.3828313446076102,-7.435381976045283,0.14544296264648438,0.012206492727658128,0.35241410607599155,-0.3240557660211704,0.40370335114419964,0.00821109488606453,0.15052205324172974
1769860089.966008,2455.0,0.5054203783503651,10.385985273898164,-2.2341067790985107,0.3828313446076102,-9.880979695437599,0.13512158393859863,0.012206492727658128,0.3520704769598449,-0.3047912815100627,0.4050569316940376,0.006232637912034988,0.16477006673812866
1769860090.0112906,2457.0,0.4953572553382579,10.372128855867874,-2.2243762016296387,0.3828206781115112,-10.82274458120132,0.14839482307434082,0.014107343053564658,0.35243614112163374,-0.3358168355874765,0.4120519355265941,0.005038652569055557,0.17678111791610718
1769860090.0969067,2459.0,0.4850351888071927,10.357502976403415,-2.2243762016296387,0.3828206781115112,-12.774251990595545,0.17164969444274902,0.016205856799842596,0.3524133393460653,-0.385005735564907,0.39795764127629146,0.003682904876768589,0.19580768048763275
1769860090.1754105,2460.0,0.47560598952124816,10.34375386489624,-2.2161245346069336,0.3828313446076102,-12.770662686963401,0.17511987686157227,0.018264107008616727,0.3523347847385572,-0.39719681701522985,0.41206570389839814,-0.00020724721252918243,0.21579137444496155
1769860090.25526,2462.0,0.4670187734392191,10.330810514876747,-2.207056999206543,0.3828313446076102,-13.52133143473746,0.18968415260314941,0.020229022683973814,0.3522618276239663,-0.4291123951086625,0.4095806426018848,-0.00027816835790872574,0.222307950258255
1769860090.317721,2463.0,0.45984703934257104,10.319667264070922,-2.2014245986938477,0.3828206781115112,-13.52133143473746,0.19596171379089355,0.02194049104670393,0.35220317540922286,-0.4450507306684411,0.4092271999963729,-0.002260969951748848,0.22939468920230865
1769860090.392003,2464.0,0.4533924873501694,10.309140862065103,-2.194500207901001,0.38277285889061585,-12.946952845048942,0.20101022720336914,0.02344936100209191,0.35226019523665536,-0.45830641351380297,0.4038437817094039,-0.0031995559111237526,0.2320341020822525
1769860090.48122,2465.0,0.4478030576011499,10.299506400108056,-2.176374673843384,0.3826067068730181,-15.670898316052126,0.19492042064666748,0.024692140560210386,0.3526462100482962,-0.45175033618332794,0.4079061035025406,-0.0031995559111237526,0.2320341020822525
1769860090.6072946,2465.0,0.4478030576011499,10.299506400108056,-2.1643145084381104,0.3826067068730181,-18.567027719891975,0.18286025524139404,0.024692140560210386,0.35261228746200357,-0.44828565265135706,0.41264921484900097,-0.010342455469071865,0.24767786264419556
1769860090.7033114,2468.0,0.43455597410064384,10.274584598310417,-2.1418392658233643,0.3826067068730181,-17.463254062910355,0.196868896484375,0.02744730052964098,0.35291490898281996,-0.46370871519480816,0.42414137713208383,-0.01446491852402687,0.24921908974647522
1769860090.8059232,2470.0,0.426598797979552,10.258267113095554,-2.1148884296417236,0.3819789284988477,-19.24088736860107,0.19455456733703613,0.02908473127380362,0.35431476651939015,-0.4647259619967468,0.41505891904802916,-0.015481138601899147,0.2451765239238739
1769860090.8684995,2472.0,0.41860323298102325,10.240916177386051,-2.0902531147003174,0.38125901398935813,-19.24088736860107,0.1948070526123047,0.03081342790202342,0.35637534883134026,-0.4704828307748761,0.41143393335824824,-0.015062650665640831,0.24080410599708557
1769860090.9185584,2473.0,0.4107843694703487,10.222800078675009,-2.070652484893799,0.3819789284988477,-22.05920373619899,0.18774449825286865,0.03257804832750778,0.35453942333348026,-0.4639984410774066,0.4016898578853301,-0.015062650665640831,0.24080410599708557
1769860091.0228875,2473.0,0.4107843694703487,10.222800078675009,-2.050915002822876,0.3826067068730181,-22.757701251002715,0.1680070161819458,0.03257804832750778,0.35440854292459356,-0.4620695105496325,0.39941986659011297,-0.02778805047273636,0.23745830357074738
1769860091.095904,2477.0,0.39764958266012973,10.187553146491814,-2.0230493545532227,0.3826067068730181,-24.586329176476593,0.19092154502868652,0.035344224123194656,0.35253282591454255,-0.4778982624741565,0.41831256711607306,-0.02778805047273636,0.23745830357074738
1769860091.1867046,2477.0,0.39764958266012973,10.187553146491814,-2.00028395652771,0.3819789284988477,-25.499528536515186,0.16815614700317383,0.035344224123194656,0.35269425523282066,-0.4714557378223335,0.4027415619756537,-0.03275546059012413,0.21527306735515594
1769860091.2390099,2480.0,0.388469597053933,10.156833185088063,-1.977196455001831,0.3811507678001383,-26.259023218118386,0.183813214302063,0.03694680646151224,0.3557243394349604,-0.47062341950359343,0.41172515359619977,-0.03275546059012413,0.21527306735515594
1769860091.3509598,2480.0,0.388469597053933,10.156833185088063,-1.954360008239746,0.38043251973422304,-25.883387656920775,0.16097676753997803,0.03694680646151224,0.3560561268405545,-0.4641497231231904,0.3983382811483276,-0.03292740881443024,0.2130393087863922
1769860091.4242904,2483.0,0.3820759616382917,10.1269982783899,-1.9267832040786743,0.38043251973422304,-25.68487591319036,0.17270958423614502,0.03724184885013573,0.35720136853649526,-0.45255865573280785,0.4187244733297888,-0.033059630542993546,0.2051616609096527
1769860091.5506527,2483.0,0.3820759616382917,10.1269982783899,-1.8982826471328735,0.38002418392267434,-26.62683625257068,0.14420902729034424,0.03724184885013573,0.3573026237548846,-0.4485548032992448,0.4046071057489039,-0.03542932868003845,0.18227225542068481
1769860091.6163588,2486.0,0.37800516133674955,10.099358396241792,-1.875503420829773,0.37999096476574945,-26.956680536768125,0.16130471229553223,0.03672886253160071,0.35748888937431594,-0.4312046493769727,0.42399948159279766,-0.034987885504961014,0.17579717934131622
1769860091.6818364,2487.0,0.3765356425067087,10.085414371532726,-1.8534166812896729,0.37999096476574945,-26.956680536768125,0.15263521671295166,0.036268622670035916,0.35727575068152745,-0.41461974745344066,0.40290112372223,-0.03362486511468887,0.1639058142900467
1769860091.7498522,2488.0,0.3754198573543449,10.072102782624176,-1.8298795223236084,0.38002418392267434,-26.58515237438501,0.14257800579071045,0.03577907491279461,0.3567490753688684,-0.3953480392854558,0.40206064591822654,-0.033308614045381546,0.15920278429985046
1769860091.8158805,2490.0,0.3747830899408381,10.05978216661347,-1.8104503154754639,0.37999096476574945,-26.47463279616961,0.15029728412628174,0.03513749410222841,0.35562993480203686,-0.40662119682950326,0.4050731827721549,-0.033308614045381546,0.15920278429985046
1769860091.9356487,2490.0,0.3747830899408381,10.05978216661347,-1.780928134918213,0.37999096476574945,-27.381553476404417,0.12077510356903076,0.03513749410222841,0.3556524789163618,-0.402356778013392,0.3994049265715262,-0.027660062536597252,0.12492836266756058
1769860091.9836295,2492.0,0.374534758732959,10.0316398172609,-1.7433034181594849,0.3797064879611334,-27.01242400444597,0.1105499267578125,0.03321303143222043,0.3546980854025797,-0.3303222679489184,0.42131258528583515,-0.027660062536597252,0.12492836266756058
1769860092.0429924,2492.0,0.374534758732959,10.0316398172609,-1.7075445652008057,0.3797064879611334,-26.964735677570737,0.0747910737991333,0.03321303143222043,0.35548986728997306,-0.26350653424355963,0.39464047226612425,-0.027544241398572922,0.11019475013017654
1769860092.103679,2494.0,0.3750577890980672,10.015901750238571,-1.7075445652008057,0.37862554930347253,-25.929700955603888,0.10244190692901611,0.03192869003249579,0.3558672018861413,-0.3099069196762542,0.3956696231196994,-0.02574111707508564,0.09932614862918854
1769860092.1584713,2495.0,0.3759013468585775,10.0001075582875,-1.6884465217590332,0.37862554930347253,-25.929700955603888,0.09726345539093018,0.03065148917253595,0.3551891608334248,-0.29562178345936846,0.3974450609028927,-0.024373650550842285,0.09214498847723007
1769860092.2192533,2497.0,0.37703562554587416,9.984988877289886,-1.6643935441970825,0.3776822346953055,-25.70029710936754,0.10123801231384277,0.029415020491602887,0.354426853402591,-0.29862880010263887,0.39366839748978955,-0.024373650550842285,0.09214498847723007
1769860092.2895746,2497.0,0.37703562554587416,9.984988877289886,-1.6434400081634521,0.37718222951052627,-24.706206515719,0.0802844762802124,0.029415020491602887,0.356710787609548,-0.2598273039637523,0.3956595126132384,-0.022651832550764084,0.08630725741386414
1769860092.3385768,2498.0,0.3787138473839802,9.969049926063956,-1.6434400081634521,0.3766675424724164,-24.706206515719,0.08043396472930908,0.027853642736067274,0.3706862545019617,-0.2583776550604329,0.4000142230642428,-0.019690902903676033,0.07649943232536316
1769860092.391928,2500.0,0.3804889209398984,9.955680065110064,-1.6131941080093384,0.3766675424724164,-22.651774089828884,0.05045735836029053,0.02618459813676379,0.3709728542188212,-0.19586141492107312,0.3938808858405553,-0.019690902903676033,0.07649943232536316
1769860092.4608767,2500.0,0.3804889209398984,9.955680065110064,-1.5980384349822998,0.3764481064633839,-23.297678438888866,0.03530168533325195,0.02618459813676379,0.3715270982063578,-0.16585879003424406,0.3951803426325289,-0.018364684656262398,0.06819870322942734
1769860092.5192344,2501.0,0.3823068636178596,9.943850307007773,-1.5844988822937012,0.3763366165019064,-18.92607183266253,0.021881937980651855,0.024462426944296636,0.37190191476356926,-0.13337539890392466,0.40047585893141646,-0.014098215848207474,0.052487097680568695
1769860092.5918894,2502.0,0.384260272614647,9.932131176158396,-1.5844988822937012,0.3763366165019064,-18.92607183266253,0.021991968154907227,0.02260552987215106,0.3719115286623403,-0.12667692713576106,0.39606290292437957,-0.011156093329191208,0.03602034971117973
1769860092.6781678,2503.0,0.3866277626301988,9.91913736942658,-1.5578323602676392,0.37605851152530156,-15.09781228627547,-0.004574298858642578,0.02034675593095127,0.3726569039707661,-0.06625483512666751,0.40063831304341,-0.0095297209918499,0.02723877504467964
1769860092.73923,2505.0,0.3889360077514261,9.906736713649249,-1.5392106771469116,0.3757655709737556,-17.756358539349176,-0.0230252742767334,0.018143734714052926,0.3735052915933117,-0.021291804585181318,0.4049939373051756,-0.0095297209918499,0.02723877504467964
1769860092.8116286,2505.0,0.3889360077514261,9.906736713649249,-1.5200685262680054,0.3757655709737556,-16.937880524352142,-0.04216742515563965,0.018143734714052926,0.37354871940028894,0.016832107728132803,0.39763903055928645,-0.006250277161598206,0.012269996106624603
1769860092.870675,2506.0,0.3916311486026153,9.892550401691144,-1.5200685262680054,0.37605851152530156,-17.110169886937133,-0.042096853256225586,0.015570480458189439,0.37276970496253803,0.026193314582881166,0.3995560540867457,-0.004222532734274864,0.005824089050292969
1769860092.9283574,2508.0,0.3946173688151894,9.877191758512856,-1.496211290359497,0.37605851152530156,-17.110169886937133,-0.0658423900604248,0.012717713417241837,0.3726784417311176,0.08388097830304073,0.3970948358153786,-0.0023315995931625366,-0.0014220774173736572
1769860092.9845345,2508.0,0.3946173688151894,9.877191758512856,-1.4805711507797241,0.37605851152530156,-14.803949155449803,-0.08148252964019775,0.012717713417241837,0.3726477214984152,0.11469727236217044,0.39663385607245144,-0.0023315995931625366,-0.0014220774173736572
1769860093.090489,2509.0,0.3980371834324543,9.860449751538388,-1.4805711507797241,0.37605851152530156,-11.222032444438138,-0.08144152164459229,0.009444723431230175,0.3726648588774864,0.1264996143864546,0.39597029145320833,0.0005507525056600571,-0.01217154785990715
1769860093.1789277,2511.0,0.4012460441965562,9.84524479776818,-1.4515939950942993,0.37605851152530156,-9.503008664108663,-0.1103661060333252,0.006370037992550306,0.3726549915980457,0.19448320621900766,0.41399113382875835,0.003992436453700066,-0.029141202569007874
1769860093.25061,2512.0,0.40463732929422064,9.829937875314423,-1.4425476789474487,0.3760967443552379,-7.64184744806867,-0.11940085887908936,0.003114254932371817,0.3725432300668992,0.22309136566028637,0.4057739593734251,0.006832024082541466,-0.044720567762851715
1769860093.3166947,2514.0,0.4078330429308238,9.816041075613551,-1.4425476789474487,0.3760967443552379,-3.7961224250931633,-0.11940741539001465,4.162487284022241e-05,0.372531839098403,0.233888472249941,0.4008414929097003,0.008970506489276886,-0.05288008600473404
1769860093.3771262,2515.0,0.4108875330556924,9.80279967569743,-1.434540033340454,0.3760967443552379,-3.7961224250931633,-0.127433180809021,-0.00289579210479142,0.37253484950814414,0.2595664506365966,0.39678780559850224,0.010659519582986832,-0.05879342928528786
1769860093.466163,2516.0,0.41349150968687026,9.791179685013912,-1.430001139640808,0.3760967443552379,-1.2199305409481842,-0.13199996948242188,-0.005397389599506643,0.3725415852615355,0.2768408091866,0.39766981532316903,0.011240964755415916,-0.06143627315759659
1769860093.530802,2518.0,0.41593262119107866,9.779631041611113,-1.4272607564926147,0.3760967443552379,0.9644087331315458,-0.1348257064819336,-0.007737250887738239,0.37255072355098856,0.2902259792930555,0.4082853164538847,0.011240964755415916,-0.06143627315759659
1769860093.6025279,2518.0,0.41593262119107866,9.779631041611113,-1.4267122745513916,0.3760967443552379,1.5007663770575632,-0.13537418842315674,-0.007737250887738239,0.3725670628805791,0.29121492739586036,0.3992791465699617,0.01373995654284954,-0.07001644372940063
1769860093.666137,2519.0,0.4181728859905194,9.76763620434531,-1.4278056621551514,0.3760967443552379,4.806026038192663,-0.13433825969696045,-0.009873054408982123,0.372561262674777,0.29667131511380523,0.4001181868902069,0.014865605160593987,-0.07410890609025955
1769860093.78341,2520.0,0.42020897309034166,9.755488529837804,-1.4278056621551514,0.3767997333478157,6.5716696280148685,-0.13440561294555664,-0.011804251865712004,0.3706690692505103,0.30346003793733267,0.397171268131468,0.016159577295184135,-0.07657639682292938
1769860093.8343759,2523.0,0.42416142247499583,9.72594876385055,-1.4368313550949097,0.3782156976794151,7.247894014376239,-0.12564098834991455,-0.015506543617294859,0.3666413446158999,0.2999438305962941,0.41634459539020946,0.017501521855592728,-0.08104884624481201
1769860093.8956106,2523.0,0.42416142247499583,9.72594876385055,-1.4368313550949097,0.3793273858967774,11.143066902521584,-0.12564098834991455,-0.015506543617294859,0.3632767248371809,0.29995993469437393,0.3952831205135887,0.019638584926724434,-0.0832858681678772
1769860093.950321,2525.0,0.4260434807794721,9.708424732697784,-1.4448713064193726,0.3793273858967774,11.143066902521584,-0.11782443523406982,-0.017244301040430815,0.36297511048170283,0.2914337147678024,0.4005269190885732,0.019339419901371002,-0.08260422945022583
1769860094.0043097,2527.0,0.42759649836024033,9.690841141354769,-1.4535540342330933,0.3793273858967774,13.400822336684293,-0.10940444469451904,-0.018656268598665825,0.36299699049639994,0.28061799230751,0.39825101898440785,0.019339419901371002,-0.08260422945022583
1769860094.1011412,2527.0,0.42759649836024033,9.690841141354769,-1.4646165370941162,0.3804091193922142,14.872062124667806,-0.0983419418334961,-0.018656268598665825,0.3615650127651607,0.2704582185930866,0.3989682838824997,0.017677757889032364,-0.07893747091293335
1769860094.1599264,2530.0,0.42954321959217123,9.658104389360963,-1.472503900527954,0.3804091193922142,15.861809963378727,-0.09092247486114502,-0.020352251596473754,0.3599183780189514,0.2517832984982807,0.4118959191961559,0.017849575728178024,-0.07575709372758865
1769860094.2204149,2530.0,0.42954321959217123,9.658104389360963,-1.481597661972046,0.3804091193922142,16.628723718543302,-0.08182871341705322,-0.020352251596473754,0.35979591025941854,0.2344973654185898,0.400702402592061,0.016670849174261093,-0.0703527182340622
1769860094.2774882,2531.0,0.42987725499521945,9.645186399438412,-1.481597661972046,0.3804091193922142,16.628723718543302,-0.08200442790985107,-0.0205922234239462,0.35979386471997227,0.2356240316920977,0.40122838541618433,0.01574624516069889,-0.06585540622472763
1769860094.350314,2532.0,0.4298160842586867,9.633123804804919,-1.4959009885787964,0.3804091193922142,16.998014258616752,-0.06788671016693115,-0.020446004100191064,0.35979873886391756,0.20819940115873917,0.39916808112096863,0.015385754406452179,-0.06289219856262207
1769860094.4096694,2533.0,0.4294080542877632,9.622261370159418,-1.5071882009506226,0.3804091193922142,17.38697942468901,-0.05679488182067871,-0.019963841129222747,0.35979514043313743,0.18500788175730618,0.4055619865383877,0.015385754406452179,-0.06289219856262207
1769860094.4694943,2533.0,0.4294080542877632,9.622261370159418,-1.5201539993286133,0.3793273858967774,17.185515584154583,-0.04382908344268799,-0.019963841129222747,0.362729880268467,0.15980855409272945,0.39992651102243026,0.013641411438584328,-0.05726458877325058
1769860094.5290082,2535.0,0.4287864748106166,9.611695082255324,-1.5201539993286133,0.3793273858967774,17.185515584154583,-0.04424941539764404,-0.01927250351025921,0.363014026824295,0.15803607782412935,0.4001475096323957,0.01317720115184784,-0.05436820164322853
1769860094.5961134,2536.0,0.4279854349622007,9.601198297199673,-1.5298126935958862,0.3791531440594695,16.69792186401453,-0.03481566905975342,-0.01840458191718375,0.36347366285748195,0.13648710471062622,0.39975273839602427,0.00983833521604538,-0.04019125923514366
1769860094.6530461,2537.0,0.42688294325706283,9.589336831484609,-1.5456788539886475,0.3791531440594695,16.078226614654923,-0.019184350967407227,-0.017229557240132618,0.36351170916990305,0.101519362717234,0.40077254965432896,0.00983833521604538,-0.04019125923514366
1769860094.7537003,2537.0,0.42688294325706283,9.589336831484609,-1.5456788539886475,0.3791531440594695,15.496114460010512,-0.019184350967407227,-0.017229557240132618,0.3634923854641093,0.10139437673060339,0.3988301416285564,0.009147856384515762,-0.0359392948448658
1769860094.8470542,2539.0,0.42444563609418695,9.567505760477342,-1.5696793794631958,0.3791531440594695,14.426120355834081,0.004316926002502441,-0.014667737135381454,0.3634987853569824,0.04567257600580774,0.41487458100101104,0.008878028020262718,-0.03312422335147858
1769860094.9174283,2539.0,0.42444563609418695,9.567505760477342,-1.5814684629440308,0.3787236609512368,13.435709345422216,0.016106009483337402,-0.014667737135381454,0.3646362185350539,0.022074104976637778,0.4032190229572078,0.008007382974028587,-0.026686325669288635
1769860094.984062,2540.0,0.42300645678770393,9.556184252498817,-1.5814684629440308,0.37850058682479715,13.500262567813952,0.01584172248840332,-0.013168854526003766,0.36535581851067805,0.017055426954635654,0.3998462208013098,0.005532091483473778,-0.01406925916671753
1769860095.0666645,2541.0,0.4213115762767523,9.543463191437779,-1.5977308750152588,0.37850058682479715,11.928946983546895,0.031829833984375,-0.011411091148864922,0.36540306328140604,-0.02119494496484562,0.40178702762637075,0.0029912572354078293,-0.003973100334405899
1769860095.1199467,2543.0,0.41948510522012034,9.530459860596102,-1.6128236055374146,0.37850058682479715,11.928946983546895,0.046344637870788574,-0.009525146301716456,0.3653844634396952,-0.056989373785457716,0.4076901108910551,-0.00047625601291656494,0.006551239639520645
1769860095.194683,2544.0,0.4173319740885181,9.515937056058851,-1.6262145042419434,0.37850058682479715,9.156355679601516,0.05943167209625244,-0.007311624177620021,0.36537262327022707,-0.0910443966497175,0.39671632381162275,-0.0008024424314498901,0.010821349918842316
1769860095.2661245,2546.0,0.4149947279336247,9.500640521745137,-1.6376922130584717,0.37850058682479715,9.054800270123634,0.07017219066619873,-0.004918799866816589,0.36535116425722663,-0.12096220404905103,0.4048140684187589,-0.0008024424314498901,0.010821349918842316
1769860095.330422,2546.0,0.4149947279336247,9.500640521745137,-1.646156668663025,0.37850058682479715,7.820135057879019,0.07863664627075195,-0.004918799866816589,0.3653583212675185,-0.13753193394208765,0.4003333890352451,-0.005114773288369179,0.026576615869998932
1769860095.3918314,2547.0,0.41262200292505347,9.485222597227793,-1.646156668663025,0.37850058682479715,5.816631022555269,0.07828855514526367,-0.0024985372662043154,0.3653519380927893,-0.1456181401838059,0.399381715433421,-0.0055384207516908646,0.03130485117435455
1769860095.4527853,2549.0,0.41039365492901386,9.47103962978233,-1.6538009643554688,0.37850058682479715,5.816631022555269,0.08527755737304688,-0.00023355073837470758,0.3653573637717649,-0.16749376143675246,0.4000270601478404,-0.006264187395572662,0.03533099591732025
1769860095.5188622,2550.0,0.4082796750505547,9.457557884998561,-1.6590882539749146,0.37850058682479715,2.6168458446232545,0.09025776386260986,0.0019093219837868032,0.36536374679306755,-0.18486229305794902,0.39991009972504465,-0.006264187395572662,0.03533099591732025
1769860095.5867274,2550.0,0.4082796750505547,9.457557884998561,-1.6653556823730469,0.37850058682479715,1.2647530516900714,0.09652519226074219,0.0019093219837868032,0.36538165393149735,-0.19696278108775572,0.4008696619077024,-0.006898995488882065,0.04102882742881775
1769860095.6490295,2551.0,0.4063064436647136,9.44428607772287,-1.6669305562973022,0.37887643599745785,0.9772039822942855,0.09780657291412354,0.003905677579221812,0.3643513289582714,-0.20656185174660066,0.40127364496116463,-0.0077691636979579926,0.04408919811248779
1769860095.6955574,2553.0,0.40453631487752706,9.431609089945479,-1.6669305562973022,0.37887643599745785,0.9772039822942855,0.0972604751586914,0.005693261617024159,0.3642597180238854,-0.21187729493411936,0.40071158935894985,-0.009050915017724037,0.04783870279788971
1769860095.7488256,2554.0,0.40294687411852265,9.41955196809487,-1.6677875518798828,0.37887643599745785,-3.265250595000219,0.09786486625671387,0.007295363226641515,0.364272283114197,-0.21874575971556495,0.39486573586948814,-0.009050915017724037,0.04783870279788971
1769860095.7991908,2554.0,0.40294687411852265,9.41955196809487,-1.668249249458313,0.380480314567071,-5.216459676343825,0.09832656383514404,0.007295363226641515,0.35993440140589855,-0.21962625253482584,0.39878243323215623,-0.01054426096379757,0.052270203828811646
1769860095.872315,2555.0,0.4015191137186701,9.407935775806033,-1.668249249458313,0.380480314567071,-5.216459676343825,0.09808766841888428,0.00873191466328293,0.35948894256648184,-0.22427518825654622,0.39651961029886906,-0.011144381016492844,0.05423310399055481
1769860095.9277475,2556.0,0.4002490619235486,9.395051937231816,-1.6640434265136719,0.3819601110856354,-7.879999363153657,0.09365665912628174,0.010008069867545707,0.3554842358987972,-0.2203263928904932,0.4069573000274764,-0.011348271742463112,0.05515608936548233
1769860095.9922214,2556.0,0.4002490619235486,9.395051937231816,-1.6587377786636353,0.3819601110856354,-8.343304853076456,0.08835101127624512,0.010008069867545707,0.35535417137148584,-0.2168399856070126,0.40028231498425537,-0.011348271742463112,0.05515608936548233
1769860096.0598612,2558.0,0.39925755824005693,9.381283101558349,-1.6587377786636353,0.3819601110856354,-9.59668562509698,0.08794140815734863,0.011002176589252753,0.3551012109965477,-0.21290176054470522,0.40306898393714025,-0.012383123859763145,0.05579264461994171
1769860096.1133916,2559.0,0.3984777785392591,9.367604017158461,-1.6499309539794922,0.3819601110856354,-9.59668562509698,0.07895028591156006,0.011780878697715061,0.3551163451546687,-0.19840809727830497,0.4037928494117901,-0.010764937847852707,0.052547164261341095
1769860096.187235,2561.0,0.3979155226494548,9.353690525720124,-1.6434539556503296,0.3819601110856354,-11.285136077487552,0.07214570045471191,0.01233865459387563,0.3551216709560786,-0.18724366554232902,0.3999035471080076,-0.01028526946902275,0.04960854351520538
1769860096.2396204,2562.0,0.39760228619748395,9.338335516994288,-1.6355658769607544,0.3819601110856354,-11.835122313487231,0.06411433219909668,0.01264342682849295,0.35512602407104105,-0.17277567664919952,0.4071508101402676,-0.01028526946902275,0.04960854351520538
1769860096.340429,2562.0,0.39760228619748395,9.338335516994288,-1.6355658769607544,0.3819601110856354,-12.139674774373617,0.06411433219909668,0.01264342682849295,0.3551285010907046,-0.1727477625652055,0.39943076054620286,-0.010841509327292442,0.049576930701732635
1769860096.4070513,2564.0,0.39774712629993514,9.314084906620268,-1.620468258857727,0.3819601110856354,-12.533208818084695,0.048770904541015625,0.01247887290859909,0.3551299653272007,-0.1423363836265402,0.41686717822366504,-0.00980370119214058,0.04710260406136513
1769860096.475752,2564.0,0.39774712629993514,9.314084906620268,-1.6122161149978638,0.3819601110856354,-12.583657340519919,0.040518760681152344,0.01247887290859909,0.3551248003799183,-0.12607037201767968,0.4020939061160249,-0.008591679856181145,0.03942519426345825
1769860096.5599291,2566.0,0.3981080888298211,9.302926658446582,-1.6122161149978638,0.3819601110856354,-12.850021736602102,0.04032766819000244,0.012106687446137548,0.35512433948852895,-0.12430749696025181,0.4054914471375787,-0.007682716473937035,0.03186313062906265
1769860096.6397727,2567.0,0.3986498015335395,9.291840426738828,-1.589516282081604,0.3819601110856354,-12.623772427966447,0.017552733421325684,0.011552743182576193,0.3551229733005845,-0.07754896633000366,0.4109336408320263,-0.007154801860451698,0.02782457321882248
1769860096.7022426,2568.0,0.39944165097171647,9.280200125776652,-1.589516282081604,0.3819992543406829,-12.424016004959338,0.01749134063720703,0.010747095140306332,0.3550087740328722,-0.07428568498947621,0.4073397451226881,-0.00700870156288147,0.024277880787849426
1769860096.7518795,2569.0,0.400495044319823,9.267021717609008,-1.574395775794983,0.3819992543406829,-12.424016004959338,0.0023230314254760742,0.009677168176895682,0.3549935949981056,-0.04033429274063919,0.4032418889805658,-0.005462294444441795,0.01816803216934204
1769860096.8209386,2569.0,0.400495044319823,9.267021717609008,-1.5640597343444824,0.3819992543406829,-11.36794659526795,-0.008013010025024414,0.009677168176895682,0.35498065246120125,-0.019762088326948944,0.39875966048422934,-0.005462294444441795,0.01816803216934204
1769860096.8996825,2571.0,0.4017597870525548,9.253052752144578,-1.553475022315979,0.3819992543406829,-10.728271776134614,-0.01865231990814209,0.008394178364600206,0.35498331915588427,0.006116348718223839,0.40539564829482944,-0.0042229220271110535,0.01169910654425621
1769860096.9630556,2572.0,0.4030666847432506,9.239667902757883,-1.5463792085647583,0.3819992543406829,-9.89931707451614,-0.025754928588867188,0.007069438708179702,0.3549732463035492,0.02512370218987824,0.4091306504674281,-0.003125261515378952,0.007152784615755081
1769860097.02564,2573.0,0.4044307933529526,9.22665918666953,-1.5463792085647583,0.3819992543406829,-9.89931707451614,-0.025748133659362793,0.005687970340862004,0.3549647425679496,0.03020055024542765,0.40254247118325953,-0.0013582762330770493,0.0006577186286449432
1769860097.0940213,2574.0,0.40579388251159454,9.21456746396196,-1.5367889404296875,0.3819992543406829,-8.155274052955747,-0.03531789779663086,0.004308995259668585,0.354957926542324,0.054285761361114834,0.4034602966375203,0.000395849347114563,-0.004375442862510681
1769860097.1527202,2574.0,0.40579388251159454,9.21456746396196,-1.53103768825531,0.3822205398345815,-7.223300238257238,-0.0410691499710083,0.004308995259668585,0.35434813866604886,0.06567342569736898,0.4048075403507724,0.000395849347114563,-0.004375442862510681
1769860097.2038758,2576.0,0.407062292682505,9.203761106135508,-1.53103768825531,0.3822205398345815,-7.223300238257238,-0.040987253189086914,0.003026794206848649,0.35428888463346797,0.07021747360519003,0.40211595810711104,0.0014097578823566437,-0.009537044912576675
1769860097.2547162,2577.0,0.40823042266322107,9.193798846618483,-1.5266773700714111,0.3822205398345815,-4.443228476311335,-0.04528617858886719,0.001846446085034293,0.35428590375302904,0.08306298255524151,0.39940832695432144,0.0014097578823566437,-0.009537044912576675
1769860097.3288538,2577.0,0.40823042266322107,9.193798846618483,-1.5221002101898193,0.3822205398345815,-4.256256228135318,-0.049863338470458984,0.001846446085034293,0.35428451852725246,0.09210252755209439,0.3994793818173186,0.002375304698944092,-0.011227313429117203
1769860097.38138,2578.0,0.409421925787037,9.183447147904355,-1.5183433294296265,0.3822205398345815,-2.31098474368378,-0.05354511737823486,0.0006428998374804595,0.3542826099294482,0.10377546641349629,0.40617714373014563,0.003151925280690193,-0.014711171388626099
1769860097.4415271,2579.0,0.4105930792784873,9.172553976254218,-1.5183433294296265,0.3822205398345815,-2.31098474368378,-0.05345642566680908,-0.0005400433249512374,0.3542805038759774,0.10791613324989624,0.3999243276213946,0.003818335011601448,-0.01875026896595955
1769860097.5295675,2580.0,0.4115933582689454,9.162657542966306,-1.515600323677063,0.3827263821958452,0.35044096758447685,-0.05609703063964844,-0.001550101444379244,0.3529007546049949,0.1168069395711534,0.40303067177572116,0.004910143092274666,-0.02306760847568512
1769860097.6057086,2581.0,0.41258655407389055,9.151390118742773,-1.5135730504989624,0.3830055481424384,1.4394821012236072,-0.05800819396972656,-0.002553176648115989,0.3520067636039682,0.12421896214384111,0.41310355382616837,0.00516483373939991,-0.02462790161371231
1769860097.6812181,2582.0,0.41355100088584723,9.138379883818319,-1.5142598152160645,0.38345856705611714,1.7303640680357868,-0.05719172954559326,-0.0035271223665349263,0.35070374936811427,0.12615873833940836,0.4092055807985464,0.00516483373939991,-0.02462790161371231
1769860097.7684267,2582.0,0.41355100088584723,9.138379883818319,-1.515735149383545,0.38345856705611714,3.1103450136462394,-0.05571639537811279,-0.0035271223665349263,0.35062544889377645,0.12413101229384116,0.4085809739626991,0.0054323431104421616,-0.026116997003555298
1769860097.8446794,2583.0,0.41442614747800854,9.124599114107088,-1.5173498392105103,0.3836736526726211,3.7628101186252474,-0.05395841598510742,-0.004409778727541079,0.350004425552982,0.12302352898943282,0.41009515221969434,0.006070580333471298,-0.028439488261938095
1769860097.926483,2585.0,0.4152056523400919,9.109928531775926,-1.5173498392105103,0.3838707637304424,4.0231648856486455,-0.053630828857421875,-0.00519399745761252,0.34941832549157714,0.12523627069540277,0.4076828880376538,0.005831073969602585,-0.027814146131277084
1769860098.0005813,2587.0,0.415909482660714,9.093351113727376,-1.5216213464736938,0.3841540398890465,5.27708611122239,-0.04897153377532959,-0.0058985245620713994,0.34860483481731747,0.11864992767456478,0.41140134280342655,0.00557154044508934,-0.02679092437028885
1769860098.0542028,2588.0,0.4164474694187213,9.0761692410277,-1.5273133516311646,0.3841540398890465,5.27708611122239,-0.0430910587310791,-0.006431546023258419,0.34853690570643325,0.10902659351811221,0.4091523131052145,0.00557154044508934,-0.02679092437028885
1769860098.1175091,2588.0,0.4164474694187213,9.0761692410277,-1.5312222242355347,0.3850499629659988,5.945896242494963,-0.039182186126708984,-0.006431546023258419,0.34609509927330817,0.10132064805953041,0.40252592109280455,0.006488557904958725,-0.026508528739213943
1769860098.189097,2590.0,0.4168074457249423,9.058295684473034,-1.5312222242355347,0.3857834770167886,6.183138976590467,-0.03885054588317871,-0.006780837649969884,0.3438559851703247,0.1019350858361473,0.40569846074652666,0.005936585366725922,-0.024928823113441467
1769860098.2531047,2592.0,0.41700532802767915,9.039608876269817,-1.5377140045166016,0.3857834770167886,6.183138976590467,-0.03208744525909424,-0.006962457217603169,0.3436760483145205,0.08926017633722011,0.4091315155917181,0.006318008527159691,-0.022606246173381805
1769860098.3404014,2594.0,0.41697271347940407,9.019639151948434,-1.5472487211227417,0.3858322008794727,7.11722226633744,-0.02234172821044922,-0.006907811472149331,0.343548234115232,0.06979274245437236,0.4050862987811111,0.005361715331673622,-0.020036686211824417
1769860098.400366,2596.0,0.4168046991459489,9.001554782431379,-1.5524466037750244,0.38620449343941754,7.228363255543386,-0.016993045806884766,-0.006716684357575633,0.3425150256694096,0.058472497160639805,0.4082418677790392,0.005361715331673622,-0.020036686211824417
1769860098.4789076,2596.0,0.4168046991459489,9.001554782431379,-1.5598992109298706,0.38620449343941754,7.112183111123634,-0.009540438652038574,-0.006716684357575633,0.34241878436273165,0.04369424713755175,0.4047914894922111,0.004348551854491234,-0.0149184949696064
1769860098.5510924,2598.0,0.4163979507907166,8.983512328262291,-1.5708497762680054,0.38620449343941754,7.048728991899834,0.0015004873275756836,-0.006284804523005745,0.3424215881832606,0.020182602094606025,0.4089446516247398,0.0033897068351507187,-0.01055140420794487
1769860098.612461,2599.0,0.4157295125259294,8.96519022660753,-1.5708497762680054,0.38620449343941754,7.048728991899834,0.001523137092590332,-0.005589643363832157,0.3424180843288399,0.017557813489114296,0.4055130571393264,0.0038100816309452057,-0.00953490287065506
1769860098.6841471,2601.0,0.4148953539490362,8.947209995797193,-1.5787749290466309,0.3865464735735379,6.798140095285028,0.00944828987121582,-0.0047289770969617334,0.3414777944409914,-0.0013637000837026791,0.40684184332008655,0.0016961172223091125,-0.004582319408655167
1769860098.7670715,2601.0,0.4148953539490362,8.947209995797193,-1.583958387374878,0.38657964829694924,6.246763663276208,0.01463174819946289,-0.0047289770969617334,0.34129543908345994,-0.011667695356804371,0.41010226443048853,0.0016961172223091125,-0.004582319408655167
1769860098.8285344,2603.0,0.4140313531792854,8.931770198863536,-1.5904948711395264,0.3867020762363259,5.805245511341466,0.021107912063598633,-0.0038426633618682277,0.3409536543193174,-0.02780547025318713,0.4140846694782013,0.0003255978226661682,0.00016668811440467834
1769860098.8968701,2604.0,0.4130077817716991,8.915165672706156,-1.5958051681518555,0.3869000586148764,5.840450202715017,0.02636551856994629,-0.002796230845756865,0.340376031316081,-0.04210116183313893,0.4069484904368367,0.00033352524042129517,0.0018538758158683777
1769860098.9621856,2606.0,0.4119474043279235,8.899388406632394,-1.5958051681518555,0.3869000586148764,5.840450202715017,0.02621471881866455,-0.0017158368760731618,0.3403223963696342,-0.045777106033952394,0.4080335700051893,-0.0007886067032814026,0.0044305212795734406
1769860099.027841,2607.0,0.4109707251807645,8.885825680196607,-1.6012862920761108,0.3870167401173025,3.998829583279059,0.03159785270690918,-0.0007237405523055995,0.3400004378136996,-0.06010972189520227,0.40838828005015365,-0.0020936988294124603,0.0078294537961483
1769860099.104862,2609.0,0.41010370955952824,8.87425614654104,-1.603689432144165,0.3870170081371521,3.3502273048953506,0.03375983238220215,0.00015481873313561627,0.3399677596441088,-0.06761811686293945,0.40847549198952454,-0.0020936988294124603,0.0078294537961483
1769860099.1535852,2609.0,0.41010370955952824,8.87425614654104,-1.6076536178588867,0.3872093691150936,2.503495949983294,0.03772401809692383,0.00015481873313561627,0.33944239705105794,-0.07546598759645982,0.4109707998246869,-0.0021946150809526443,0.010189440101385117
1769860099.2392967,2610.0,0.4091654564862746,8.861497238012348,-1.6076536178588867,0.3872093691150936,1.0059886104041154,0.03758084774017334,0.0011037891302143035,0.33939095374653433,-0.07866345986166781,0.40277175209432026,-0.002318374812602997,0.01079075038433075
1769860099.3184962,2611.0,0.408277278765647,8.84918575443788,-1.6107064485549927,0.38745376946456334,1.0059886104041154,0.04047536849975586,0.002000021193332744,0.3387209334261985,-0.08767733007747912,0.4143834429798912,-0.0028794854879379272,0.012491989880800247
1769860099.3943713,2612.0,0.4074938479969005,8.83779459520933,-1.6122759580612183,0.3880941514378398,-0.07813425931780071,0.04187154769897461,0.0027886552653162825,0.3369034501435887,-0.09332195306290153,0.4137024198769367,-0.004610007628798485,0.019398290663957596
1769860099.440359,2613.0,0.4067405012281031,8.82539263060315,-1.6130964756011963,0.38874815865875945,-0.6685097005892776,0.04250359535217285,0.0035449400484986295,0.3349507052258871,-0.09733796196795133,0.412879871347173,-0.004610007628798485,0.019398290663957596
1769860099.5000877,2613.0,0.4067405012281031,8.82539263060315,-1.6130964756011963,0.38896293557245576,-2.412218885636125,0.04250359535217285,0.0035449400484986295,0.3342064451616091,-0.09733725122139658,0.40341460353751407,-0.005052678287029266,0.021186158061027527
1769860099.558545,2615.0,0.40599970720680556,8.812038101986717,-1.6128427982330322,0.38896293557245576,-2.412218885636125,0.04182791709899902,0.004285396514646846,0.3341542600866163,-0.09871469228659231,0.4080534403186533,-0.005226870998740196,0.021061953157186508
1769860099.6307812,2616.0,0.4053805252943249,8.798662492994808,-1.6121803522109985,0.38919753090608866,-2.622834974068327,0.0409318208694458,0.004900247543635239,0.33351339082747,-0.09919752139511642,0.4077198592222908,-0.005226870998740196,0.021061953157186508
1769860099.706635,2616.0,0.4053805252943249,8.798662492994808,-1.6092888116836548,0.38937765812567093,-3.4440333723002063,0.03804028034210205,0.004900247543635239,0.33296513951760676,-0.0934943435294854,0.4122402423161618,-0.005841521546244621,0.02183431386947632
1769860099.7725542,2618.0,0.40487159920660876,8.784669070516355,-1.6074388027191162,0.389341938917002,-3.8742327148688123,0.03567779064178467,0.005399972277488193,0.33301922761794983,-0.09065783331071141,0.41378317514501234,-0.00591818243265152,0.02230982482433319
1769860099.8605838,2619.0,0.4044519128849188,8.770684192250883,-1.6074388027191162,0.38916181169741976,-4.3238825860637675,0.03539884090423584,0.00580528279380165,0.3335270473100956,-0.0915916058109401,0.4104445273811699,-0.0056402552872896194,0.02210652083158493
1769860099.9310155,2620.0,0.4041744630647989,8.75544732884863,-1.5972944498062134,0.389341938917002,-4.50708425197032,0.024960637092590332,0.006060689165118281,0.3330802912955398,-0.07191512080949145,0.4150294305115733,-0.005299091339111328,0.019963353872299194
1769860100.002883,2622.0,0.40400949476772574,8.738557789693338,-1.5972944498062134,0.3895297097042062,-5.023540972414985,0.024327516555786133,0.006192816081594928,0.3325251553503133,-0.0711212093952738,0.4118247219725836,-0.004718231037259102,0.018122032284736633
1769860100.0482388,2624.0,0.40399058481459704,8.721433264776326,-1.592158555984497,0.3895297097042062,-5.023540972414985,0.01849818229675293,0.006168679198517794,0.33248954777934664,-0.05949084766950725,0.4107990956535023,-0.004718231037259102,0.018122032284736633
1769860100.1010432,2624.0,0.40399058481459704,8.721433264776326,-1.5884734392166138,0.38996335370815294,-5.577054407168532,0.014813065528869629,0.006168679198517794,0.331297792486482,-0.05218044231051976,0.4041977788909202,-0.004356503486633301,0.01669953763484955
1769860100.1630652,2626.0,0.4040701796697455,8.705056437159493,-1.5884734392166138,0.38996335370815294,-5.577054407168532,0.01405942440032959,0.0060380367684240415,0.3312031254387019,-0.05020029489156321,0.406524994521685,-0.0027068573981523514,0.012082796543836594
1769860100.221494,2626.0,0.4040701796697455,8.705056437159493,-1.5848686695098877,0.39016272356635234,-5.655935243954361,0.010454654693603516,0.0060380367684240415,0.3306554586756353,-0.043050240450459944,0.4074753106638494,-0.0027068573981523514,0.012082796543836594
1769860100.2972088,2627.0,0.4042395440668646,8.688659533335946,-1.5848686695098877,0.39016272356635234,-5.35683129258577,0.010055184364318848,0.005807209059239245,0.33061493876482556,-0.04140418862533177,0.4084621243439475,-0.0037686415016651154,0.011292941868305206
1769860100.4026911,2629.0,0.40448071336714475,8.675003808011471,-1.5812002420425415,0.3905123356150171,-5.194311228504291,0.005744576454162598,0.0055067234959378444,0.32963079451335875,-0.03173630412207053,0.4141545970995098,-0.003724120557308197,0.010611157864332199
1769860100.5070987,2630.0,0.40494610500367934,8.659454781961003,-1.5727458000183105,0.3905123356150171,-5.247812451792774,-0.0029314756393432617,0.004967835153274807,0.32954512596334046,-0.012519382373545693,0.4228175169423226,-0.003323949873447418,0.008995451033115387
1769860100.5791857,2632.0,0.4056033454740472,8.642536071319162,-1.5567388534545898,0.3905123356150171,-4.1204329055573,-0.0193634033203125,0.004224593428958773,0.32954559429371777,0.022878796432473345,0.4185268664928435,-0.0019778069108724594,0.003100816160440445
1769860100.6499557,2634.0,0.40645357121182624,8.623817390827606,-1.5567388534545898,0.39094267646016295,-4.074945132215367,-0.019764065742492676,0.003272245288793674,0.32835847130024554,0.02718752075470284,0.41379293772988596,-0.0030220448970794678,0.002465665340423584
1769860100.6958628,2636.0,0.40743676647261945,8.60395801545905,-1.5503151416778564,0.39094267646016295,-4.074945132215367,-0.02656424045562744,0.002173135793074172,0.3282515369663773,0.044744764627780716,0.41130422282844964,-0.00216708704829216,-0.0006896480917930603
1769860100.7589936,2638.0,0.40851694832373375,8.583090530124267,-1.5471627712249756,0.3911363181046376,-3.4085744911184546,-0.03006875514984131,0.0009632799736699277,0.32771790138822854,0.05614636158016106,0.40535710339873277,-0.00216708704829216,-0.0006896480917930603
1769860100.7993426,2638.0,0.40851694832373375,8.583090530124267,-1.543389081954956,0.39161671474536763,-3.4085744911184546,-0.03384244441986084,0.0009632799736699277,0.3263430934906571,0.06362299366930525,0.4114396481707691,-0.0007177311927080154,-0.00439787283539772
1769860100.8780863,2640.0,0.4094632337108651,8.566067665570973,-1.543389081954956,0.39161671474536763,-2.8762650275987185,-0.03417026996612549,-9.438086193759935e-05,0.326230896178001,0.06815899425141833,0.4040172570616735,-0.0009711682796478271,-0.007247317582368851
1769860100.968848,2641.0,0.41037802648499017,8.550256680940532,-1.5404592752456665,0.39161671474536763,-2.466597084834731,-0.037254929542541504,-0.0011168343807700545,0.32623159217912046,0.07802352857291703,0.4125683807305881,-0.001343119889497757,-0.010889928787946701
1769860101.0530112,2643.0,0.41133006898184477,8.533791543683964,-1.5358411073684692,0.39245756059077974,-2.37228526239508,-0.04216456413269043,-0.0021850369329825437,0.3239138991762447,0.09165188502349006,0.41622234457828017,0.0017821192741394043,-0.0251871719956398
1769860101.1031346,2644.0,0.4122843812009516,8.517097841238472,-1.5323750972747803,0.39245756059077974,-1.8183562835382785,-0.04576718807220459,-0.003261056356011067,0.3237115209332191,0.10269727888878434,0.4141689718495456,0.0017821192741394043,-0.0251871719956398
1769860101.1661847,2644.0,0.4122843812009516,8.517097841238472,-1.5323750972747803,0.39245756059077974,-0.7173077721146432,-0.04576718807220459,-0.003261056356011067,0.32371638015215204,0.10268881057691462,0.40794017718796544,0.006490379571914673,-0.040159158408641815
1769860101.2280428,2646.0,0.41317150489774707,8.50163824256678,-1.5309131145477295,0.39245756059077974,-0.7173077721146432,-0.04748415946960449,-0.004264174180386725,0.32371597891794557,0.10974452707620276,0.4120790075150631,0.008232295513153076,-0.04288918152451515
1769860101.2839527,2648.0,0.4140263090071918,8.486668295578188,-1.529927372932434,0.39245756059077974,1.5577301946688036,-0.048700571060180664,-0.005234087535700318,0.3237160574714784,0.11565471051287761,0.4117135653436175,0.008232295513153076,-0.04288918152451515
1769860101.3487372,2648.0,0.4140263090071918,8.486668295578188,-1.5295740365982056,0.39239146103716216,2.563686168478089,-0.04905390739440918,-0.005234087535700318,0.3239000465296702,0.11634723697738883,0.4095447179149079,0.0108792744576931,-0.04951288178563118
1769860101.4256105,2649.0,0.4147753531358024,8.472802030090449,-1.5295740365982056,0.3923324689841793,3.2169495535587043,-0.049160122871398926,-0.00609202153682279,0.32407718226446247,0.11968172668709214,0.4122716611786375,0.012676773592829704,-0.05364217609167099
1769860101.505115,2650.0,0.41529471678825347,8.461789774568997,-1.5308319330215454,0.39238719744860606,3.6453290172387462,-0.04800248146057129,-0.006699305754621854,0.32394101927379415,0.11961890391485641,0.41431063785493805,0.014542689546942711,-0.055785421282052994
